Main Category,Sub-Category,Hierarchy Path,Component Role,Constraint Text,Subcategory Max Qty,Table Rule/Note,Product #,Option Type,Description,Current Qty,Unit Price (USD),Price Delta (USD),Extended Price (USD),Price per GB (USD),HPE Recommended,Start Date,Discontinued Date,Diff Status,Previous List Price (USD),Price Change (USD),Price Change (%),Price History Trail
Energy Star,Energy Star,HPE OCA > DL380 Gen12 SFF [P73282-B21] > Energy Star > Energy Star,Hardware Component,max 1,1,,P68503-B21,Standard,ENERGY STAR 4.0 FIO Trigger Configuration Kit for HPE,0,1.00,,NA,,,12/04/2023,05/31/2028,UNCHANGED,N/A,$0.00,0.00%,2026-08-05: $1.00
Processor,Processor,HPE OCA > DL380 Gen12 SFF [P73282-B21] > Processor > Processor,CPU / Processor,max 2,2,,P73834-B21,Standard,Intel Xeon 6767P 2.4GHz 64-core 350W Processor for HPE,0,"22,485.00","+18,243.00","44,970.00",,,02/24/2025,06/30/2029,UNCHANGED,N/A,$0.00,0.00%,2026-08-05: $22485.00
Processor,Processor,HPE OCA > DL380 Gen12 SFF [P73282-B21] > Processor > Processor,CPU / Processor,max 2,2,,P74506-B21,Standard,Intel Xeon 6515P 2.3GHz 16-core 150W Processor for HPE,0,"2,457.00","-1,785.00","4,914.00",,,02/24/2025,06/30/2029,UNCHANGED,N/A,$0.00,0.00%,2026-08-05: $2457.00
Processor,Processor,HPE OCA > DL380 Gen12 SFF [P73282-B21] > Processor > Processor,CPU / Processor,max 2,2,,P74508-B21,Standard,Intel Xeon 6714P 4.0GHz 8-core 165W Processor for HPE,0,"8,941.00","+4,699.00","17,882.00",,,06/02/2025,06/30/2029,UNCHANGED,N/A,$0.00,0.00%,2026-08-05: $8941.00
Processor,Processor,HPE OCA > DL380 Gen12 SFF [P73282-B21] > Processor > Processor,CPU / Processor,max 2,2,,P74509-B21,Standard,Intel Xeon 6724P 3.6GHz 16-core 210W Processor for HPE,0,"11,074.00","+6,832.00","22,148.00",,,06/02/2025,06/30/2029,UNCHANGED,N/A,$0.00,0.00%,2026-08-05: $11074.00
Processor,Processor,HPE OCA > DL380 Gen12 SFF [P73282-B21] > Processor > Processor,CPU / Processor,max 2,2,,P74570-B21,Standard,Intel Xeon 6527P 3.0GHz 24-core 255W Processor for HPE,0,"8,123.00","+3,881.00","16,246.00",,,02/24/2025,06/30/2029,UNCHANGED,N/A,$0.00,0.00%,2026-08-05: $8123.00
Processor,Processor,HPE OCA > DL380 Gen12 SFF [P73282-B21] > Processor > Processor,CPU / Processor,max 2,2,,P74571-B21,Standard,Intel Xeon 6530P 2.3GHz 32-core 225W Processor for HPE,0,"6,830.00","+2,588.00","13,660.00",,,02/24/2025,06/30/2029,UNCHANGED,N/A,$0.00,0.00%,2026-08-05: $6830.00
Processor,Processor,HPE OCA > DL380 Gen12 SFF [P73282-B21] > Processor > Processor,CPU / Processor,max 2,2,,P71118-B21,Standard,Intel Xeon 6731E 2.2GHz 96-core 250W Processor for HPE,0,"7,062.00","+2,820.00","14,124.00",,,02/24/2025,06/30/2029,UNCHANGED,N/A,$0.00,0.00%,2026-08-05: $7062.00
Processor,Processor,HPE OCA > DL380 Gen12 SFF [P73282-B21] > Processor > Processor,CPU / Processor,max 2,2,,P71120-B21,Standard,Intel Xeon 6746E 2.0GHz 112-core 250W Processor for HPE,0,"8,965.00","+4,723.00","17,930.00",,,11/04/2024,06/30/2029,UNCHANGED,N/A,$0.00,0.00%,2026-08-05: $8965.00
Processor,Processor,HPE OCA > DL380 Gen12 SFF [P73282-B21] > Processor > Processor,CPU / Processor,max 2,2,,P71117-B21,Standard,Intel Xeon 6710E 2.4GHz 64-core 205W Processor for HPE,0,"6,096.00","+1,854.00","12,192.00",,,11/04/2024,06/30/2029,UNCHANGED,N/A,$0.00,0.00%,2026-08-05: $6096.00
Processor,Processor,HPE OCA > DL380 Gen12 SFF [P73282-B21] > Processor > Processor,CPU / Processor,max 2,2,,P71119-B21,Standard,Intel Xeon 6740E 2.4GHz 96-core 250W Processor for HPE,0,"8,459.00","+4,217.00","16,918.00",,,11/04/2024,06/30/2029,UNCHANGED,N/A,$0.00,0.00%,2026-08-05: $8459.00
Processor,Processor,HPE OCA > DL380 Gen12 SFF [P73282-B21] > Processor > Processor,CPU / Processor,max 2,2,,P71121-B21,Standard,Intel Xeon 6756E 1.8GHz 128-core 225W Processor for HPE,0,"11,891.00","+7,649.00","23,782.00",,,11/04/2024,06/30/2029,UNCHANGED,N/A,$0.00,0.00%,2026-08-05: $11891.00
Processor,Processor,HPE OCA > DL380 Gen12 SFF [P73282-B21] > Processor > Processor,CPU / Processor,max 2,2,,P71122-B21,Standard,Intel Xeon 6766E 1.9GHz 144-core 250W Processor for HPE,0,"14,473.00","+10,231.00","28,946.00",,,11/04/2024,06/30/2029,UNCHANGED,N/A,$0.00,0.00%,2026-08-05: $14473.00
Processor,Processor,HPE OCA > DL380 Gen12 SFF [P73282-B21] > Processor > Processor,CPU / Processor,max 2,2,,P71124-B21,Standard,Intel Xeon 6780E 2.2GHz 144-core 330W Processor for HPE,0,"16,019.00","+11,777.00","32,038.00",,,02/24/2025,06/30/2029,UNCHANGED,N/A,$0.00,0.00%,2026-08-05: $16019.00
Processor,Processor,HPE OCA > DL380 Gen12 SFF [P73282-B21] > Processor > Processor,CPU / Processor,max 2,2,,P73829-B21,Standard,Intel Xeon 6740P 2.1GHz 48-core 270W Processor for HPE,0,"13,124.00","+8,882.00","26,248.00",,,02/24/2025,06/30/2029,UNCHANGED,N/A,$0.00,0.00%,2026-08-05: $13124.00
Processor,Processor,HPE OCA > DL380 Gen12 SFF [P73282-B21] > Processor > Processor,CPU / Processor,max 2,2,,P73831-B21,Standard,Intel Xeon 6747P 2.7GHz 48-core 330W Processor for HPE,0,"16,595.00","+12,353.00","33,190.00",,,02/24/2025,06/30/2029,UNCHANGED,N/A,$0.00,0.00%,2026-08-05: $16595.00
Processor,Processor,HPE OCA > DL380 Gen12 SFF [P73282-B21] > Processor > Processor,CPU / Processor,max 2,2,,P73832-B21,Standard,Intel Xeon 6760P 2.2GHz 64-core 330W Processor for HPE,0,"16,517.00","+12,275.00","33,034.00",,,02/24/2025,06/30/2029,UNCHANGED,N/A,$0.00,0.00%,2026-08-05: $16517.00
Processor,Processor,HPE OCA > DL380 Gen12 SFF [P73282-B21] > Processor > Processor,CPU / Processor,max 2,2,,P73835-B21,Standard,Intel Xeon 6768P 2.4GHz 64-core 330W Processor for HPE,0,"48,922.00","+44,680.00","97,844.00",,,06/02/2025,06/30/2029,UNCHANGED,N/A,$0.00,0.00%,2026-08-05: $48922.00
Processor,Processor,HPE OCA > DL380 Gen12 SFF [P73282-B21] > Processor > Processor,CPU / Processor,max 2,2,,P73837-B21,Standard,Intel Xeon 6787P 2.0GHz 86-core 350W Processor for HPE,0,"23,285.00","+19,043.00","46,570.00",,,02/24/2025,06/30/2029,UNCHANGED,N/A,$0.00,0.00%,2026-08-05: $23285.00
Processor,Processor,HPE OCA > DL380 Gen12 SFF [P73282-B21] > Processor > Processor,CPU / Processor,max 2,2,,P73838-B21,Standard,Intel Xeon 6788P 2.0GHz 86-core 350W Processor for HPE,0,"58,094.00","+53,852.00","116,188.00",,,06/02/2025,06/30/2029,UNCHANGED,N/A,$0.00,0.00%,2026-08-05: $58094.00
Processor,Processor,HPE OCA > DL380 Gen12 SFF [P73282-B21] > Processor > Processor,CPU / Processor,max 2,2,,P74503-B21,Standard,Intel Xeon 6505P 2.2GHz 12-core 150W Processor for HPE,0,"1,756.00","-2,486.00","3,512.00",,,02/24/2025,06/30/2029,UNCHANGED,N/A,$0.00,0.00%,2026-08-05: $1756.00
Processor,Processor,HPE OCA > DL380 Gen12 SFF [P73282-B21] > Processor > Processor,CPU / Processor,max 2,2,,P74504-B21,Standard,Intel Xeon 6507P 3.5GHz 8-core 150W Processor for HPE,0,"2,293.00","-1,949.00","4,586.00",,,02/24/2025,06/30/2029,UNCHANGED,N/A,$0.00,0.00%,2026-08-05: $2293.00
Processor,Processor,HPE OCA > DL380 Gen12 SFF [P73282-B21] > Processor > Processor,CPU / Processor,max 2,2,,P74507-B21,Standard,Intel Xeon 6517P 3.2GHz 16-core 190W Processor for HPE,0,"3,734.00",-508.00,"7,468.00",,,02/24/2025,06/30/2029,UNCHANGED,N/A,$0.00,0.00%,2026-08-05: $3734.00
Processor,Processor,HPE OCA > DL380 Gen12 SFF [P73282-B21] > Processor > Processor,CPU / Processor,max 2,2,,P74568-B21,Standard,Intel Xeon 6520P 2.4GHz 24-core 210W Processor for HPE,2,"4,242.00",Selected,"8,484.00",,,02/24/2025,06/30/2029,UNCHANGED,N/A,$0.00,0.00%,2026-08-05: $4242.00
Processor,Processor,HPE OCA > DL380 Gen12 SFF [P73282-B21] > Processor > Processor,CPU / Processor,max 2,2,,P74572-B21,Standard,Intel Xeon 6728P 2.7GHz 24-core 210W Processor for HPE,0,"7,493.00","+3,251.00","14,986.00",,,06/02/2025,06/30/2029,UNCHANGED,N/A,$0.00,0.00%,2026-08-05: $7493.00
Processor,Processor,HPE OCA > DL380 Gen12 SFF [P73282-B21] > Processor > Processor,CPU / Processor,max 2,2,,P74573-B21,Standard,Intel Xeon 6730P 2.5GHz 32-core 250W Processor for HPE,0,"10,516.00","+6,274.00","21,032.00",,,02/24/2025,06/30/2029,UNCHANGED,N/A,$0.00,0.00%,2026-08-05: $10516.00
Processor,Processor,HPE OCA > DL380 Gen12 SFF [P73282-B21] > Processor > Processor,CPU / Processor,max 2,2,,P74575-B21,Standard,Intel Xeon 6736P 2.0GHz 36-core 205W Processor for HPE,0,"10,247.00","+6,005.00","20,494.00",,,02/24/2025,06/30/2029,UNCHANGED,N/A,$0.00,0.00%,2026-08-05: $10247.00
Processor,Processor,HPE OCA > DL380 Gen12 SFF [P73282-B21] > Processor > Processor,CPU / Processor,max 2,2,,P74576-B21,Standard,Intel Xeon 6737P 2.9GHz 32-core 270W Processor for HPE,0,"14,682.00","+10,440.00","29,364.00",,,02/24/2025,06/30/2029,UNCHANGED,N/A,$0.00,0.00%,2026-08-05: $14682.00
Processor,Processor,HPE OCA > DL380 Gen12 SFF [P73282-B21] > Processor > Processor,CPU / Processor,max 2,2,,P74577-B21,Standard,Intel Xeon 6738P 2.9GHz 32-core 270W Processor for HPE,0,"17,305.00","+13,063.00","34,610.00",,,06/02/2025,06/30/2029,UNCHANGED,N/A,$0.00,0.00%,2026-08-05: $17305.00
Processor,Processor,HPE OCA > DL380 Gen12 SFF [P73282-B21] > Processor > Processor,CPU / Processor,max 2,2,,P74578-B21,Standard,Intel Xeon 6732P 3.8GHz 32-core 350W Processor for HPE,0,"13,581.00","+9,339.00","27,162.00",,,03/02/2026,06/30/2029,UNCHANGED,N/A,$0.00,0.00%,2026-08-05: $13581.00
Processor,Processor,HPE OCA > DL380 Gen12 SFF [P73282-B21] > Processor > Processor,CPU / Processor,max 2,2,,P74579-B21,Standard,Intel Xeon 6748P 2.5GHz 48-core 300W Processor for HPE,0,"38,913.00","+34,671.00","77,826.00",,,06/02/2025,06/30/2029,UNCHANGED,N/A,$0.00,0.00%,2026-08-05: $38913.00
Processor,Processor,HPE OCA > DL380 Gen12 SFF [P73282-B21] > Processor > Processor,CPU / Processor,max 2,2,,P81591-B21,Standard,Intel Xeon 6745P 3.1GHz 32-core 300W Processor for HPE,0,"14,818.00","+10,576.00","29,636.00",,,07/07/2025,06/30/2029,UNCHANGED,N/A,$0.00,0.00%,2026-08-05: $14818.00
Processor,Processor,HPE OCA > DL380 Gen12 SFF [P73282-B21] > Processor > Processor,CPU / Processor,max 2,2,,P87302-B21,Standard,Intel Xeon 6725P 3.7GHz 16-core 235W Processor for HPE,0,"12,209.00","+7,967.00","24,418.00",,,01/05/2026,06/30/2029,UNCHANGED,N/A,$0.00,0.00%,2026-08-05: $12209.00
Processor,Heatsink Kit,HPE OCA > DL380 Gen12 SFF [P73282-B21] > Processor > Heatsink Kit,Power & Thermal,max 2,2,,P74792-B21,Standard,HPE ProLiant Compute DL380 Gen12 Performance Heat Sink Kit,2,316.00,,632.00,,,02/24/2025,06/30/2029,UNCHANGED,N/A,$0.00,0.00%,2026-08-05: $316.00
Processor,Heatsink Kit,HPE OCA > DL380 Gen12 SFF [P73282-B21] > Processor > Heatsink Kit,Power & Thermal,max 2,2,Mixing of Heat sink is not allowed.,P49145-B21,Standard,HPE ProLiant DL380 Gen11 Standard Heat Sink Kit,0,133.00,,NA,,,04/03/2023,05/31/2028,UNCHANGED,N/A,$0.00,0.00%,2026-08-05: $133.00
Processor,Heatsink Kit,HPE OCA > DL380 Gen12 SFF [P73282-B21] > Processor > Heatsink Kit,CPU / Processor,max 2,2,Mixing of Heat sink is not allowed.,P74204-B21,Standard,HPE ProLiant Compute DL380 Gen12 Cold Plate Module FIO Kit from PCIe NS204-u,0,"2,027.00",,NA,,,02/24/2025,06/30/2029,UNCHANGED,N/A,$0.00,0.00%,2026-08-05: $2027.00
Processor,Heatsink Kit,HPE OCA > DL380 Gen12 SFF [P73282-B21] > Processor > Heatsink Kit,CPU / Processor,max 2,2,Mixing of Heat sink is not allowed.,P74208-B21,Standard,HPE ProLiant Compute DL3XX Gen12 Cold Plate Module FIO Kit from PCIe,0,"1,996.00",,NA,,,02/24/2025,02/28/2028,UNCHANGED,N/A,$0.00,0.00%,2026-08-05: $1996.00
Processor,Heatsink Kit,HPE OCA > DL380 Gen12 SFF [P73282-B21] > Processor > Heatsink Kit,Power & Thermal,max 2,2,Mixing of Heat sink is not allowed.,P74787-B21,Standard,HPE ProLiant Compute DL3XX Gen12 High Performance Heat Sink Kit,0,293.00,,NA,,,02/24/2025,02/28/2028,UNCHANGED,N/A,$0.00,0.00%,2026-08-05: $293.00
Processor,Heatsink Kit,HPE OCA > DL380 Gen12 SFF [P73282-B21] > Processor > Heatsink Kit,Power & Thermal,max 2,2,Mixing of Heat sink is not allowed.,P74794-B21,Standard,HPE ProLiant Compute DL380 Gen12 Max Performance Heat Sink Kit,0,624.00,,NA,,,02/24/2025,06/30/2029,UNCHANGED,N/A,$0.00,0.00%,2026-08-05: $624.00
Memory,Memory,HPE OCA > DL380 Gen12 SFF [P73282-B21] > Memory > Memory,Memory,max 32,32,,P69727-F21,Standard,HPE 32GB (1x32GB) Dual Rank x8 DDR5-6400 CAS-52-52-52 EC8 Registered Smart FIO Memory Kit,2,"13,909.00",,"27,818.00",434.66,,04/06/2026,03/31/2028,UNCHANGED,N/A,$0.00,0.00%,2026-08-05: $13909.00
Memory,Memory,HPE OCA > DL380 Gen12 SFF [P73282-B21] > Memory > Memory,Memory,max 32,32,These products are hidden due to Supply constraints,P69726-B21,Standard,HPE 16GB (1x16GB) Single Rank x8 DDR5-6400 CAS-52-52-52 EC8 Registered Smart Memory Kit,0,"7,439.00",,NA,464.94,,02/24/2025,11/30/2027,UNCHANGED,N/A,$0.00,0.00%,2026-08-05: $7439.00
Memory,Memory,HPE OCA > DL380 Gen12 SFF [P73282-B21] > Memory > Memory,Memory,max 32,32,These products are hidden due to Supply constraints,P69726-F21,Standard,HPE 16GB (1x16GB) Single Rank x8 DDR5-6400 CAS-52-52-52 EC8 Registered Smart FIO Memory Kit,0,"7,439.00",,NA,464.94,,04/06/2026,11/30/2027,UNCHANGED,N/A,$0.00,0.00%,2026-08-05: $7439.00
Memory,Memory Blank Kit,HPE OCA > DL380 Gen12 SFF [P73282-B21] > Memory > Memory Blank Kit,Memory,max 1,1,Mixing of x4 and x8 memory is not allowed,P69728-F21,Standard,HPE 64GB (1x64GB) Dual Rank x4 DDR5-6400 CAS-52-52-52 EC8 Registered Smart FIO Memory Kit,0,"28,532.00",,NA,445.81,,04/06/2026,03/31/2028,UNCHANGED,N/A,$0.00,0.00%,2026-08-05: $28532.00
Smart Chassis,Top Selling Smart Chassis Combinations,HPE OCA > DL380 Gen12 SFF [P73282-B21] > Smart Chassis > Top Selling Smart Chassis Combinations,Memory,Unlimited,Unlimited,96GB Memory cannot be mixed with any other Memory.,P69729-F21,Standard,HPE 96GB (1x96GB) Dual Rank x4 DDR5-6400 CAS-52-52-52 EC8 Registered Smart FIO Memory Kit,0,"47,056.00",,NA,490.17,,04/06/2026,03/31/2028,UNCHANGED,N/A,$0.00,0.00%,2026-08-05: $47056.00
Smart Chassis,Top Selling Smart Chassis Combinations,HPE OCA > DL380 Gen12 SFF [P73282-B21] > Smart Chassis > Top Selling Smart Chassis Combinations,Memory,Unlimited,Unlimited,128GB Memory cannot be mixed with any other Memory.,P69730-F21,Standard,HPE 128GB (1x128GB) Dual Rank x4 DDR5-6400 CAS-52-52-52 EC8 Registered Smart FIO Memory Kit,0,"60,190.00",,NA,470.23,,04/06/2026,03/31/2028,UNCHANGED,N/A,$0.00,0.00%,2026-08-05: $60190.00
Smart Chassis,Drive Cage,HPE OCA > DL380 Gen12 SFF [P73282-B21] > Smart Chassis > Drive Cage,Memory,max 9,9,Mixing of 3DS and non 3DS memory is not allowed.,P73447-F21,Standard,HPE 256GB (1x256GB) Quad Rank x4 DDR5-6400 CAS-60-52-52 EC8 Registered 3DS Smart FIO Memory Kit,0,"133,186.00",,NA,520.26,,04/06/2026,03/31/2028,UNCHANGED,N/A,$0.00,0.00%,2026-08-05: $133186.00
Memory,Memory Blank Kit,HPE OCA > DL380 Gen12 SFF [P73282-B21] > Memory > Memory Blank Kit,Memory,max 1,1,,P07818-B21,Standard,HPE DDR4 DIMM Blank Kit,0,129.00,,NA,,,10/01/2018,05/31/2028,UNCHANGED,N/A,$0.00,0.00%,2026-08-05: $129.00
Smart Chassis,Drive Cage,HPE OCA > DL380 Gen12 SFF [P73282-B21] > Smart Chassis > Drive Cage,Enablement / Cage,max 9,9,,P74734-B21,Standard,HPE ProLiant Compute DL380 Gen12 2SFF Rear Primary/Secondary Riser Cage Kit,0,233.00,,NA,,,02/24/2025,06/30/2029,UNCHANGED,N/A,$0.00,0.00%,2026-08-05: $233.00
Smart Chassis,Drive Cage,HPE OCA > DL380 Gen12 SFF [P73282-B21] > Smart Chassis > Drive Cage,Enablement / Cage,max 9,9,,P74743-B21,Standard,HPE ProLiant Compute DL3XX Gen12 Rear 2SFF U.3 HDD Stacking Drive Cage Kit,0,198.00,,NA,,,02/24/2025,02/28/2028,UNCHANGED,N/A,$0.00,0.00%,2026-08-05: $198.00
Smart Chassis,Drive Cage,HPE OCA > DL380 Gen12 SFF [P73282-B21] > Smart Chassis > Drive Cage,Enablement / Cage,max 9,9,,P74749-B21,Standard,HPE ProLiant Compute DL3XX Gen12 SFF Universal Media Bay Kit,0,152.00,,NA,,,02/24/2025,02/28/2028,UNCHANGED,N/A,$0.00,0.00%,2026-08-05: $152.00
Smart Chassis,Drive Cage,HPE OCA > DL380 Gen12 SFF [P73282-B21] > Smart Chassis > Drive Cage,Enablement / Cage,max 9,9,,P75740-B21,Standard,HPE ProLiant Compute DL3XX Gen12 8SFF x1 U.3 Tri-Mode Drive Cage Kit,0,260.00,,NA,,,02/24/2025,02/28/2028,UNCHANGED,N/A,$0.00,0.00%,2026-08-05: $260.00
Smart Chassis,Drive Cage,HPE OCA > DL380 Gen12 SFF [P73282-B21] > Smart Chassis > Drive Cage,Enablement / Cage,max 9,9,,P75741-B21,Standard,HPE ProLiant Compute DL3XX Gen12 8SFF x4 U.3 Tri-Mode Drive Cage Kit,0,355.00,,NA,,,02/24/2025,02/28/2028,UNCHANGED,N/A,$0.00,0.00%,2026-08-05: $355.00
Smart Chassis,Drive Cage,HPE OCA > DL380 Gen12 SFF [P73282-B21] > Smart Chassis > Drive Cage,Enablement / Cage,max 9,9,,P75807-B21,Standard,HPE ProLiant Compute DL3XX Gen12 Front SFF for 2SFF Enablement U.3 HDD Front Cage Kit,0,179.00,,NA,,,02/24/2025,02/28/2028,UNCHANGED,N/A,$0.00,0.00%,2026-08-05: $179.00
Smart Chassis,Drive Cage,HPE OCA > DL380 Gen12 SFF [P73282-B21] > Smart Chassis > Drive Cage,Enablement / Cage,max 9,9,,P76449-B21,Standard,HPE ProLiant Compute DL3XX Gen12 Multipurpose Drive Cage Kit,0,73.00,,NA,,,02/24/2025,02/28/2028,UNCHANGED,N/A,$0.00,0.00%,2026-08-05: $73.00
Smart Chassis,Drive Cage,HPE OCA > DL380 Gen12 SFF [P73282-B21] > Smart Chassis > Drive Cage,Enablement / Cage,max 9,9,,P76450-B21,Standard,HPE ProLiant Compute Gen12 4EDSFF Drive Cage Kit,0,169.00,,NA,,,02/24/2025,02/28/2028,UNCHANGED,N/A,$0.00,0.00%,2026-08-05: $169.00
Smart Chassis,SAS Controller,HPE OCA > DL380 Gen12 SFF [P73282-B21] > Smart Chassis > SAS Controller,Enablement / Cage,max 5,5,Supported with EDSFF CTO Server only.,P74738-B21,Standard,HPE ProLiant Compute Gen12 12EDSFF Drive Cage Kit,0,488.00,,NA,,,02/24/2025,02/28/2028,UNCHANGED,N/A,$0.00,0.00%,2026-08-05: $488.00
Smart Chassis,SAS Controller,HPE OCA > DL380 Gen12 SFF [P73282-B21] > Smart Chassis > SAS Controller,Enablement / Cage,max 5,5,Supported with 8LFF and 12LFF CTO Server only.,P74741-B21,Standard,HPE ProLiant Compute DL380 Gen12 4LFF SAS/SATA LP Midplane Drive Cage Kit,0,262.00,,NA,,,02/24/2025,06/30/2029,UNCHANGED,N/A,$0.00,0.00%,2026-08-05: $262.00
Smart Chassis,SAS Controller,HPE OCA > DL380 Gen12 SFF [P73282-B21] > Smart Chassis > SAS Controller,Enablement / Cage,max 5,5,Supported with 8LFF and 12LFF CTO Server only.,P74746-B21,Standard,HPE ProLiant Compute DL380 Gen12 2LFF Rear Primary Drive Cage Kit,0,182.00,,NA,,,02/24/2025,06/30/2029,UNCHANGED,N/A,$0.00,0.00%,2026-08-05: $182.00
Smart Chassis,SAS Controller,HPE OCA > DL380 Gen12 SFF [P73282-B21] > Smart Chassis > SAS Controller,Enablement / Cage,max 5,5,Supported with 8LFF and 12LFF CTO Server only.,P75411-B21,Standard,HPE ProLiant Compute DL380 Gen12 2LFF Rear/Tertiary Drive Cage Kit,0,714.00,,NA,,,02/24/2025,06/30/2029,UNCHANGED,N/A,$0.00,0.00%,2026-08-05: $714.00
Smart Chassis,SAS Controller,HPE OCA > DL380 Gen12 SFF [P73282-B21] > Smart Chassis > SAS Controller,Enablement / Cage,max 5,5,Supported with 8LFF and 12LFF CTO Server only.,P76875-B21,Standard,HPE ProLiant Compute DL380 Gen12 2LFF Rear Secondary Drive Cage Kit,0,182.00,,NA,,,02/24/2025,06/30/2029,UNCHANGED,N/A,$0.00,0.00%,2026-08-05: $182.00
Smart Chassis,Smart Chassis Configuration,HPE OCA > DL380 Gen12 SFF [P73282-B21] > Smart Chassis > Smart Chassis Configuration,Enablement / Cage,Required,Required,Supported with 8LFF CTO Server only.,P74744-B21,Standard,HPE ProLiant Compute DL3XX Gen12 Front LFF for 2SFF Enablement Side-by-Side U.3 HDD Front Cage Kit,0,224.00,,NA,,,02/24/2025,02/28/2028,UNCHANGED,N/A,$0.00,0.00%,2026-08-05: $224.00
Ambient Temperature,AmbientTemperature,HPE OCA > DL380 Gen12 SFF [P73282-B21] > Ambient Temperature > AmbientTemperature,Fabric & Interconnect,Required,Required,Define connection for 8SFF x4 Cage only needed if cage is selected.,P77955-B21,Standard,HPE ProLiant Compute DL380 Gen12 16SFF x2 1P Direct Attach FIO Bundle Kit                       Nvme option not available with 8sff smart chassis choice.,0,1.00,NA,NA,,,02/24/2025,02/28/2028,UNCHANGED,N/A,$0.00,0.00%,2026-08-05: $1.00
Ambient Temperature,AmbientTemperature,HPE OCA > DL380 Gen12 SFF [P73282-B21] > Ambient Temperature > AmbientTemperature,Fabric & Interconnect,Required,Required,Define connection for 8SFF x4 Cage only needed if cage is selected.,P77958-B21,Standard,HPE ProLiant Compute DL380 Gen12 16SFF x2 1P Direct Attach Universal Media Bay FIO Bundle Kit                       Nvme option not available with 8sff smart chassis choice.,0,1.00,NA,NA,,,02/24/2025,02/28/2028,UNCHANGED,N/A,$0.00,0.00%,2026-08-05: $1.00
Ambient Temperature,AmbientTemperature,HPE OCA > DL380 Gen12 SFF [P73282-B21] > Ambient Temperature > AmbientTemperature,Fabric & Interconnect,Required,Required,Define connection for 8SFF x4 Cage only needed if cage is selected.,P77931-B21,Standard,HPE ProLiant Compute DL380 Gen12 16SFF x4 Direct Attach Balanced FIO Bundle Kit                       Nvme option not available with 8sff smart chassis choice.,0,1.00,NA,NA,,,02/24/2025,02/28/2028,UNCHANGED,N/A,$0.00,0.00%,2026-08-05: $1.00
Ambient Temperature,AmbientTemperature,HPE OCA > DL380 Gen12 SFF [P73282-B21] > Ambient Temperature > AmbientTemperature,Fabric & Interconnect,Required,Required,Define connection for 8SFF x4 Cage only needed if cage is selected.,P78064-B21,Standard,HPE ProLiant Compute DL380 Gen12 16SFF x4 Direct Attach Multiple Purpose Cage FIO Bundle Kit                       Nvme option not available with 8sff smart chassis choice.,0,NA,NA,NA,,,05/05/2025,02/28/2028,UNCHANGED,N/A,$0.00,0.00%,2026-08-05: $0.00
Ambient Temperature,AmbientTemperature,HPE OCA > DL380 Gen12 SFF [P73282-B21] > Ambient Temperature > AmbientTemperature,Fabric & Interconnect,Required,Required,Define connection for 8SFF x4 Cage only needed if cage is selected.,P77934-B21,Standard,HPE ProLiant Compute DL380 Gen12 16SFF x4 Direct Attach Universal Media Bay FIO Bundle Kit                       Nvme option not available with 8sff smart chassis choice.,0,1.00,NA,NA,,,02/24/2025,02/28/2028,UNCHANGED,N/A,$0.00,0.00%,2026-08-05: $1.00
Ambient Temperature,AmbientTemperature,HPE OCA > DL380 Gen12 SFF [P73282-B21] > Ambient Temperature > AmbientTemperature,Networking,Required,Required,Define connection for 8SFF x4 Cage only needed if cage is selected.,P77937-B21,Standard,HPE ProLiant Compute DL380 Gen12 24SFF x16/x16/x16 OCP Balanced FIO Bundle Kit                       Nvme option not available with 8sff smart chassis choice.,0,1.00,NA,NA,,,02/24/2025,02/28/2028,UNCHANGED,N/A,$0.00,0.00%,2026-08-05: $1.00
Ambient Temperature,AmbientTemperature,HPE OCA > DL380 Gen12 SFF [P73282-B21] > Ambient Temperature > AmbientTemperature,Riser & Expansion,Required,Required,Define connection for 8SFF x4 Cage only needed if cage is selected.,P77940-B21,Standard,HPE ProLiant Compute DL380 Gen12 24SFF x16/x16/x16 OCP Gen4 Retimer Card FIO Bundle Kit                       Nvme option not available with 8sff smart chassis choice.,0,1.00,NA,NA,,,02/24/2025,02/28/2028,UNCHANGED,N/A,$0.00,0.00%,2026-08-05: $1.00
Ambient Temperature,AmbientTemperature,HPE OCA > DL380 Gen12 SFF [P73282-B21] > Ambient Temperature > AmbientTemperature,Fabric & Interconnect,Required,Required,Define connection for 8SFF x4 Cage only needed if cage is selected.,P77961-B21,Standard,HPE ProLiant Compute DL380 Gen12 24SFF x2 Direct Attach x16/x16/x16 OCP FIO Bundle Kit                       Nvme option not available with 8sff smart chassis choice.,0,1.00,NA,NA,,,02/24/2025,02/28/2028,UNCHANGED,N/A,$0.00,0.00%,2026-08-05: $1.00
Ambient Temperature,AmbientTemperature,HPE OCA > DL380 Gen12 SFF [P73282-B21] > Ambient Temperature > AmbientTemperature,Fabric & Interconnect,Required,Required,Define connection for 8SFF x4 Cage only needed if cage is selected.,P78070-B21,Standard,HPE ProLiant Compute DL380 Gen12 8SFF x4 1P Direct Attach FIO Bundle Kit                       Nvme option not available with 8sff smart chassis choice.,0,1.00,NA,NA,,,02/24/2025,02/28/2028,UNCHANGED,N/A,$0.00,0.00%,2026-08-05: $1.00
Ambient Temperature,AmbientTemperature,HPE OCA > DL380 Gen12 SFF [P73282-B21] > Ambient Temperature > AmbientTemperature,Fabric & Interconnect,Required,Required,Define connection for 8SFF x4 Cage only needed if cage is selected.,P78047-B21,Standard,HPE ProLiant Compute DL380 Gen12 8SFF x4 Direct Attach Balanced FIO Bundle Kit                       Nvme option not available with 8sff smart chassis choice.,0,1.00,NA,NA,,,02/24/2025,02/28/2028,UNCHANGED,N/A,$0.00,0.00%,2026-08-05: $1.00
Ambient Temperature,AmbientTemperature,HPE OCA > DL380 Gen12 SFF [P73282-B21] > Ambient Temperature > AmbientTemperature,Fabric & Interconnect,Required,Required,Define connection for 8SFF x4 Cage only needed if cage is selected.,P78058-B21,Standard,HPE ProLiant Compute DL380 Gen12 8SFF x4 Direct Attach Multiple Purpose Cage FIO Bundle Kit                       Nvme option not available with 8sff smart chassis choice.,0,NA,NA,NA,,,05/05/2025,02/28/2028,UNCHANGED,N/A,$0.00,0.00%,2026-08-05: $0.00
Ambient Temperature,AmbientTemperature,HPE OCA > DL380 Gen12 SFF [P73282-B21] > Ambient Temperature > AmbientTemperature,Fabric & Interconnect,Required,Required,Define connection for 8SFF x4 Cage only needed if cage is selected.,P78061-B21,Standard,HPE ProLiant Compute DL380 Gen12 8SFF x4 Direct Attach UMB Multiple Purpose Cage FIO Bundle Kit                       Nvme option not available with 8sff smart chassis choice.,0,NA,NA,NA,,,05/05/2025,02/28/2028,UNCHANGED,N/A,$0.00,0.00%,2026-08-05: $0.00
Ambient Temperature,AmbientTemperature,HPE OCA > DL380 Gen12 SFF [P73282-B21] > Ambient Temperature > AmbientTemperature,Riser & Expansion,Required,Required,Define connection for 8SFF x4 Cage only needed if cage is selected.,P77943-B21,Standard,HPE ProLiant Compute DL380 Gen12 Tertiary Riser 24SFF x16/x16/x16 OCP Balanced FIO Bundle Kit                       Nvme option not available with 8sff smart chassis choice.,0,1.00,NA,NA,,,02/24/2025,02/28/2028,UNCHANGED,N/A,$0.00,0.00%,2026-08-05: $1.00
Smart Chassis,Drive Cage,HPE OCA > DL380 Gen12 SFF [P73282-B21] > Smart Chassis > Drive Cage,Hardware Component,max 9,9,,873763-B21,Standard,HPE ProLiant Compute DL380 No Drive Configuration FIO Kit,0,14.00,NA,NA,,,07/11/2017,06/30/2029,UNCHANGED,N/A,$0.00,0.00%,2026-08-05: $14.00
Smart Chassis,Riser Cards (required),HPE OCA > DL380 Gen12 SFF [P73282-B21] > Smart Chassis > Riser Cards (required),Riser & Expansion,max 3,3,,P48802-B21,Standard,HPE ProLiant DL380 Gen11 2U x8/x16/x8 Secondary Riser Kit,0,265.00,,NA,,,01/10/2023,05/31/2028,UNCHANGED,N/A,$0.00,0.00%,2026-08-05: $265.00
Smart Chassis,Riser Cards (required),HPE OCA > DL380 Gen12 SFF [P73282-B21] > Smart Chassis > Riser Cards (required),Riser & Expansion,max 3,3,,P48803-B21,Standard,HPE ProLiant DL380 Gen11 2U x16/x16/x16 Primary Riser Kit,0,262.00,,NA,,,01/10/2023,05/31/2028,UNCHANGED,N/A,$0.00,0.00%,2026-08-05: $262.00
Smart Chassis,Riser Cards (required),HPE OCA > DL380 Gen12 SFF [P73282-B21] > Smart Chassis > Riser Cards (required),Riser & Expansion,max 3,3,,P51083-B21,Standard,HPE ProLiant DL380 Gen11 2U x16/x16/x16 Secondary Riser Kit,0,343.00,,NA,,,01/10/2023,05/31/2028,UNCHANGED,N/A,$0.00,0.00%,2026-08-05: $343.00
Smart Chassis,Riser Cards (required),HPE OCA > DL380 Gen12 SFF [P73282-B21] > Smart Chassis > Riser Cards (required),Riser & Expansion,max 3,3,,P76451-B21,Standard,HPE ProLiant Compute DL380 Gen12 2U 2x16 Tertiary Riser Kit,0,619.00,,NA,,,02/24/2025,06/30/2029,UNCHANGED,N/A,$0.00,0.00%,2026-08-05: $619.00
Storage Devices,Smart Storage Battery,HPE OCA > DL380 Gen12 SFF [P73282-B21] > Storage Devices > Smart Storage Battery,Riser & Expansion,max 2,2,Tertiary x8x16 Riser and OCPA x16/ CPU1 OCPB x8 cannot be selected together.,P74737-B21,Standard,HPE ProLiant Compute DL380 Gen12 2U x8/x16 Tertiary Riser Kit,0,506.00,,NA,,,02/24/2025,06/30/2029,UNCHANGED,N/A,$0.00,0.00%,2026-08-05: $506.00
Storage Devices,Internal Storage Controller Cables,HPE OCA > DL380 Gen12 SFF [P73282-B21] > Storage Devices > Internal Storage Controller Cables,Riser & Expansion,max 3,3,Supported with EDSFF CTO Server only.,P80997-B21,Standard,HPE ProLiant Compute DL380 Gen12 Secondary Riser Paddle Card FIO Kit,0,625.00,,NA,,,08/04/2025,06/30/2029,UNCHANGED,N/A,$0.00,0.00%,2026-08-05: $625.00
Storage Devices,Internal Storage Controller Cables,HPE OCA > DL380 Gen12 SFF [P73282-B21] > Storage Devices > Internal Storage Controller Cables,Riser & Expansion,max 3,3,Supported with EDSFF CTO Server only.,P83356-B21,Standard,HPE ProLiant Compute DL380 Gen12 Primary Riser Paddle Card FIO Kit,0,590.00,,NA,,,08/04/2025,06/30/2029,UNCHANGED,N/A,$0.00,0.00%,2026-08-05: $590.00
Smart Chassis,Riser Accessories,HPE OCA > DL380 Gen12 SFF [P73282-B21] > Smart Chassis > Riser Accessories,Interconnect / Cable,max 6,6,,P76471-B21,Standard,HPE ProLiant Compute DL380 Gen12 x8 Riser Enablement Cable Kit,0,89.00,,NA,,,02/24/2025,06/30/2029,UNCHANGED,N/A,$0.00,0.00%,2026-08-05: $89.00
Smart Chassis,Riser Accessories,HPE OCA > DL380 Gen12 SFF [P73282-B21] > Smart Chassis > Riser Accessories,Riser & Expansion,max 6,6,,P78117-B21,Standard,HPE ProLiant Compute DL380 Gen12 Primary Riser x16 FIO Bundle Kit,0,1.00,,NA,,,02/24/2025,02/28/2028,UNCHANGED,N/A,$0.00,0.00%,2026-08-05: $1.00
Smart Chassis,Riser Accessories,HPE OCA > DL380 Gen12 SFF [P73282-B21] > Smart Chassis > Riser Accessories,Riser & Expansion,max 6,6,,P78120-B21,Standard,HPE ProLiant Compute DL380 Gen12 Secondary Riser x16 FIO Bundle Kit,0,1.00,,NA,,,02/24/2025,02/28/2028,UNCHANGED,N/A,$0.00,0.00%,2026-08-05: $1.00
Smart Chassis,SAS Controller,HPE OCA > DL380 Gen12 SFF [P73282-B21] > Smart Chassis > SAS Controller,Storage Controller,max 5,5,,P74775-B21,Standard,HPE MR408i-p Gen11 x8 Lanes 4GB Cache PCI SPDM Plug-in Storage Controller,0,"4,699.00",,NA,,,04/07/2025,04/30/2029,UNCHANGED,N/A,$0.00,0.00%,2026-08-05: $4699.00
Smart Chassis,SAS Controller,HPE OCA > DL380 Gen12 SFF [P73282-B21] > Smart Chassis > SAS Controller,Storage Controller,max 5,5,,P47777-B21,Standard,HPE MR416i-p Gen11 x16 Lanes 8GB Cache PCI SPDM Plug-in Storage Controller,0,"5,999.00",,NA,,,11/10/2022,04/30/2029,UNCHANGED,N/A,$0.00,0.00%,2026-08-05: $5999.00
Smart Chassis,SAS Controller,HPE OCA > DL380 Gen12 SFF [P73282-B21] > Smart Chassis > SAS Controller,Storage Controller,max 5,5,,P47789-B21,Standard,HPE MR216i-o Gen11 x16 Lanes without Cache OCP SPDM Storage Controller,0,"3,449.00",,NA,,,11/10/2022,04/30/2029,UNCHANGED,N/A,$0.00,0.00%,2026-08-05: $3449.00
Smart Chassis,SAS Controller,HPE OCA > DL380 Gen12 SFF [P73282-B21] > Smart Chassis > SAS Controller,Storage Controller,max 5,5,,P75697-B21,Standard,HPE MR932i-p x32 Lanes PCIe Gen5 SPDM Plug-in Storage Controller,0,"11,399.00",,NA,,,02/02/2026,06/30/2029,UNCHANGED,N/A,$0.00,0.00%,2026-08-05: $11399.00
Smart Chassis,SAS Controller,HPE OCA > DL380 Gen12 SFF [P73282-B21] > Smart Chassis > SAS Controller,Networking,max 5,5,,P25527-B21,Standard,HPE DL385 Gen10 Plus 12Gb NVMe 2-port Adapter,0,633.00,,NA,,,06/08/2020,05/31/2028,UNCHANGED,N/A,$0.00,0.00%,2026-08-05: $633.00
Smart Chassis,SAS Controller,HPE OCA > DL380 Gen12 SFF [P73282-B21] > Smart Chassis > SAS Controller,Storage Controller,max 5,5,,P47781-B21,Standard,HPE MR416i-o Gen11 x16 Lanes 8GB Cache OCP SPDM Storage Controller,0,"5,699.00",,NA,,,11/10/2022,04/30/2029,UNCHANGED,N/A,$0.00,0.00%,2026-08-05: $5699.00
Smart Chassis,SAS Controller,HPE OCA > DL380 Gen12 SFF [P73282-B21] > Smart Chassis > SAS Controller,Storage Controller,max 5,5,,P47785-B21,Standard,HPE MR216i-p Gen11 x16 Lanes without Cache PCI SPDM Plug-in Storage Controller,0,"3,499.00",,NA,,,11/10/2022,04/30/2029,UNCHANGED,N/A,$0.00,0.00%,2026-08-05: $3499.00
Smart Chassis,SAS Controller,HPE OCA > DL380 Gen12 SFF [P73282-B21] > Smart Chassis > SAS Controller,Storage Controller,max 5,5,,P58335-B21,Standard,HPE MR408i-o Gen11 x8 Lanes 4GB Cache OCP SPDM Storage Controller,0,"4,599.00",,NA,,,11/10/2022,04/30/2029,UNCHANGED,N/A,$0.00,0.00%,2026-08-05: $4599.00
Storage Devices,Optical Drive,HPE OCA > DL380 Gen12 SFF [P73282-B21] > Storage Devices > Optical Drive,Storage Controller,max 1,1,These products are hidden due to Supply constraints,804398-B21,Standard,HPE Smart Array E208e-p SR Gen10 (8 External Lanes/No Cache) 12G SAS PCIe Plug-in Controller,0,"1,775.00",,NA,,,07/11/2017,04/30/2029,UNCHANGED,N/A,$0.00,0.00%,2026-08-05: $1775.00
Ambient Temperature,AmbientTemperature,HPE OCA > DL380 Gen12 SFF [P73282-B21] > Ambient Temperature > AmbientTemperature,Hardware Component,Required,Required,,P79567-B21,Standard,HPE ProLiant Compute 18C Maximum Recommended Ambient Temperature Configuration Tracking,0,1.00,+0.00,1.00,,,02/24/2025,04/30/2028,UNCHANGED,N/A,$0.00,0.00%,2026-08-05: $1.00
Ambient Temperature,AmbientTemperature,HPE OCA > DL380 Gen12 SFF [P73282-B21] > Ambient Temperature > AmbientTemperature,Hardware Component,Required,Required,,P79564-B21,Standard,HPE ProLiant Compute 20C Maximum Recommended Ambient Temperature Configuration Tracking,0,1.00,+0.00,1.00,,,02/24/2025,04/30/2028,UNCHANGED,N/A,$0.00,0.00%,2026-08-05: $1.00
Ambient Temperature,AmbientTemperature,HPE OCA > DL380 Gen12 SFF [P73282-B21] > Ambient Temperature > AmbientTemperature,Hardware Component,Required,Required,,P79561-B21,Standard,HPE ProLiant Compute 23C Maximum Recommended Ambient Temperature Configuration Tracking,0,1.00,+0.00,1.00,,,02/24/2025,04/30/2028,UNCHANGED,N/A,$0.00,0.00%,2026-08-05: $1.00
Ambient Temperature,AmbientTemperature,HPE OCA > DL380 Gen12 SFF [P73282-B21] > Ambient Temperature > AmbientTemperature,Hardware Component,Required,Required,,P79558-B21,Standard,HPE ProLiant Compute 25C Maximum Recommended Ambient Temperature Configuration Tracking,0,1.00,+0.00,1.00,,,02/24/2025,04/30/2028,UNCHANGED,N/A,$0.00,0.00%,2026-08-05: $1.00
Ambient Temperature,AmbientTemperature,HPE OCA > DL380 Gen12 SFF [P73282-B21] > Ambient Temperature > AmbientTemperature,Hardware Component,Required,Required,,P79555-B21,Standard,HPE ProLiant Compute 27C Maximum Recommended Ambient Temperature Configuration Tracking,0,1.00,+0.00,1.00,,,02/24/2025,04/30/2028,UNCHANGED,N/A,$0.00,0.00%,2026-08-05: $1.00
Ambient Temperature,AmbientTemperature,HPE OCA > DL380 Gen12 SFF [P73282-B21] > Ambient Temperature > AmbientTemperature,Hardware Component,Required,Required,,P79552-B21,Standard,HPE ProLiant Compute 30C Maximum Recommended Ambient Temperature Configuration Tracking,1,1.00,Selected,1.00,,,02/24/2025,04/30/2028,UNCHANGED,N/A,$0.00,0.00%,2026-08-05: $1.00
Storage Devices,Smart Storage Battery,HPE OCA > DL380 Gen12 SFF [P73282-B21] > Storage Devices > Smart Storage Battery,Interconnect / Cable,max 2,2,,P01366-B21,Standard,HPE 96W Smart Storage Lithium-ion Battery with 145mm Cable Kit,0,110.00,,NA,,,12/18/2017,04/30/2029,UNCHANGED,N/A,$0.00,0.00%,2026-08-05: $110.00
Storage Devices,Smart Storage Battery,HPE OCA > DL380 Gen12 SFF [P73282-B21] > Storage Devices > Smart Storage Battery,Interconnect / Cable,max 2,2,,P02377-B21,Standard,HPE Smart Storage Hybrid Capacitor with 145mm Cable Kit,0,397.00,,NA,,,04/02/2019,11/30/2026,UNCHANGED,N/A,$0.00,0.00%,2026-08-05: $397.00
Storage Devices,Smart Storage Battery,HPE OCA > DL380 Gen12 SFF [P73282-B21] > Storage Devices > Smart Storage Battery,Interconnect / Cable,max 2,2,,P48918-B21,Standard,HPE ProLiant DL360 Gen11 Storage Controller Enablement Cable Kit,0,38.00,,NA,,,01/10/2023,06/30/2029,UNCHANGED,N/A,$0.00,0.00%,2026-08-05: $38.00
Storage Devices,Smart Storage Battery,HPE OCA > DL380 Gen12 SFF [P73282-B21] > Storage Devices > Smart Storage Battery,Interconnect / Cable,max 2,2,,P65038-B21,Standard,HPE 16W Smart Hybrid Capacitor with 145mm Cable,0,397.00,,NA,,,12/01/2025,06/30/2029,UNCHANGED,N/A,$0.00,0.00%,2026-08-05: $397.00
Storage Devices,Internal Storage Controller Cables,HPE OCA > DL380 Gen12 SFF [P73282-B21] > Storage Devices > Internal Storage Controller Cables,Interconnect / Cable,max 3,3,,P76453-B21,Standard,HPE ProLiant Compute DL380 Gen12 8SFF/2SFF UMB PCIe Cable Kit,0,96.00,,NA,,,02/24/2025,06/30/2029,UNCHANGED,N/A,$0.00,0.00%,2026-08-05: $96.00
Storage Devices,Internal Storage Controller Cables,HPE OCA > DL380 Gen12 SFF [P73282-B21] > Storage Devices > Internal Storage Controller Cables,Interconnect / Cable,max 3,3,,P76454-B21,Standard,HPE ProLiant Compute DL380 Gen12 OROC 8SFF x2 Controller Cable Kit,0,212.00,,NA,,,02/24/2025,06/30/2029,UNCHANGED,N/A,$0.00,0.00%,2026-08-05: $212.00
Storage Devices,Internal Storage Controller Cables,HPE OCA > DL380 Gen12 SFF [P73282-B21] > Storage Devices > Internal Storage Controller Cables,Interconnect / Cable,max 3,3,,P76456-B21,Standard,HPE ProLiant Compute DL380 Gen12 8SFF x2 PCIe Box 2 Controller Cable Kit,0,215.00,,NA,,,02/24/2025,06/30/2029,UNCHANGED,N/A,$0.00,0.00%,2026-08-05: $215.00
Storage Devices,Internal Storage Controller Cables,HPE OCA > DL380 Gen12 SFF [P73282-B21] > Storage Devices > Internal Storage Controller Cables,Fabric & Interconnect,max 3,3,,P76461-B21,Standard,HPE ProLiant Compute DL380 Gen12 8SFF x4 Direct Attach Box 1 for 2 Processors Cable Kit,0,243.00,,NA,,,02/24/2025,06/30/2029,UNCHANGED,N/A,$0.00,0.00%,2026-08-05: $243.00
Storage Devices,Internal Storage Controller Cables,HPE OCA > DL380 Gen12 SFF [P73282-B21] > Storage Devices > Internal Storage Controller Cables,Fabric & Interconnect,max 3,3,,P76462-B21,Standard,HPE ProLiant Compute DL380 Gen12 8SFF x4 Direct Attach Box 2 Cable Kit,0,238.00,,NA,,,02/24/2025,06/30/2029,UNCHANGED,N/A,$0.00,0.00%,2026-08-05: $238.00
Storage Devices,Internal Storage Controller Cables,HPE OCA > DL380 Gen12 SFF [P73282-B21] > Storage Devices > Internal Storage Controller Cables,Interconnect / Cable,max 3,3,,P76463-B21,Standard,HPE ProLiant Compute DL380 Gen12 16SFF x4 2x Gen4 Retimer Card Box 1/3 Cable Kit,0,603.00,,NA,,,02/24/2025,06/30/2029,UNCHANGED,N/A,$0.00,0.00%,2026-08-05: $603.00
Storage Devices,Internal Storage Controller Cables,HPE OCA > DL380 Gen12 SFF [P73282-B21] > Storage Devices > Internal Storage Controller Cables,Fabric & Interconnect,max 3,3,,P76464-B21,Standard,HPE ProLiant Compute DL380 Gen12 36EDSFF x2 Direct Attach Cable Kit,0,925.00,,NA,,,02/24/2025,06/30/2029,UNCHANGED,N/A,$0.00,0.00%,2026-08-05: $925.00
Storage Devices,Internal Storage Controller Cables,HPE OCA > DL380 Gen12 SFF [P73282-B21] > Storage Devices > Internal Storage Controller Cables,Fabric & Interconnect,max 3,3,,P76465-B21,Standard,HPE ProLiant Compute DL380 Gen12 12EDSFF x4 Direct Attach Box 2 Cable Kit,0,414.00,,NA,,,02/24/2025,06/30/2029,UNCHANGED,N/A,$0.00,0.00%,2026-08-05: $414.00
Storage Devices,Internal Storage Controller Cables,HPE OCA > DL380 Gen12 SFF [P73282-B21] > Storage Devices > Internal Storage Controller Cables,Fabric & Interconnect,max 3,3,,P76467-B21,Standard,HPE ProLiant Compute DL380 Gen12 12EDSFF x2 Direct Attach Box 1/2 Cable Kit,0,296.00,,NA,,,02/24/2025,06/30/2029,UNCHANGED,N/A,$0.00,0.00%,2026-08-05: $296.00
Storage Devices,Internal Storage Controller Cables,HPE OCA > DL380 Gen12 SFF [P73282-B21] > Storage Devices > Internal Storage Controller Cables,Fabric & Interconnect,max 3,3,,P76468-B21,Standard,HPE ProLiant Compute DL380 Gen12 Front 8SFF x4 Direct Attach Box 1/3 Cable Kit,0,230.00,,NA,,,02/24/2025,06/30/2029,UNCHANGED,N/A,$0.00,0.00%,2026-08-05: $230.00
Storage Devices,Internal Storage Controller Cables,HPE OCA > DL380 Gen12 SFF [P73282-B21] > Storage Devices > Internal Storage Controller Cables,Interconnect / Cable,max 3,3,,P76475-B21,Standard,HPE ProLiant Compute DL380 Gen12 2SFF x4 PCIe Box 6 Cable Kit,0,97.00,,NA,,,02/24/2025,06/30/2029,UNCHANGED,N/A,$0.00,0.00%,2026-08-05: $97.00
Storage Devices,Internal Storage Controller Cables,HPE OCA > DL380 Gen12 SFF [P73282-B21] > Storage Devices > Internal Storage Controller Cables,Interconnect / Cable,max 3,3,,P77476-B21,Standard,HPE ProLiant Compute DL380 Gen12 4EDSFF Front Cable Kit,0,173.00,,NA,,,02/24/2025,06/30/2029,UNCHANGED,N/A,$0.00,0.00%,2026-08-05: $173.00
Storage Devices,Internal Storage Controller Cables,HPE OCA > DL380 Gen12 SFF [P73282-B21] > Storage Devices > Internal Storage Controller Cables,Interconnect / Cable,max 3,3,,P77477-B21,Standard,HPE ProLiant Compute DL380 Gen12 2SFF x4 OROC Box 6 OCP SlotB Cable Kit,0,71.00,,NA,,,02/24/2025,06/30/2029,UNCHANGED,N/A,$0.00,0.00%,2026-08-05: $71.00
Storage Devices,Internal Storage Controller Cables,HPE OCA > DL380 Gen12 SFF [P73282-B21] > Storage Devices > Internal Storage Controller Cables,Fabric & Interconnect,max 3,3,,P77478-B21,Standard,HPE ProLiant Compute DL380 Gen12 2SFF HDD Stacking Drive Direct Attach Cable Kit,0,73.00,,NA,,,02/24/2025,06/30/2029,UNCHANGED,N/A,$0.00,0.00%,2026-08-05: $73.00
Storage Devices,Internal Storage Controller Cables,HPE OCA > DL380 Gen12 SFF [P73282-B21] > Storage Devices > Internal Storage Controller Cables,Interconnect / Cable,max 3,3,,P77482-B21,Standard,HPE ProLiant Compute DL380 Gen12 2SFF Rear PCIe Cable Kit,0,165.00,,NA,,,02/24/2025,06/30/2029,UNCHANGED,N/A,$0.00,0.00%,2026-08-05: $165.00
Storage Devices,Internal Storage Controller Cables,HPE OCA > DL380 Gen12 SFF [P73282-B21] > Storage Devices > Internal Storage Controller Cables,Interconnect / Cable,max 3,3,,P77483-B21,Standard,HPE ProLiant Compute DL380 Gen12 2SFF Rear OROC Cable Kit,0,70.00,,NA,,,02/24/2025,06/30/2029,UNCHANGED,N/A,$0.00,0.00%,2026-08-05: $70.00
Storage Devices,Internal Storage Controller Cables,HPE OCA > DL380 Gen12 SFF [P73282-B21] > Storage Devices > Internal Storage Controller Cables,Fabric & Interconnect,max 3,3,,P77486-B21,Standard,HPE ProLiant Compute DL380 Gen12 8SFF x2 Direct Attach Cable Kit,0,169.00,,NA,,,02/24/2025,06/30/2029,UNCHANGED,N/A,$0.00,0.00%,2026-08-05: $169.00
Storage Devices,Internal Storage Controller Cables,HPE OCA > DL380 Gen12 SFF [P73282-B21] > Storage Devices > Internal Storage Controller Cables,Interconnect / Cable,max 3,3,,P77488-B21,Standard,HPE ProLiant Compute DL380 Gen12 8SFF x4 PCIe for 2 Controllers Box 1/2 Cable Kit,0,347.00,,NA,,,02/24/2025,06/30/2029,UNCHANGED,N/A,$0.00,0.00%,2026-08-05: $347.00
Storage Devices,Internal Storage Controller Cables,HPE OCA > DL380 Gen12 SFF [P73282-B21] > Storage Devices > Internal Storage Controller Cables,Fabric & Interconnect,max 3,3,,P77489-B21,Standard,HPE ProLiant Compute DL380 Gen12 8SFF x4 Direct Attach Box 2/3 for 1P Cable Kit,0,246.00,,NA,,,02/24/2025,06/30/2029,UNCHANGED,N/A,$0.00,0.00%,2026-08-05: $246.00
Storage Devices,Internal Storage Controller Cables,HPE OCA > DL380 Gen12 SFF [P73282-B21] > Storage Devices > Internal Storage Controller Cables,Fabric & Interconnect,max 3,3,,P77490-B21,Standard,HPE ProLiant Compute DL380 Gen12 4EDSFF x4 Direct Attach Box 1 Cable Kit,0,165.00,,NA,,,02/24/2025,06/30/2029,UNCHANGED,N/A,$0.00,0.00%,2026-08-05: $165.00
Storage Devices,Internal Storage Controller Cables,HPE OCA > DL380 Gen12 SFF [P73282-B21] > Storage Devices > Internal Storage Controller Cables,Fabric & Interconnect,max 3,3,,P77492-B21,Standard,HPE ProLiant Compute DL380 Gen12 16SFF x4 1x Gen4 Retimer Card Box 1/3 Direct Attach Cable Kit,0,626.00,,NA,,,02/24/2025,06/30/2029,UNCHANGED,N/A,$0.00,0.00%,2026-08-05: $626.00
Storage Devices,Internal Storage Controller Cables,HPE OCA > DL380 Gen12 SFF [P73282-B21] > Storage Devices > Internal Storage Controller Cables,Fabric & Interconnect,max 3,3,,P77493-B21,Standard,HPE ProLiant Compute DL380 Gen12 2SFF x4 Direct Attach Box 6 Cable Kit,0,67.00,,NA,,,02/24/2025,06/30/2029,UNCHANGED,N/A,$0.00,0.00%,2026-08-05: $67.00
Storage Devices,Internal Storage Controller Cables,HPE OCA > DL380 Gen12 SFF [P73282-B21] > Storage Devices > Internal Storage Controller Cables,Interconnect / Cable,max 3,3,,P76452-B21,Standard,HPE ProLiant Compute DL380 Gen12 8SFF/2SFF UMB OROC Cable Kit,0,60.00,,NA,,,02/24/2025,06/30/2029,UNCHANGED,N/A,$0.00,0.00%,2026-08-05: $60.00
Storage Devices,Internal Storage Controller Cables,HPE OCA > DL380 Gen12 SFF [P73282-B21] > Storage Devices > Internal Storage Controller Cables,Fabric & Interconnect,max 3,3,,P77491-B21,Standard,HPE ProLiant Compute DL380 Gen12 4EDSFF x4 Direct Attach Box 3 Cable Kit,0,167.00,,NA,,,02/24/2025,06/30/2029,UNCHANGED,N/A,$0.00,0.00%,2026-08-05: $167.00
Storage Devices,Internal Storage Controller Cables,HPE OCA > DL380 Gen12 SFF [P73282-B21] > Storage Devices > Internal Storage Controller Cables,Interconnect / Cable,max 3,3,,P83800-B21,Standard,HPE ProLiant Compute DL380 Gen12 MR932i-p 8SFF x4 Cable Kit,0,237.00,,NA,,,02/02/2026,06/30/2029,UNCHANGED,N/A,$0.00,0.00%,2026-08-05: $237.00
Storage Devices,Internal Storage Controller Cables,HPE OCA > DL380 Gen12 SFF [P73282-B21] > Storage Devices > Internal Storage Controller Cables,Interconnect / Cable,max 3,3,,P83801-B21,Standard,HPE ProLiant Compute DL380 Gen12 MR932i-p 8SFF x2 Cable Kit,0,183.00,,NA,,,02/02/2026,06/30/2029,UNCHANGED,N/A,$0.00,0.00%,2026-08-05: $183.00
Storage Devices,Internal Storage Controller Cables,HPE OCA > DL380 Gen12 SFF [P73282-B21] > Storage Devices > Internal Storage Controller Cables,Interconnect / Cable,max 3,3,,P84481-B21,Standard,HPE ProLiant Compute DL380 Gen12 MR932i-p 8SFF x1 Cable Kit,0,68.00,,NA,,,02/02/2026,06/30/2029,UNCHANGED,N/A,$0.00,0.00%,2026-08-05: $68.00
Storage Devices,Internal Storage Controller Cables,HPE OCA > DL380 Gen12 SFF [P73282-B21] > Storage Devices > Internal Storage Controller Cables,Interconnect / Cable,max 3,3,,P87235-B21,Standard,HPE ProLiant Compute DL380 Gen12 MR932i-p Rear 2SFF Box 4/5 Cable Kit,0,64.00,,NA,,,02/02/2026,06/30/2029,UNCHANGED,N/A,$0.00,0.00%,2026-08-05: $64.00
Storage Devices,Internal Storage Controller Cables,HPE OCA > DL380 Gen12 SFF [P73282-B21] > Storage Devices > Internal Storage Controller Cables,Interconnect / Cable,max 3,3,,P87236-B21,Standard,HPE ProLiant Compute DL380 Gen12 MR932i-p Rear 2SFF Box 6 Cable Kit,0,64.00,,NA,,,02/02/2026,06/30/2029,UNCHANGED,N/A,$0.00,0.00%,2026-08-05: $64.00
Factory Configuration Settings,Factory Configuration Settings,HPE OCA > DL380 Gen12 SFF [P73282-B21] > Factory Configuration Settings > Factory Configuration Settings,Interconnect / Cable,max 1,1,Supported with 8LFF and 12LFF CTO Server only.,P76473-B21,Standard,HPE ProLiant Compute DL380 Gen12 8LFF PCIe Controller Box 2/3 Cable Kit,0,56.00,,NA,,,02/24/2025,06/30/2029,UNCHANGED,N/A,$0.00,0.00%,2026-08-05: $56.00
Factory Configuration Settings,Factory Configuration Settings,HPE OCA > DL380 Gen12 SFF [P73282-B21] > Factory Configuration Settings > Factory Configuration Settings,Interconnect / Cable,max 1,1,Supported with 8LFF and 12LFF CTO Server only.,P76474-B21,Standard,HPE ProLiant Compute DL380 Gen12 8LFF OROC Box 2/3 Cable Kit,0,60.00,,NA,,,02/24/2025,06/30/2029,UNCHANGED,N/A,$0.00,0.00%,2026-08-05: $60.00
Factory Configuration Settings,Factory Configuration Settings,HPE OCA > DL380 Gen12 SFF [P73282-B21] > Factory Configuration Settings > Factory Configuration Settings,Interconnect / Cable,max 1,1,Supported with 8LFF and 12LFF CTO Server only.,P77474-B21,Standard,HPE ProLiant Compute DL380 Gen12 8LFF PCIe Box 1/7 Cable Kit,0,55.00,,NA,,,02/24/2025,06/30/2029,UNCHANGED,N/A,$0.00,0.00%,2026-08-05: $55.00
Factory Configuration Settings,Factory Configuration Settings,HPE OCA > DL380 Gen12 SFF [P73282-B21] > Factory Configuration Settings > Factory Configuration Settings,Interconnect / Cable,max 1,1,Supported with 8LFF and 12LFF CTO Server only.,P77475-B21,Standard,HPE ProLiant Compute DL380 Gen12 8LFF OROC Box 1/7 Cable Kit,0,61.00,,NA,,,02/24/2025,06/30/2029,UNCHANGED,N/A,$0.00,0.00%,2026-08-05: $61.00
Factory Configuration Settings,Factory Configuration Settings,HPE OCA > DL380 Gen12 SFF [P73282-B21] > Factory Configuration Settings > Factory Configuration Settings,Interconnect / Cable,max 1,1,Supported with 8LFF and 12LFF CTO Server only.,P77484-B21,Standard,HPE ProLiant Compute DL380 Gen12 2LFF Rear PCIe Cable Kit,0,80.00,,NA,,,02/24/2025,06/30/2029,UNCHANGED,N/A,$0.00,0.00%,2026-08-05: $80.00
Factory Configuration Settings,Factory Configuration Settings,HPE OCA > DL380 Gen12 SFF [P73282-B21] > Factory Configuration Settings > Factory Configuration Settings,Interconnect / Cable,max 1,1,Supported with 8LFF and 12LFF CTO Server only.,P77485-B21,Standard,HPE ProLiant Compute DL380 Gen12 2LFF Rear OROC Cable Kit,0,97.00,,NA,,,02/24/2025,06/30/2029,UNCHANGED,N/A,$0.00,0.00%,2026-08-05: $97.00
Factory Configuration Settings,Trusted Supply Chain,HPE OCA > DL380 Gen12 SFF [P73282-B21] > Factory Configuration Settings > Trusted Supply Chain,Interconnect / Cable,max 1,1,Supported with 8LFF CTO Server only and requires 2SFF SBS Cage.,P76476-B21,Standard,HPE ProLiant Compute DL380 Gen12 2SFF x4 U.3 Side-by-Side Cable Kit,0,102.00,,NA,,,02/24/2025,06/30/2029,UNCHANGED,N/A,$0.00,0.00%,2026-08-05: $102.00
Factory Configuration Settings,Trusted Supply Chain,HPE OCA > DL380 Gen12 SFF [P73282-B21] > Factory Configuration Settings > Trusted Supply Chain,Fabric & Interconnect,max 1,1,Supported with 8LFF CTO Server only and requires 2SFF SBS Cage.,P77481-B21,Standard,HPE ProLiant Compute DL380 Gen12 2SFF U.3 Side-by-Side Direct Attach Cable Kit,0,73.00,,NA,,,02/24/2025,06/30/2029,UNCHANGED,N/A,$0.00,0.00%,2026-08-05: $73.00
Factory Configuration Settings,Trusted Supply Chain,HPE OCA > DL380 Gen12 SFF [P73282-B21] > Factory Configuration Settings > Trusted Supply Chain,Interconnect / Cable,max 1,1,Supported with 8LFF CTO Server only and requires 2SFF SBS Cage.,P77480-B21,Standard,HPE ProLiant Compute DL380 Gen12 OROC 2SFF U.3 Side-by-Side Cable Kit,0,67.00,,NA,,,02/24/2025,06/30/2029,UNCHANGED,N/A,$0.00,0.00%,2026-08-05: $67.00
Factory Configuration Settings,Drive Configuration Settings,HPE OCA > DL380 Gen12 SFF [P73282-B21] > Factory Configuration Settings > Drive Configuration Settings,Interconnect / Cable,max 1,1,Supported with 12EDSFF CTO Server only.,P83798-B21,Standard,HPE ProLiant Compute DL380 Gen12 MR932i-p 4EDSFF x4 Signal Cable Kit,0,198.00,,NA,,,02/02/2026,06/30/2029,UNCHANGED,N/A,$0.00,0.00%,2026-08-05: $198.00
Factory Configuration Settings,Drive Configuration Settings,HPE OCA > DL380 Gen12 SFF [P73282-B21] > Factory Configuration Settings > Drive Configuration Settings,Interconnect / Cable,max 1,1,Supported with 12EDSFF CTO Server only.,P83799-B21,Standard,HPE ProLiant Compute DL380 Gen12 MR932i-p 4EDSFF x2 Signal Cable Kit,0,123.00,,NA,,,02/02/2026,06/30/2029,UNCHANGED,N/A,$0.00,0.00%,2026-08-05: $123.00
Factory Configuration Settings,Drive Configuration Settings,HPE OCA > DL380 Gen12 SFF [P73282-B21] > Factory Configuration Settings > Drive Configuration Settings,Interconnect / Cable,max 1,1,Supported with 12EDSFF CTO Server only.,P87968-B21,Standard,HPE ProLiant Compute DL380 Gen12 12EDSFF Power Cable Kit,0,20.00,,NA,,,02/02/2026,06/30/2029,UNCHANGED,N/A,$0.00,0.00%,2026-08-05: $20.00
Storage Devices,RAID Settings,HPE OCA > DL380 Gen12 SFF [P73282-B21] > Storage Devices > RAID Settings,FIO Setting / Preset,max 1,1,,339777-B21,Standard,HPE RAID 0 Drive 1 FIO Setting,0,1.00,,NA,,,08/01/2008,09/30/2043,UNCHANGED,N/A,$0.00,0.00%,2026-08-05: $1.00
Storage Devices,RAID Settings,HPE OCA > DL380 Gen12 SFF [P73282-B21] > Storage Devices > RAID Settings,FIO Setting / Preset,max 1,1,,339778-B21,Standard,HPE RAID 1 Drive 1 FIO Setting,0,1.00,,NA,,,08/14/2003,07/31/2044,UNCHANGED,N/A,$0.00,0.00%,2026-08-05: $1.00
Storage Devices,RAID Settings,HPE OCA > DL380 Gen12 SFF [P73282-B21] > Storage Devices > RAID Settings,FIO Setting / Preset,max 1,1,,339779-B21,Standard,HPE RAID 5 Drive 1 FIO Setting,0,1.00,,NA,,,09/07/2016,09/30/2043,UNCHANGED,N/A,$0.00,0.00%,2026-08-05: $1.00
Storage Devices,RAID Settings,HPE OCA > DL380 Gen12 SFF [P73282-B21] > Storage Devices > RAID Settings,FIO Setting / Preset,max 1,1,,339780-B21,Standard,HPE Raid 5 w/SP Drive 1 FIO Setting,0,1.00,,NA,,,08/01/2008,09/30/2043,UNCHANGED,N/A,$0.00,0.00%,2026-08-05: $1.00
Storage Devices,RAID Settings,HPE OCA > DL380 Gen12 SFF [P73282-B21] > Storage Devices > RAID Settings,Storage Controller,max 1,1,,339781-B21,Standard,HPE RAID FIO Advanced Data Guarding Option,0,1.00,,NA,,,08/01/2008,09/30/2043,UNCHANGED,N/A,$0.00,0.00%,2026-08-05: $1.00
Storage Devices,RAID Settings,HPE OCA > DL380 Gen12 SFF [P73282-B21] > Storage Devices > RAID Settings,Storage Controller,max 1,1,,389692-B21,Standard,HPE Customer Defined RAID Setting Service,0,1.00,,NA,,,02/02/2005,12/31/2043,UNCHANGED,N/A,$0.00,0.00%,2026-08-05: $1.00
Storage Devices,Optical Drive,HPE OCA > DL380 Gen12 SFF [P73282-B21] > Storage Devices > Optical Drive,Hardware Component,max 1,1,,726536-B21,Standard,HPE 9.5mm SATA DVD-ROM Optical Drive,0,124.00,,NA,,,09/09/2014,12/31/2027,UNCHANGED,N/A,$0.00,0.00%,2026-08-05: $124.00
Storage Devices,Optical Drive,HPE OCA > DL380 Gen12 SFF [P73282-B21] > Storage Devices > Optical Drive,Hardware Component,max 1,1,,726537-B21,Standard,HPE 9.5mm SATA DVD-RW Optical Drive,0,161.00,,NA,,,09/09/2014,12/31/2027,UNCHANGED,N/A,$0.00,0.00%,2026-08-05: $161.00
Factory Configuration Settings,Identifier/Tracking SKUs,HPE OCA > DL380 Gen12 SFF [P73282-B21] > Factory Configuration Settings > Identifier/Tracking SKUs,Hardware Component,max 1,1,BTO products are not allowed in CTO Base Model.,701498-B21,Standard,HPE Mobile USB DVD-RW Optical Drive,0,203.00,,NA,,,08/13/2012,12/31/2027,UNCHANGED,N/A,$0.00,0.00%,2026-08-05: $203.00
Storage Devices,Optical Drive Accessories,HPE OCA > DL380 Gen12 SFF [P73282-B21] > Storage Devices > Optical Drive Accessories,Interconnect / Cable,max 2,2,,P72199-B21,Standard,HPE ProLiant Compute Gen12 Optical Disk Drive USB to SATA Signal Cable Kit,0,55.00,,NA,,,02/24/2025,02/28/2028,UNCHANGED,N/A,$0.00,0.00%,2026-08-05: $55.00
Factory Configuration Settings,vSAN Tracking SKUs,HPE OCA > DL380 Gen12 SFF [P73282-B21] > Factory Configuration Settings > vSAN Tracking SKUs,Enablement / Cage,max 1,1,Supported with 8LFF CTO Server only.,P74752-B21,Standard,HPE ProLiant Compute Gen12 LFF ODD/Display Port Enablement Kit,0,105.00,,NA,,,02/24/2025,02/28/2028,UNCHANGED,N/A,$0.00,0.00%,2026-08-05: $105.00
Factory Configuration Settings,vSAN Tracking SKUs,HPE OCA > DL380 Gen12 SFF [P73282-B21] > Factory Configuration Settings > vSAN Tracking SKUs,Hardware Component,max 1,1,BTO products are not allowed in CTO Base Model.,807878-B21,Standard,HPE Gen9 LFF HDD Spade Blank Kit,0,32.00,,NA,,,09/24/2015,06/30/2029,UNCHANGED,N/A,$0.00,0.00%,2026-08-05: $32.00
Factory Configuration Settings,vSAN Tracking SKUs,HPE OCA > DL380 Gen12 SFF [P73282-B21] > Factory Configuration Settings > vSAN Tracking SKUs,Hardware Component,max 1,1,BTO products are not allowed in CTO Base Model.,666987-B21,Standard,HPE Small Form Factor Hard Drive Blank Kit,0,18.00,,NA,,,03/06/2012,06/30/2029,UNCHANGED,N/A,$0.00,0.00%,2026-08-05: $18.00
Security Options,Security Hardware,HPE OCA > DL380 Gen12 SFF [P73282-B21] > Security Options > Security Hardware,Hardware Component,max 3,3,,875519-B21,Standard,HPE Bezel Lock Kit,0,89.00,,NA,,,07/11/2017,06/30/2029,UNCHANGED,N/A,$0.00,0.00%,2026-08-05: $89.00
Security Options,Security Hardware,HPE OCA > DL380 Gen12 SFF [P73282-B21] > Security Options > Security Hardware,Interconnect / Cable,max 3,3,,P48922-B21,Standard,HPE ProLiant DL3XX Gen11 Intrusion Cable Kit,0,38.00,,NA,,,11/10/2022,09/30/2028,UNCHANGED,N/A,$0.00,0.00%,2026-08-05: $38.00
Security Options,Security Hardware,HPE OCA > DL380 Gen12 SFF [P73282-B21] > Security Options > Security Hardware,Hardware Component,max 3,3,,P50400-B21,Standard,HPE Gen11 2U Bezel Kit,0,88.00,,NA,,,11/10/2022,09/30/2028,UNCHANGED,N/A,$0.00,0.00%,2026-08-05: $88.00
Security Options,Security Hardware,HPE OCA > DL380 Gen12 SFF [P73282-B21] > Security Options > Security Hardware,Hardware Component,max 3,3,,S6B45A,Standard,Yong Hau HPE-OEM-02 2U Bezel Kit,0,88.00,,NA,,,02/13/2025,03/31/2029,UNCHANGED,N/A,$0.00,0.00%,2026-08-05: $88.00
Factory Configuration Settings,Factory Configuration Settings,HPE OCA > DL380 Gen12 SFF [P73282-B21] > Factory Configuration Settings > Factory Configuration Settings,Enablement / Cage,max 1,1,,P35876-B21,Standard,HPE CE Mark Removal FIO Enablement Kit,0,1.00,,NA,,,10/05/2020,07/31/2028,UNCHANGED,N/A,$0.00,0.00%,2026-08-05: $1.00
Factory Configuration Settings,Trusted Supply Chain,HPE OCA > DL380 Gen12 SFF [P73282-B21] > Factory Configuration Settings > Trusted Supply Chain,Hardware Component,max 1,1,,P36394-B21,Standard,HPE Trusted Supply Chain for HPE ProLiant,0,"1,839.00",,NA,,,09/08/2020,05/31/2028,UNCHANGED,N/A,$0.00,0.00%,2026-08-05: $1839.00
Factory Configuration Settings,Drive Configuration Settings,HPE OCA > DL380 Gen12 SFF [P73282-B21] > Factory Configuration Settings > Drive Configuration Settings,Enablement / Cage,max 1,1,,P79376-B21,Standard,HPE ProLiant Compute DL380 Gen12 1P Multiple Purpose Cage FIO Bundle Kit,0,1.00,,NA,,,02/24/2025,02/28/2028,UNCHANGED,N/A,$0.00,0.00%,2026-08-05: $1.00
Factory Configuration Settings,Drive Configuration Settings,HPE OCA > DL380 Gen12 SFF [P73282-B21] > Factory Configuration Settings > Drive Configuration Settings,Enablement / Cage,max 1,1,,P79379-B21,Standard,HPE ProLiant Compute DL380 Gen12 2P Multiple Purpose Cage FIO Bundle Kit,0,1.00,,NA,,,02/24/2025,02/28/2028,UNCHANGED,N/A,$0.00,0.00%,2026-08-05: $1.00
Factory Configuration Settings,Complex Configuration,HPE OCA > DL380 Gen12 SFF [P73282-B21] > Factory Configuration Settings > Complex Configuration,Enablement / Cage,max 1,1,,P79308-B21,Standard,HPE ProLiant Compute DL380 Gen12 16SFF Drive Cage Box 1/2 FIO Kit,0,1.00,,NA,,,02/24/2025,02/28/2028,UNCHANGED,N/A,$0.00,0.00%,2026-08-05: $1.00
Factory Configuration Settings,Complex Configuration,HPE OCA > DL380 Gen12 SFF [P73282-B21] > Factory Configuration Settings > Complex Configuration,Enablement / Cage,max 1,1,,P79311-B21,Standard,HPE ProLiant Compute DL380 Gen12 8SFF Drive Cage Box 1 FIO Kit,0,1.00,,NA,,,02/24/2025,02/28/2028,UNCHANGED,N/A,$0.00,0.00%,2026-08-05: $1.00
Factory Configuration Settings,Complex Configuration,HPE OCA > DL380 Gen12 SFF [P73282-B21] > Factory Configuration Settings > Complex Configuration,Enablement / Cage,max 1,1,,P79314-B21,Standard,HPE ProLiant Compute DL380 Gen12 8SFF Drive Cage Box 2 FIO Kit,0,1.00,,NA,,,02/24/2025,02/28/2028,UNCHANGED,N/A,$0.00,0.00%,2026-08-05: $1.00
Networking,Transceivers,HPE OCA > DL380 Gen12 SFF [P73282-B21] > Networking > Transceivers,Enablement / Cage,max 16,16,Supported with 12EDSFF CTO Server only.,P87692-B21,Standard,HPE ProLiant Compute DL380 Gen12 12EDSFF Drive Cage Box 3 FIO Kit,0,1.00,,NA,,,02/02/2026,06/30/2029,UNCHANGED,N/A,$0.00,0.00%,2026-08-05: $1.00
Networking,Transceivers,HPE OCA > DL380 Gen12 SFF [P73282-B21] > Networking > Transceivers,Storage Controller,max 16,16,Supported with 12EDSFF CTO Server only.,P92742-B21,Standard,HPE ProLiant Compute DL380 Gen12 x2 EDSFF Controller Attach FIO Kit,0,1.00,,NA,,,08/03/2026,06/30/2029,UNCHANGED,N/A,$0.00,0.00%,2026-08-05: $1.00
Networking,Fibre Channel HBA,HPE OCA > DL380 Gen12 SFF [P73282-B21] > Networking > Fibre Channel HBA,FIO Setting / Preset,max 3,3,,436007-B21,Standard,HPE 200GB Logical Size FIO Setting,0,1.00,,NA,,,08/26/2008,04/01/2025,UNCHANGED,N/A,$0.00,0.00%,2026-08-05: $1.00
Factory Configuration Settings,Identifier/Tracking SKUs,HPE OCA > DL380 Gen12 SFF [P73282-B21] > Factory Configuration Settings > Identifier/Tracking SKUs,FIO Setting / Preset,max 1,1,,P42104-B21,Standard,HPE ProLiant Platform Certificate and IDevID iLO FIO Setting,0,1.00,,NA,,,06/21/2021,06/30/2031,UNCHANGED,N/A,$0.00,0.00%,2026-08-05: $1.00
Factory Configuration Settings,vSAN Tracking SKUs,HPE OCA > DL380 Gen12 SFF [P73282-B21] > Factory Configuration Settings > vSAN Tracking SKUs,FIO Setting / Preset,max 1,1,,P63226-B21,Standard,HPE ProLiant vSAN ReadyNode Express Storage Architecture FIO Tracking,0,1.00,,NA,,,05/01/2023,05/31/2028,UNCHANGED,N/A,$0.00,0.00%,2026-08-05: $1.00
Factory Configuration Settings,vSAN Tracking SKUs,HPE OCA > DL380 Gen12 SFF [P73282-B21] > Factory Configuration Settings > vSAN Tracking SKUs,FIO Setting / Preset,max 1,1,,P27078-B21,Standard,HPE ProLiant DL300 Gen10 Plus Platform RAS OS Control FIO Setting,0,1.00,,NA,,,04/06/2021,06/30/2028,UNCHANGED,N/A,$0.00,0.00%,2026-08-05: $1.00
Factory Configuration Settings,iLO Common Password,HPE OCA > DL380 Gen12 SFF [P73282-B21] > Factory Configuration Settings > iLO Common Password,FIO Setting / Preset,max 1,1,,P08040-B21,Standard,HPE iLO Common Password FIO Setting,0,1.00,,NA,,,12/02/2019,06/30/2028,UNCHANGED,N/A,$0.00,0.00%,2026-08-05: $1.00
Networking,Ethernet PCIe,HPE OCA > DL380 Gen12 SFF [P73282-B21] > Networking > Ethernet PCIe,Networking,max 5,5,,R8M41A,Standard,NVIDIA Ethernet 100Gb 2-port NVMe-oF Offload Adapter for HPE,0,"3,999.00",,NA,,,05/02/2022,11/30/2027,UNCHANGED,N/A,$0.00,0.00%,2026-08-05: $3999.00
Networking,Ethernet PCIe,HPE OCA > DL380 Gen12 SFF [P73282-B21] > Networking > Ethernet PCIe,Networking,max 5,5,,S2A69A,Standard,NVIDIA Ethernet 10/25Gb 2-port SFP28 NVMe-oF Crypto Adapter for HPE,0,"1,650.00",,NA,,,03/04/2024,11/30/2028,UNCHANGED,N/A,$0.00,0.00%,2026-08-05: $1650.00
Networking,Ethernet PCIe,HPE OCA > DL380 Gen12 SFF [P73282-B21] > Networking > Ethernet PCIe,Networking,max 5,5,,P08443-B21,Standard,Intel E810-XXVDA2 Ethernet 10/25Gb 2-port SFP28 Adapter for HPE,0,"1,680.00",,NA,,,04/06/2021,11/30/2027,UNCHANGED,N/A,$0.00,0.00%,2026-08-05: $1680.00
Networking,Ethernet PCIe,HPE OCA > DL380 Gen12 SFF [P73282-B21] > Networking > Ethernet PCIe,Networking,max 5,5,,P25960-B21,Standard,Mellanox MCX623106AS-CDAT Ethernet 100Gb 2-port QSFP56 Adapter for HPE,0,"4,373.00",,NA,,,09/28/2020,12/31/2028,UNCHANGED,N/A,$0.00,0.00%,2026-08-05: $4373.00
Networking,Ethernet PCIe,HPE OCA > DL380 Gen12 SFF [P73282-B21] > Networking > Ethernet PCIe,Networking,max 5,5,,P26253-B21,Standard,Broadcom BCM57416 Ethernet 10Gb 2-port BASE-T Adapter for HPE,0,"1,105.00",,NA,,,11/02/2020,12/31/2028,UNCHANGED,N/A,$0.00,0.00%,2026-08-05: $1105.00
Networking,Ethernet PCIe,HPE OCA > DL380 Gen12 SFF [P73282-B21] > Networking > Ethernet PCIe,Networking,max 5,5,,P26259-B21,Standard,Broadcom BCM57412 Ethernet 10Gb 2-port SFP+ Adapter for HPE,0,940.00,,NA,,,10/05/2020,12/31/2028,UNCHANGED,N/A,$0.00,0.00%,2026-08-05: $940.00
Networking,Ethernet PCIe,HPE OCA > DL380 Gen12 SFF [P73282-B21] > Networking > Ethernet PCIe,Networking,max 5,5,,P26262-B21,Standard,Broadcom BCM57414 Ethernet 10/25Gb 2-port SFP28 Adapter for HPE,0,"1,184.00",,NA,,,10/05/2020,12/31/2028,UNCHANGED,N/A,$0.00,0.00%,2026-08-05: $1184.00
Networking,Ethernet PCIe,HPE OCA > DL380 Gen12 SFF [P73282-B21] > Networking > Ethernet PCIe,Networking,max 5,5,,P42044-B21,Standard,Mellanox MCX631102AS-ADAT Ethernet 10/25Gb 2-port SFP28 Adapter for HPE,0,"1,500.00",,NA,,,02/07/2022,12/31/2028,UNCHANGED,N/A,$0.00,0.00%,2026-08-05: $1500.00
Networking,Ethernet PCIe,HPE OCA > DL380 Gen12 SFF [P73282-B21] > Networking > Ethernet PCIe,Networking,max 5,5,,P51178-B21,Standard,Broadcom BCM5719 Ethernet 1Gb 4-port BASE-T Adapter for HPE,0,485.00,,NA,,,06/06/2022,12/31/2028,UNCHANGED,N/A,$0.00,0.00%,2026-08-05: $485.00
Networking,Ethernet PCIe,HPE OCA > DL380 Gen12 SFF [P73282-B21] > Networking > Ethernet PCIe,Networking,max 5,5,,P21112-B21,Standard,Intel E810-CQDA2 Ethernet 100Gb 2-port QSFP28 Adapter for HPE,0,"3,600.00",,NA,,,04/06/2021,12/31/2028,UNCHANGED,N/A,$0.00,0.00%,2026-08-05: $3600.00
Networking,Ethernet PCIe,HPE OCA > DL380 Gen12 SFF [P73282-B21] > Networking > Ethernet PCIe,Networking,max 5,5,,P08458-B21,Standard,Intel E810-XXVDA4 Ethernet 10/25Gb 4-port SFP28 Adapter for HPE,0,"3,770.00",,NA,,,04/06/2021,12/31/2028,UNCHANGED,N/A,$0.00,0.00%,2026-08-05: $3770.00
Networking,Ethernet PCIe,HPE OCA > DL380 Gen12 SFF [P73282-B21] > Networking > Ethernet PCIe,Networking,max 5,5,,P21109-B21,Standard,Xilinx X2522-25G-PLUS Ethernet 10/25Gb 2-port SFP28 Adapter for HPE,0,"8,495.00",,NA,,,12/16/2019,04/30/2027,UNCHANGED,N/A,$0.00,0.00%,2026-08-05: $8495.00
Networking,Ethernet PCIe,HPE OCA > DL380 Gen12 SFF [P73282-B21] > Networking > Ethernet PCIe,Networking,max 5,5,,P26264-B21,Standard,Broadcom BCM57504 Ethernet 10/25Gb 4-port SFP28 Adapter for HPE,0,"2,598.00",,NA,,,09/06/2022,12/31/2028,UNCHANGED,N/A,$0.00,0.00%,2026-08-05: $2598.00
Networking,Ethernet PCIe,HPE OCA > DL380 Gen12 SFF [P73282-B21] > Networking > Ethernet PCIe,Networking,max 5,5,,P73111-B21,Standard,Broadcom BCM57608 Ethernet 100Gb 2-port QSFP112 Adapter for HPE,0,"4,855.00",,NA,,,03/03/2025,12/31/2028,UNCHANGED,N/A,$0.00,0.00%,2026-08-05: $4855.00
Networking,Ethernet PCIe,HPE OCA > DL380 Gen12 SFF [P73282-B21] > Networking > Ethernet PCIe,Networking,max 5,5,,P87940-B21,Standard,AMD Solarflare X4522-PLUS 10/25GbE 2-port SFP56 Adapter for HPE,0,"11,755.00",,NA,,,05/04/2026,09/30/2029,UNCHANGED,N/A,$0.00,0.00%,2026-08-05: $11755.00
Networking,InfiniBand PCIe,HPE OCA > DL380 Gen12 SFF [P73282-B21] > Networking > InfiniBand PCIe,Networking,max 3,3,,P79114-H21,Standard,HPE InfiniBand XDR/Ethernet 2x400GbE 1-port OSFP PCIe6 x16 HHHL CX8 Crypto Adapter,0,"8,910.00",,NA,,,11/03/2025,06/30/2029,UNCHANGED,N/A,$0.00,0.00%,2026-08-05: $8910.00
Networking,InfiniBand PCIe,HPE OCA > DL380 Gen12 SFF [P73282-B21] > Networking > InfiniBand PCIe,Networking,max 3,3,,P79115-H21,Standard,HPE InfiniBand XDR400/Ethernet 400GbE 2-port QSFP112 PCIe6 x16 HHHL CX8 Crypto Adapter,0,"8,910.00",,NA,,,11/03/2025,06/30/2029,UNCHANGED,N/A,$0.00,0.00%,2026-08-05: $8910.00
Networking,InfiniBand PCIe,HPE OCA > DL380 Gen12 SFF [P73282-B21] > Networking > InfiniBand PCIe,Networking,max 3,3,,P45641-B23,Standard,HPE InfiniBand NDR/Ethernet 400Gb 1-port OSFP PCIe5 x16 MCX75310AAS-NEAT Adapter,0,"6,377.00",,NA,,,06/03/2024,01/31/2026,UNCHANGED,N/A,$0.00,0.00%,2026-08-05: $6377.00
Networking,InfiniBand PCIe,HPE OCA > DL380 Gen12 SFF [P73282-B21] > Networking > InfiniBand PCIe,Networking,max 3,3,,P45641-H23,Standard,HPE InfiniBand NDR/Ethernet 400Gb 1-port OSFP PCIe5 x16 MCX75310AAS-NEAT Adapter,0,"6,377.00",,NA,,,06/03/2024,12/31/2026,UNCHANGED,N/A,$0.00,0.00%,2026-08-05: $6377.00
Networking,InfiniBand PCIe,HPE OCA > DL380 Gen12 SFF [P73282-B21] > Networking > InfiniBand PCIe,Networking,max 3,3,,P45641-H24,Standard,HPE InfiniBand NDR/Ethernet 400Gb 1-port OSFP PCIe5 x16 MCX75310AAS-NEAT Generic Adapter,0,"6,517.00",,NA,,,05/04/2026,06/30/2029,UNCHANGED,N/A,$0.00,0.00%,2026-08-05: $6517.00
Networking,InfiniBand PCIe,HPE OCA > DL380 Gen12 SFF [P73282-B21] > Networking > InfiniBand PCIe,Networking,max 3,3,,P45642-B22,Standard,HPE InfiniBand NDR200/Ethernet 200Gb 1-port OSFP PCIe5 x16 MCX75310AAS-HEAT Adapter,0,"4,568.00",,NA,,,06/03/2024,12/12/2025,UNCHANGED,N/A,$0.00,0.00%,2026-08-05: $4568.00
Networking,InfiniBand PCIe,HPE OCA > DL380 Gen12 SFF [P73282-B21] > Networking > InfiniBand PCIe,Networking,max 3,3,,P45642-H22,Standard,HPE InfiniBand NDR200/Ethernet 200Gb 1-port OSFP PCIe5 x16 MCX75310AAS-HEAT Adapter,0,"4,568.00",,NA,,,06/03/2024,12/12/2025,UNCHANGED,N/A,$0.00,0.00%,2026-08-05: $4568.00
Networking,InfiniBand PCIe,HPE OCA > DL380 Gen12 SFF [P73282-B21] > Networking > InfiniBand PCIe,Networking,max 3,3,,P45642-H23,Standard,HPE InfiniBand NDR200/Ethernet 200Gb 1-port OSFP PCIe5 x16 MCX75310AAS-HEAT Generic Adapter,0,"4,904.00",,NA,,,02/02/2026,12/31/2027,UNCHANGED,N/A,$0.00,0.00%,2026-08-05: $4904.00
Networking,InfiniBand PCIe,HPE OCA > DL380 Gen12 SFF [P73282-B21] > Networking > InfiniBand PCIe,Networking,max 3,3,,P65333-B21,Standard,HPE InfiniBand NDR200/Ethernet 200GbE 2-port QSFP112 PCIe5 x16 MCX755106AC-HEAT Adapter,0,"7,331.00",,NA,,,09/05/2023,01/31/2026,UNCHANGED,N/A,$0.00,0.00%,2026-08-05: $7331.00
Networking,InfiniBand PCIe,HPE OCA > DL380 Gen12 SFF [P73282-B21] > Networking > InfiniBand PCIe,Networking,max 3,3,,P65333-H21,Standard,HPE InfiniBand NDR200/Ethernet 200GbE 2-port QSFP112 PCIe5 x16 MCX755106AC-HEAT Adapter,0,"7,331.00",,NA,,,09/05/2023,12/31/2027,UNCHANGED,N/A,$0.00,0.00%,2026-08-05: $7331.00
Networking,InfiniBand PCIe,HPE OCA > DL380 Gen12 SFF [P73282-B21] > Networking > InfiniBand PCIe,Networking,max 3,3,,P79115-B21,Standard,HPE InfiniBand XDR400/Ethernet 400GbE 2-port QSFP112 PCIe6 x16 HHHL CX8 Crypto Adapter,0,"9,237.00",,NA,,,09/02/2025,09/19/2025,UNCHANGED,N/A,$0.00,0.00%,2026-08-05: $9237.00
Networking,InfiniBand PCIe,HPE OCA > DL380 Gen12 SFF [P73282-B21] > Networking > InfiniBand PCIe,Interconnect / Cable,max 3,3,,P81264-H21,Standard,HPE InfiniBand XDR PCIe Gen6 x16 Multi Host/Socket Direct Auxiliary Card with 250mm MCIO Cable Kit,0,734.00,,NA,,,11/03/2025,06/30/2027,UNCHANGED,N/A,$0.00,0.00%,2026-08-05: $734.00
Networking,Transceivers,HPE OCA > DL380 Gen12 SFF [P73282-B21] > Networking > Transceivers,Fabric & Interconnect,max 16,16,,Q8J73A,Standard,HPE 100GbE QSFP28 500m 1310mm PSM4 Transceiver,0,"3,495.00",,NA,,,12/18/2017,11/30/2028,UNCHANGED,N/A,$0.00,0.00%,2026-08-05: $3495.00
Networking,Transceivers,HPE OCA > DL380 Gen12 SFF [P73282-B21] > Networking > Transceivers,Interconnect / Cable,max 16,16,,Q9S71A,Standard,HPE 100GbE QSFP28 to QSFP28 5m Active Optical Cable,0,"1,899.00",,NA,,,09/04/2018,11/30/2028,UNCHANGED,N/A,$0.00,0.00%,2026-08-05: $1899.00
Networking,Transceivers,HPE OCA > DL380 Gen12 SFF [P73282-B21] > Networking > Transceivers,Fabric & Interconnect,max 16,16,,453151-B21,Standard,HPE BladeSystem c-Class Virtual Connect 1G SFP SX Transceiver,0,427.00,,NA,,,10/01/2007,07/31/2027,UNCHANGED,N/A,$0.00,0.00%,2026-08-05: $427.00
Networking,Transceivers,HPE OCA > DL380 Gen12 SFF [P73282-B21] > Networking > Transceivers,Fabric & Interconnect,max 16,16,,453154-B21,Standard,HPE BladeSystem CClass Virtual Connect 1G SFP RJ45 Transceiver,0,426.00,,NA,,,11/16/2007,07/31/2027,UNCHANGED,N/A,$0.00,0.00%,2026-08-05: $426.00
Networking,Transceivers,HPE OCA > DL380 Gen12 SFF [P73282-B21] > Networking > Transceivers,Fabric & Interconnect,max 16,16,,455883-B21,Standard,HPE BladeSystem c-Class 10Gb SFP+ SR Transceiver,0,842.00,,NA,,,12/01/2008,11/30/2030,UNCHANGED,N/A,$0.00,0.00%,2026-08-05: $842.00
Networking,Transceivers,HPE OCA > DL380 Gen12 SFF [P73282-B21] > Networking > Transceivers,Fabric & Interconnect,max 16,16,,455886-B21,Standard,HPE BladeSystem c-Class 10Gb SFP+ LR Transceiver,0,"1,751.00",,NA,,,12/01/2008,11/30/2030,UNCHANGED,N/A,$0.00,0.00%,2026-08-05: $1751.00
Networking,Transceivers,HPE OCA > DL380 Gen12 SFF [P73282-B21] > Networking > Transceivers,Fabric & Interconnect,max 16,16,,845398-B21,Standard,HPE 25Gb SFP28 SR 100m Transceiver,0,"2,110.00",,NA,,,06/06/2016,06/30/2028,UNCHANGED,N/A,$0.00,0.00%,2026-08-05: $2110.00
Networking,Transceivers,HPE OCA > DL380 Gen12 SFF [P73282-B21] > Networking > Transceivers,Fabric & Interconnect,max 16,16,,845966-B21,Standard,HPE 100Gb QSFP28 MPO SR4 100m Transceiver,0,"4,252.00",,NA,,,06/06/2016,11/30/2030,UNCHANGED,N/A,$0.00,0.00%,2026-08-05: $4252.00
Networking,Transceivers,HPE OCA > DL380 Gen12 SFF [P73282-B21] > Networking > Transceivers,Fabric & Interconnect,max 16,16,,845972-B21,Standard,HPE 100Gb QSFP28 Bidirectional Transceiver,0,"2,585.00",,NA,,,12/03/2018,07/27/2026,UNCHANGED,N/A,$0.00,0.00%,2026-08-05: $2585.00
Networking,Transceivers,HPE OCA > DL380 Gen12 SFF [P73282-B21] > Networking > Transceivers,Fabric & Interconnect,max 16,16,,P49764-B21,Standard,HPE InfiniBand NDR/Ethernet 1x400Gb OSFP Multi-mode 50m HCA-side Transceiver,0,"1,866.00",,NA,,,03/06/2023,12/31/2027,UNCHANGED,N/A,$0.00,0.00%,2026-08-05: $1866.00
Networking,Transceivers,HPE OCA > DL380 Gen12 SFF [P73282-B21] > Networking > Transceivers,Fabric & Interconnect,max 16,16,,P65334-B21,Standard,HPE InfiniBand NDR/Ethernet 400G QSFP112 MPO12 850nm Multi-mode 50m APC Transceiver,0,"3,875.00",,NA,,,09/05/2023,07/31/2027,UNCHANGED,N/A,$0.00,0.00%,2026-08-05: $3875.00
Networking,Transceivers,HPE OCA > DL380 Gen12 SFF [P73282-B21] > Networking > Transceivers,Fabric & Interconnect,max 16,16,,P79829-B21,Standard,HPE InfiniBand XDR/Ethernet 400GbE QSFP112 1-port Single-mode 500m Transceiver,0,"4,259.00",,NA,,,10/06/2025,06/30/2029,UNCHANGED,N/A,$0.00,0.00%,2026-08-05: $4259.00
Networking,Transceivers,HPE OCA > DL380 Gen12 SFF [P73282-B21] > Networking > Transceivers,Fabric & Interconnect,max 16,16,,P82314-B21,Standard,HPE InfiniBand XDR/Ethernet 800GbE OSFP 1-port Single-mode 500m HCA-side Transceiver,0,"4,939.00",,NA,,,10/06/2025,06/30/2029,UNCHANGED,N/A,$0.00,0.00%,2026-08-05: $4939.00
Networking,Transceivers,HPE OCA > DL380 Gen12 SFF [P73282-B21] > Networking > Transceivers,Fabric & Interconnect,max 16,16,,P86377-B21,Standard,HPE InfiniBand/Ethernet 2x400GbE OSFP 2-port Multi-mode 50m Flat-Top Transceiver,0,"3,682.00",,NA,,,11/03/2025,06/30/2029,UNCHANGED,N/A,$0.00,0.00%,2026-08-05: $3682.00
Networking,Transceivers,HPE OCA > DL380 Gen12 SFF [P73282-B21] > Networking > Transceivers,Fabric & Interconnect,max 16,16,,P87585-B21,Standard,HPE InfiniBand NDR/Ethernet 400Gb OSFP 1-port Single-mode 100m HCA-side Flat-Top Transceiver,0,"7,359.00",,NA,,,01/05/2026,06/30/2029,UNCHANGED,N/A,$0.00,0.00%,2026-08-05: $7359.00
Networking,Transceivers,HPE OCA > DL380 Gen12 SFF [P73282-B21] > Networking > Transceivers,Fabric & Interconnect,max 16,16,,P89422-B21,Standard,HPE Ethernet 1x400Gb OSFP 1-port Multi-mode 50m NIC-side Flat-Top Transceiver,0,"2,400.00",,NA,,,03/02/2026,06/30/2029,UNCHANGED,N/A,$0.00,0.00%,2026-08-05: $2400.00
Networking,Transceivers,HPE OCA > DL380 Gen12 SFF [P73282-B21] > Networking > Transceivers,Fabric & Interconnect,max 16,16,,P89423-B21,Standard,HPE Ethernet 1x400Gb QSFP112 1-port Multi-mode 50m NIC-side Flat-Top Transceiver,0,"2,428.00",,NA,,,03/02/2026,06/30/2029,UNCHANGED,N/A,$0.00,0.00%,2026-08-05: $2428.00
Networking,Transceivers,HPE OCA > DL380 Gen12 SFF [P73282-B21] > Networking > Transceivers,Fabric & Interconnect,max 16,16,,Q2F19A,Standard,HPE 100GbE QSFP28 SR4 100m Transceiver,0,"2,425.00",,NA,,,09/25/2017,11/30/2028,UNCHANGED,N/A,$0.00,0.00%,2026-08-05: $2425.00
Networking,Memory Setting,HPE OCA > DL380 Gen12 SFF [P73282-B21] > Networking > Memory Setting,Memory,max 1,1,These products are hidden due to Supply constraints,845970-B21,Standard,HPE QSFP28 to SFP28 Adapter,0,227.00,,NA,,,12/03/2018,11/30/2030,UNCHANGED,N/A,$0.00,0.00%,2026-08-05: $227.00
Networking,Fibre Channel HBA,HPE OCA > DL380 Gen12 SFF [P73282-B21] > Networking > Fibre Channel HBA,Storage Controller,max 3,3,,S4T09A,Standard,HPE SN1720E 64Gb 2p FC SecureHBA,0,"9,999.00",,NA,,,02/24/2025,12/31/2029,UNCHANGED,N/A,$0.00,0.00%,2026-08-05: $9999.00
Networking,Fibre Channel HBA,HPE OCA > DL380 Gen12 SFF [P73282-B21] > Networking > Fibre Channel HBA,Storage Controller,max 3,3,,S4S01A,Standard,HPE SN1620E 32Gb 2p FC SecureHBA,0,"5,499.00",,NA,,,02/24/2025,12/31/2029,UNCHANGED,N/A,$0.00,0.00%,2026-08-05: $5499.00
Networking,Fibre Channel HBA,HPE OCA > DL380 Gen12 SFF [P73282-B21] > Networking > Fibre Channel HBA,Networking,max 3,3,,R2E08A,Standard,HPE SN1610Q 32Gb 1-port Fibre Channel Host Bus Adapter,0,"4,675.00",,NA,,,10/07/2019,04/30/2027,UNCHANGED,N/A,$0.00,0.00%,2026-08-05: $4675.00
Networking,Fibre Channel HBA,HPE OCA > DL380 Gen12 SFF [P73282-B21] > Networking > Fibre Channel HBA,Networking,max 3,3,,R2E09A,Standard,HPE SN1610Q 32Gb 2-port Fibre Channel Host Bus Adapter,0,"7,410.00",,NA,,,10/07/2019,04/30/2027,UNCHANGED,N/A,$0.00,0.00%,2026-08-05: $7410.00
Networking,Fibre Channel HBA,HPE OCA > DL380 Gen12 SFF [P73282-B21] > Networking > Fibre Channel HBA,Networking,max 3,3,,R7N86A,Standard,HPE SN1700Q 64Gb 1-port Fibre Channel Host Bus Adapter,0,"9,688.00",,NA,,,02/06/2023,04/30/2027,UNCHANGED,N/A,$0.00,0.00%,2026-08-05: $9688.00
Networking,Fibre Channel HBA,HPE OCA > DL380 Gen12 SFF [P73282-B21] > Networking > Fibre Channel HBA,Networking,max 3,3,,R7N87A,Standard,HPE SN1700Q 64Gb 2-port Fibre Channel Host Bus Adapter,0,"12,800.00",,NA,,,02/06/2023,04/30/2027,UNCHANGED,N/A,$0.00,0.00%,2026-08-05: $12800.00
Networking,OCP Ethernet,HPE OCA > DL380 Gen12 SFF [P73282-B21] > Networking > OCP Ethernet,Networking,max 2,2,,P10115-B21,Standard,Broadcom BCM57414 Ethernet 10/25Gb 2-port SFP28 OCP3 Adapter for HPE,0,"1,231.00",,NA,,,11/02/2020,12/31/2028,UNCHANGED,N/A,$0.00,0.00%,2026-08-05: $1231.00
Networking,OCP Ethernet,HPE OCA > DL380 Gen12 SFF [P73282-B21] > Networking > OCP Ethernet,Networking,max 2,2,,P42041-B21,Standard,Mellanox MCX631432AS-ADAI Ethernet 10/25Gb 2-port SFP28 OCP3 Adapter for HPE,0,"1,398.00",,NA,,,02/07/2022,12/31/2028,UNCHANGED,N/A,$0.00,0.00%,2026-08-05: $1398.00
Networking,OCP Ethernet,HPE OCA > DL380 Gen12 SFF [P73282-B21] > Networking > OCP Ethernet,Networking,max 2,2,,P51181-B21,Standard,Broadcom BCM5719 Ethernet 1Gb 4-port BASE-T OCP3 Adapter for HPE,1,485.00,,485.00,,,06/06/2022,12/31/2028,UNCHANGED,N/A,$0.00,0.00%,2026-08-05: $485.00
Networking,OCP Ethernet,HPE OCA > DL380 Gen12 SFF [P73282-B21] > Networking > OCP Ethernet,Networking,max 2,2,,P22767-B21,Standard,Intel E810-CQDA2 Ethernet 100Gb 2-port QSFP28 OCP3 Adapter for HPE,0,"3,600.00",,NA,,,04/06/2021,12/31/2028,UNCHANGED,N/A,$0.00,0.00%,2026-08-05: $3600.00
Networking,OCP Ethernet,HPE OCA > DL380 Gen12 SFF [P73282-B21] > Networking > OCP Ethernet,Networking,max 2,2,,P26256-B21,Standard,Broadcom BCM57412 Ethernet 10Gb 2-port SFP+ OCP3 Adapter for HPE,0,940.00,,NA,,,10/05/2020,12/31/2028,UNCHANGED,N/A,$0.00,0.00%,2026-08-05: $940.00
Networking,OCP Ethernet,HPE OCA > DL380 Gen12 SFF [P73282-B21] > Networking > OCP Ethernet,Networking,max 2,2,,P10097-B21,Standard,Broadcom BCM57416 Ethernet 10Gb 2-port BASE-T OCP3 Adapter for HPE,0,"1,105.00",,NA,,,11/02/2020,12/31/2028,UNCHANGED,N/A,$0.00,0.00%,2026-08-05: $1105.00
Networking,OCP Ethernet,HPE OCA > DL380 Gen12 SFF [P73282-B21] > Networking > OCP Ethernet,Networking,max 2,2,,P10106-B21,Standard,Intel E810-XXVDA2 Ethernet 10/25Gb 2-port SFP28 OCP3 Adapter for HPE,0,"1,680.00",,NA,,,04/06/2021,11/30/2027,UNCHANGED,N/A,$0.00,0.00%,2026-08-05: $1680.00
Networking,OCP Ethernet,HPE OCA > DL380 Gen12 SFF [P73282-B21] > Networking > OCP Ethernet,Networking,max 2,2,,P26269-B21,Standard,Broadcom BCM57504 Ethernet 10/25Gb 4-port SFP28 OCP3 Adapter for HPE,0,"2,598.00",,NA,,,09/06/2022,12/31/2028,UNCHANGED,N/A,$0.00,0.00%,2026-08-05: $2598.00
Networking,OCP Ethernet,HPE OCA > DL380 Gen12 SFF [P73282-B21] > Networking > OCP Ethernet,Networking,max 2,2,,P41614-B21,Standard,Intel E810-XXVDA4 Ethernet 10/25Gb 4-port SFP28 OCP3 Adapter for HPE,0,"3,770.00",,NA,,,08/02/2021,12/31/2028,UNCHANGED,N/A,$0.00,0.00%,2026-08-05: $3770.00
Networking,OCP Ethernet,HPE OCA > DL380 Gen12 SFF [P73282-B21] > Networking > OCP Ethernet,Networking,max 2,2,,P73114-B21,Standard,Broadcom BCM57608 Ethernet 100Gb 2-port QSFP112 OCP3 Adapter for HPE,0,"4,855.00",,NA,,,03/03/2025,12/31/2028,UNCHANGED,N/A,$0.00,0.00%,2026-08-05: $4855.00
Networking,OCP Ethernet,HPE OCA > DL380 Gen12 SFF [P73282-B21] > Networking > OCP Ethernet,Networking,max 2,2,,P79833-B21,Standard,Intel E610-IT4 Ethernet 1Gb 4-port BASE-T OCP3 Adapter for HPE,0,"1,580.00",,NA,,,09/02/2025,12/31/2028,UNCHANGED,N/A,$0.00,0.00%,2026-08-05: $1580.00
Manufacturing Services,Manufacturing Services,HPE OCA > DL380 Gen12 SFF [P73282-B21] > Manufacturing Services > Manufacturing Services,Networking,max 3,3,Private Product is not valid for current customer account,P89140-B21,Standard,HPE 100G 2p MCX623436AN OCP3 Spl Adp,0,"7,749.00",,NA,,,02/14/2026,06/30/2027,UNCHANGED,N/A,$0.00,0.00%,2026-08-05: $7749.00
Rack Options,Rack Options,HPE OCA > DL380 Gen12 SFF [P73282-B21] > Rack Options > Rack Options,Interconnect / Cable,max 3,3,BTO products are not allowed in CTO Base Model.,AJ833A,Standard,HPE LC to LC Multi-mode OM3 2-Fiber 0.5m 1-Pack Fiber Optic Cable,0,65.00,,NA,,,06/13/2008,11/30/2028,UNCHANGED,N/A,$0.00,0.00%,2026-08-05: $65.00
Rack Options,Rack Options,HPE OCA > DL380 Gen12 SFF [P73282-B21] > Rack Options > Rack Options,Interconnect / Cable,max 3,3,BTO products are not allowed in CTO Base Model.,AJ836A,Standard,HPE LC to LC Multi-mode OM3 2-Fiber 5.0m 1-Pack Fiber Optic Cable,0,115.00,,NA,,,06/13/2008,11/30/2028,UNCHANGED,N/A,$0.00,0.00%,2026-08-05: $115.00
Rack Options,Rack Options,HPE OCA > DL380 Gen12 SFF [P73282-B21] > Rack Options > Rack Options,Interconnect / Cable,max 3,3,BTO products are not allowed in CTO Base Model.,AJ838A,Standard,HPE LC to LC Multi-mode OM3 2-Fiber 30.0m 1-Pack Fiber Optic Cable,0,208.00,,NA,,,06/13/2008,11/30/2028,UNCHANGED,N/A,$0.00,0.00%,2026-08-05: $208.00
Rack Options,Rack Options,HPE OCA > DL380 Gen12 SFF [P73282-B21] > Rack Options > Rack Options,Interconnect / Cable,max 3,3,BTO products are not allowed in CTO Base Model.,AJ839A,Standard,HPE LC to LC Multi-mode OM3 2-Fiber 50.0m 1-Pack Fiber Optic Cable,0,253.00,,NA,,,06/13/2008,11/30/2028,UNCHANGED,N/A,$0.00,0.00%,2026-08-05: $253.00
Rack Options,Rack Options,HPE OCA > DL380 Gen12 SFF [P73282-B21] > Rack Options > Rack Options,Interconnect / Cable,max 3,3,BTO products are not allowed in CTO Base Model.,AJ834A,Standard,HPE LC to LC Multi-mode OM3 2-Fiber 1.0m 1-Pack Fiber Optic Cable,0,70.00,,NA,,,06/13/2008,11/30/2028,UNCHANGED,N/A,$0.00,0.00%,2026-08-05: $70.00
Rack Options,Rack Options,HPE OCA > DL380 Gen12 SFF [P73282-B21] > Rack Options > Rack Options,Interconnect / Cable,max 3,3,BTO products are not allowed in CTO Base Model.,AJ837A,Standard,HPE LC to LC Multi-mode OM3 2-Fiber 15.0m 1-Pack Fiber Optic Cable,0,162.00,,NA,,,06/13/2008,11/30/2028,UNCHANGED,N/A,$0.00,0.00%,2026-08-05: $162.00
Networking,Upgrades,HPE OCA > DL380 Gen12 SFF [P73282-B21] > Networking > Upgrades,Interconnect / Cable,max 2,2,,P72201-B21,Standard,HPE ProLiant Compute DL3XX/ML350 Gen12 CPU1 to Rear OCP SlotA x16 Cable Kit,0,84.00,,NA,,,02/24/2025,02/28/2028,UNCHANGED,N/A,$0.00,0.00%,2026-08-05: $84.00
Networking,Upgrades,HPE OCA > DL380 Gen12 SFF [P73282-B21] > Networking > Upgrades,Interconnect / Cable,max 2,2,,P72203-B21,Standard,HPE ProLiant Compute DL3XX/ML350 Gen12 CPU1 to Rear OCP SlotB x8 Cable Kit,1,77.00,,77.00,,,02/24/2025,02/28/2028,UNCHANGED,N/A,$0.00,0.00%,2026-08-05: $77.00
Networking,Upgrades,HPE OCA > DL380 Gen12 SFF [P73282-B21] > Networking > Upgrades,Interconnect / Cable,max 2,2,,P72205-B21,Standard,HPE ProLiant Compute DL3XX/ML350 Gen12 CPU2 to Rear OCP SlotB x8 Cable Kit,0,84.00,,NA,,,02/24/2025,02/28/2028,UNCHANGED,N/A,$0.00,0.00%,2026-08-05: $84.00
Networking,Upgrades,HPE OCA > DL380 Gen12 SFF [P73282-B21] > Networking > Upgrades,Interconnect / Cable,max 2,2,,P72207-B21,Standard,HPE ProLiant Compute DL3XX/ML350 Gen12 CPU2 to Rear OCP SlotB x16 Cable Kit,0,164.00,,NA,,,02/24/2025,02/28/2028,UNCHANGED,N/A,$0.00,0.00%,2026-08-05: $164.00
Networking,Upgrades,HPE OCA > DL380 Gen12 SFF [P73282-B21] > Networking > Upgrades,Enablement / Cage,max 2,2,,P74757-B21,Standard,HPE ProLiant Compute Gen12 Front Primary OCP Box2 Bay9 Enablement Kit,0,NA,,NA,,,05/05/2025,06/30/2029,UNCHANGED,N/A,$0.00,0.00%,2026-08-05: $0.00
Networking,Upgrades,HPE OCA > DL380 Gen12 SFF [P73282-B21] > Networking > Upgrades,Enablement / Cage,max 2,2,,P74758-B21,Standard,HPE ProLiant Compute Gen12 Front Secondary OCP Box2 Bay11 Enablement Kit,0,NA,,NA,,,05/05/2025,06/30/2029,UNCHANGED,N/A,$0.00,0.00%,2026-08-05: $0.00
Networking,Management Hardware,HPE OCA > DL380 Gen12 SFF [P73282-B21] > Networking > Management Hardware,Interconnect / Cable,max 1,1,,P48824-B21,Standard,HPE ProLiant DL380/DL560 Gen11 2U Rear Serial Port Cable Kit,0,28.00,,NA,,,01/10/2023,05/31/2028,UNCHANGED,N/A,$0.00,0.00%,2026-08-05: $28.00
Networking,Memory Setting,HPE OCA > DL380 Gen12 SFF [P73282-B21] > Networking > Memory Setting,FIO Setting / Preset,max 1,1,,875293-B21,Standard,HPE Smart Memory Fast Fault Tolerance FIO Setting,0,1.00,,NA,NA,,07/11/2017,05/31/2028,UNCHANGED,N/A,$0.00,0.00%,2026-08-05: $1.00
OS Boot Device,OS Boot Device,HPE OCA > DL380 Gen12 SFF [P73282-B21] > OS Boot Device > OS Boot Device,Hardware Component,max 3,3,,P78279-B21,Standard,HPE NS204i-u v2 480GB NVMe Hot Plug Boot Optimized Storage Device,0,"9,199.00",,NA,,,12/02/2024,04/30/2029,UNCHANGED,N/A,$0.00,0.00%,2026-08-05: $9199.00
OS Boot Device,OS Boot Device,HPE OCA > DL380 Gen12 SFF [P73282-B21] > OS Boot Device > OS Boot Device,Enablement / Cage,max 3,3,,P74755-B21,Standard,HPE ProLiant Compute DL380 Gen12 NS204i-u Rear Boot Device Enablement Kit,0,82.00,,NA,,,02/24/2025,06/30/2029,UNCHANGED,N/A,$0.00,0.00%,2026-08-05: $82.00
OS Boot Device,OS Boot Device,HPE OCA > DL380 Gen12 SFF [P73282-B21] > OS Boot Device > OS Boot Device,Enablement / Cage,max 3,3,,P74759-B21,Standard,HPE ProLiant Compute Gen12 NS204i-u Front Enablement Kit,0,108.00,,NA,,,02/24/2025,02/28/2028,UNCHANGED,N/A,$0.00,0.00%,2026-08-05: $108.00
OS Boot Device,OS Boot Device,HPE OCA > DL380 Gen12 SFF [P73282-B21] > OS Boot Device > OS Boot Device,Enablement / Cage,max 3,3,,P77928-B21,Standard,HPE ProLiant Compute DL380 Gen12 NS204i-u Rear Hot Plug FIO Enablement Kit,0,1.00,,NA,,,02/24/2025,02/28/2028,UNCHANGED,N/A,$0.00,0.00%,2026-08-05: $1.00
OS Boot Device,OS Boot Device,HPE OCA > DL380 Gen12 SFF [P73282-B21] > OS Boot Device > OS Boot Device,Hardware Component,max 3,3,,P81160-B21,Standard,HPE NS204i-u v2 960GB NVMe Hot Plug Boot Optimized Storage Device,0,"14,299.00",,NA,,,07/07/2025,04/30/2029,UNCHANGED,N/A,$0.00,0.00%,2026-08-05: $14299.00
OS Boot Device,OS Boot Device,HPE OCA > DL380 Gen12 SFF [P73282-B21] > OS Boot Device > OS Boot Device,Hardware Component,max 3,3,,P81162-B21,Standard,HPE NS204i-u v2 960GB NVMe SED Hot Plug Boot Optimized Storage Device,0,"14,299.00",,NA,,,07/07/2025,04/30/2029,UNCHANGED,N/A,$0.00,0.00%,2026-08-05: $14299.00
Manufacturing Services,Manufacturing Services,HPE OCA > DL380 Gen12 SFF [P73282-B21] > Manufacturing Services > Manufacturing Services,Interconnect / Cable,max 3,3,,469774-409,Standard,HPE Remove Standard Power Cords,0,1.00,,NA,,,12/17/2009,12/31/2030,UNCHANGED,N/A,$0.00,0.00%,2026-08-05: $1.00
Manufacturing Services,Manufacturing Services,HPE OCA > DL380 Gen12 SFF [P73282-B21] > Manufacturing Services > Manufacturing Services,Hardware Component,max 3,3,,P60283-B21,Standard,HPE OEM ProLiant DL380 Gen11 Over Pack FIO Shipping Kit,0,99.00,,NA,,,03/06/2023,11/30/2028,UNCHANGED,N/A,$0.00,0.00%,2026-08-05: $99.00
Manufacturing Services,Manufacturing Services,HPE OCA > DL380 Gen12 SFF [P73282-B21] > Manufacturing Services > Manufacturing Services,Hardware Component,max 3,3,,P73325-B21,Standard,HPE ProLiant Compute Localization FIO Kit,1,4.00,,4.00,,,02/24/2025,02/28/2028,UNCHANGED,N/A,$0.00,0.00%,2026-08-05: $4.00
Rack Options,Rack Options,HPE OCA > DL380 Gen12 SFF [P73282-B21] > Rack Options > Rack Options,Hardware Component,max 3,3,,P52341-B21,Standard,HPE ProLiant DL3XX Gen11 Easy Install Rail 3 Kit,1,164.00,,164.00,,,11/10/2022,05/31/2029,UNCHANGED,N/A,$0.00,0.00%,2026-08-05: $164.00
Rack Options,Rack Options,HPE OCA > DL380 Gen12 SFF [P73282-B21] > Rack Options > Rack Options,Interconnect / Cable,max 3,3,,P70744-B21,Standard,HPE ProLiant Compute DL3XX Gen12 2U Cable Management Arm for Rail Kit,0,172.00,,NA,,,02/24/2025,06/30/2028,UNCHANGED,N/A,$0.00,0.00%,2026-08-05: $172.00
Rack Options,Rack Options,HPE OCA > DL380 Gen12 SFF [P73282-B21] > Rack Options > Rack Options,Hardware Component,max 3,3,,P74748-B21,Standard,HPE ProLiant Compute DL380 Gen12 System Insight Display Kit,0,117.00,,NA,,,02/24/2025,06/30/2029,UNCHANGED,N/A,$0.00,0.00%,2026-08-05: $117.00
Graphics Options,Graphics,HPE OCA > DL380 Gen12 SFF [P73282-B21] > Graphics Options > Graphics,Hardware Component,max 5,5,,S2L70C,Standard,NVIDIA L40S 48GB PCIe Accelerator,0,"25,844.00",,NA,,,11/06/2023,04/30/2027,UNCHANGED,N/A,$0.00,0.00%,2026-08-05: $25844.00
Graphics Options,Graphics,HPE OCA > DL380 Gen12 SFF [P73282-B21] > Graphics Options > Graphics,Hardware Component,max 5,5,,S0K89C,Standard,NVIDIA L4 24GB PCIe Accelerator for HPE,0,"7,566.00",,NA,,,04/03/2023,04/30/2028,UNCHANGED,N/A,$0.00,0.00%,2026-08-05: $7566.00
Graphics Options,Graphics,HPE OCA > DL380 Gen12 SFF [P73282-B21] > Graphics Options > Graphics,Hardware Component,max 5,5,,S2D86C,Standard,NVIDIA H100 NVL 94GB PCIe Accelerator for HPE,0,"112,579.00",,NA,,,03/04/2024,02/02/2026,UNCHANGED,N/A,$0.00,0.00%,2026-08-05: $112579.00
Graphics Options,Graphics,HPE OCA > DL380 Gen12 SFF [P73282-B21] > Graphics Options > Graphics,Software & License,max 5,5,,S5T74C,Standard,NVIDIA RTX A1000 8GB PCIe Accelerator for HPE,0,"1,334.00",,NA,,,09/02/2025,05/31/2028,UNCHANGED,N/A,$0.00,0.00%,2026-08-05: $1334.00
Graphics Options,Graphics,HPE OCA > DL380 Gen12 SFF [P73282-B21] > Graphics Options > Graphics,Software & License,max 5,5,,S6W30C,Standard,NVIDIA RTX PRO 4500 Blackwell Server Edition 32GB PCIe Accelerator for HPE,0,"15,799.00",,NA,,,03/16/2026,12/31/2028,UNCHANGED,N/A,$0.00,0.00%,2026-08-05: $15799.00
Accessories,Power Cords,HPE OCA > DL380 Gen12 SFF [P73282-B21] > Accessories > Power Cords,Hardware Component,max 2,2,RTX Pro 6000/ RTX Pro 6000D/ H200 NVL GPU and 30C Ambient Temperature cannot be selected together.,S3U30C,Standard,NVIDIA H200 NVL 141GB PCIe Accelerator for HPE,0,"112,579.00",,NA,,,02/03/2025,12/31/2027,UNCHANGED,N/A,$0.00,0.00%,2026-08-05: $112579.00
Accessories,Power Cords,HPE OCA > DL380 Gen12 SFF [P73282-B21] > Accessories > Power Cords,Software & License,max 2,2,RTX Pro 6000/ RTX Pro 6000D/ H200 NVL GPU and 30C Ambient Temperature cannot be selected together.,S6A73C,Standard,NVIDIA RTX PRO 6000 Blackwell Server Edition 96GB PCIe Accelerator for HPE,0,"46,479.00",,NA,,,07/07/2025,12/31/2028,UNCHANGED,N/A,$0.00,0.00%,2026-08-05: $46479.00
Accessories,Power Cords,HPE OCA > DL380 Gen12 SFF [P73282-B21] > Accessories > Power Cords,Software & License,max 2,2,RTX Pro 6000/ RTX Pro 6000D/ H200 NVL GPU and 30C Ambient Temperature cannot be selected together.,S6W21C,Standard,NVIDIA RTX PRO 6000D 84GB PCIe Accelerator for HPE,0,"37,899.00",,NA,,,03/02/2026,12/31/2028,UNCHANGED,N/A,$0.00,0.00%,2026-08-05: $37899.00
AI-at-Scale,AI-at-Scale,HPE OCA > DL380 Gen12 SFF [P73282-B21] > AI-at-Scale > AI-at-Scale,Software & License,Unlimited,Unlimited,Private Product is not valid for current customer account,S7J51C,Standard,NVIDIA RTX Pro 5000 48GB Spl GPU,0,NA,,NA,,,10/24/2025,05/31/2027,UNCHANGED,N/A,$0.00,0.00%,2026-08-05: $0.00
Graphics Options,Graphics Accessories,HPE OCA > DL380 Gen12 SFF [P73282-B21] > Graphics Options > Graphics Accessories,Interconnect / Cable,max 3,3,,P56072-B21,Standard,HPE ProLiant DL380/DL560 Gen11 2U GPU Power Cable Kit,0,84.00,,NA,,,06/05/2023,05/31/2028,UNCHANGED,N/A,$0.00,0.00%,2026-08-05: $84.00
Graphics Options,Graphics Accessories,HPE OCA > DL380 Gen12 SFF [P73282-B21] > Graphics Options > Graphics Accessories,Interconnect / Cable,max 3,3,,P77896-B21,Standard,HPE ProLiant DL380 Compute Gen11 2U 8-pin GPU Power Cable Kit,0,115.00,,NA,,,01/06/2025,05/31/2028,UNCHANGED,N/A,$0.00,0.00%,2026-08-05: $115.00
Graphics Options,Graphics Accessories,HPE OCA > DL380 Gen12 SFF [P73282-B21] > Graphics Options > Graphics Accessories,Interconnect / Cable,max 3,3,,P93055-B21,Standard,HPE GPU 16-pin Power Cable Kit,0,53.00,,NA,,,07/06/2026,06/30/2029,UNCHANGED,N/A,$0.00,0.00%,2026-08-05: $53.00
Power Supplies,Power Supplies,HPE OCA > DL380 Gen12 SFF [P73282-B21] > Power Supplies > Power Supplies,Power & Thermal,max 2,2,,P03178-B21,Standard,HPE 1000W Flex Slot Titanium Hot Plug Power Supply Kit,2,926.00,,"1,852.00",,,12/05/2022,06/30/2028,UNCHANGED,N/A,$0.00,0.00%,2026-08-05: $926.00
HPC Software Products,High Availability Computing - Cluster Software,HPE OCA > DL380 Gen12 SFF [P73282-B21] > HPC Software Products > High Availability Computing - Cluster Software,Power & Thermal,Unlimited,Unlimited,Mixing of Power supplies are not allowed.,P38995-B21,Standard,HPE 800W Flex Slot Platinum Hot Plug Low Halogen Power Supply Kit,0,524.00,,NA,,,02/01/2021,06/30/2028,UNCHANGED,N/A,$0.00,0.00%,2026-08-05: $524.00
HPC Software Products,High Availability Computing - Cluster Software,HPE OCA > DL380 Gen12 SFF [P73282-B21] > HPC Software Products > High Availability Computing - Cluster Software,Power & Thermal,Unlimited,Unlimited,Mixing of Power supplies are not allowed.,P38997-B21,Standard,HPE 1600W Flex Slot Platinum Hot Plug Low Halogen Power Supply Kit,0,890.00,,NA,,,02/01/2021,06/30/2028,UNCHANGED,N/A,$0.00,0.00%,2026-08-05: $890.00
HPC Software Products,High Availability Computing - Cluster Software,HPE OCA > DL380 Gen12 SFF [P73282-B21] > HPC Software Products > High Availability Computing - Cluster Software,Power & Thermal,Unlimited,Unlimited,Mixing of Power supplies are not allowed.,P44712-B21,Standard,HPE 1800W-2200W Flex Slot Titanium Hot Plug Power Supply Kit,0,"1,588.00",,NA,,,03/06/2023,11/30/2030,UNCHANGED,N/A,$0.00,0.00%,2026-08-05: $1588.00
HPC Software Products,High Availability Computing - Cluster Software,HPE OCA > DL380 Gen12 SFF [P73282-B21] > HPC Software Products > High Availability Computing - Cluster Software,Power & Thermal,Unlimited,Unlimited,If AC Power Supply is selected then only AC Power Cords should be in the drop-down.,P17023-B21,Standard,HPE 1600W Flex Slot -48VDC Hot Plug Power Supply Kit,0,"1,561.00",,NA,,,12/07/2020,06/30/2028,UNCHANGED,N/A,$0.00,0.00%,2026-08-05: $1561.00
Power Supplies,Power Cooling Options,HPE OCA > DL380 Gen12 SFF [P73282-B21] > Power Supplies > Power Cooling Options,Power & Thermal,max 3,3,,P48820-B21,Standard,HPE ProLiant DL380/DL560 Gen11 2U High Performance Fan Kit,1,972.00,,972.00,,,01/10/2023,05/31/2028,UNCHANGED,N/A,$0.00,0.00%,2026-08-05: $972.00
Power Supplies,Power Cooling Options,HPE OCA > DL380 Gen12 SFF [P73282-B21] > Power Supplies > Power Cooling Options,Power & Thermal,max 3,3,,P49146-B21,Standard,HPE ProLiant DL380 Gen11 Standard Fan Kit,0,115.00,,NA,,,01/10/2023,05/31/2028,UNCHANGED,N/A,$0.00,0.00%,2026-08-05: $115.00
Power Supplies,Power Cooling Options,HPE OCA > DL380 Gen12 SFF [P73282-B21] > Power Supplies > Power Cooling Options,Power & Thermal,max 3,3,,P62038-B21,Standard,HPE ProLiant Compute Direct Liquid Cooling 0.65m Quick Disconnect Tube Set FIO Kit,0,"1,200.00",,NA,,,04/03/2023,05/31/2028,UNCHANGED,N/A,$0.00,0.00%,2026-08-05: $1200.00
Power Supplies,Power Cooling Options,HPE OCA > DL380 Gen12 SFF [P73282-B21] > Power Supplies > Power Cooling Options,Power & Thermal,max 3,3,,P62042-B21,Standard,HPE ProLiant DL3XX Gen11 Direct Liquid Cooling 55cm Quick Disconnect Tube Set FIO Kit,0,"1,213.00",,NA,,,04/03/2023,05/31/2028,UNCHANGED,N/A,$0.00,0.00%,2026-08-05: $1213.00
Power Supplies,Power Cooling Options,HPE OCA > DL380 Gen12 SFF [P73282-B21] > Power Supplies > Power Cooling Options,Enablement / Cage,max 3,3,,P81130-B21,Standard,HPE ProLiant Compute DL380 Gen12 GPU Cooling Upgrade Enablement Kit,0,559.00,,NA,,,08/04/2025,06/30/2029,UNCHANGED,N/A,$0.00,0.00%,2026-08-05: $559.00
HPC Software Products,Partner Software - Interconnect Management Array,HPE OCA > DL380 Gen12 SFF [P73282-B21] > HPC Software Products > Partner Software - Interconnect Management Array,Interconnect / Cable,Unlimited,Unlimited,HPE 1600W -48VDC Pwr Cbl Lug Kit(P36877-B21) Supported only with HPE 1600W FS -48VDC Ht Plg PS Kit (P17023-B21).,P36877-B21,Standard,HPE 1600W -48VDC Power Cable Lug Kit,0,135.00,,NA,,,12/07/2020,06/30/2028,UNCHANGED,N/A,$0.00,0.00%,2026-08-05: $135.00
Accessories,Power Cords,HPE OCA > DL380 Gen12 SFF [P73282-B21] > Accessories > Power Cords,Interconnect / Cable,max 2,2,,P78145-B21,Standard,HPE C13 - C14 250V 10Amp 2m FIO Power Cord,2,11.00,,22.00,,,02/03/2025,07/31/2028,UNCHANGED,N/A,$0.00,0.00%,2026-08-05: $11.00
HPC Software Products,Partner Software - Operating System,HPE OCA > DL380 Gen12 SFF [P73282-B21] > HPC Software Products > Partner Software - Operating System,Interconnect / Cable,Unlimited,Unlimited,BTO products are not allowed in CTO Base Model.,A0N33A,Standard,HPE C13-NEMA 6-15P 10A/250V 3.6m Black Power Cord,0,78.00,,NA,,,08/30/2011,09/30/2031,UNCHANGED,N/A,$0.00,0.00%,2026-08-05: $78.00
HPC Software Products,Partner Software - Operating System,HPE OCA > DL380 Gen12 SFF [P73282-B21] > HPC Software Products > Partner Software - Operating System,Interconnect / Cable,Unlimited,Unlimited,BTO products are not allowed in CTO Base Model.,A0K02A,Standard,HPE C13 - C14 WW 250V 10Amp 2.0m Jumper Cord,0,34.00,,NA,,,08/30/2011,09/30/2031,UNCHANGED,N/A,$0.00,0.00%,2026-08-05: $34.00
HPC Software Products,Partner Software - Operating System,HPE OCA > DL380 Gen12 SFF [P73282-B21] > HPC Software Products > Partner Software - Operating System,Interconnect / Cable,Unlimited,Unlimited,Max quantity of product limited by space available.,AF557A,Standard,HPE C13 - GB-1002 CN 250V 10Amp 1.83m Power Cord,0,156.00,,NA,,,05/29/2006,10/31/2031,UNCHANGED,N/A,$0.00,0.00%,2026-08-05: $156.00
HPC Software Products,Partner Software - Operating System,HPE OCA > DL380 Gen12 SFF [P73282-B21] > HPC Software Products > Partner Software - Operating System,Interconnect / Cable,Unlimited,Unlimited,Max quantity of product limited by space available.,AF570A,Standard,HPE C13 - BS-1363A UK/HK/SG 250V 10Amp 1.83m Power Cord,0,55.00,,NA,,,04/06/2011,09/30/2028,UNCHANGED,N/A,$0.00,0.00%,2026-08-05: $55.00
HPC Software Products,Partner Software - Operating System,HPE OCA > DL380 Gen12 SFF [P73282-B21] > HPC Software Products > Partner Software - Operating System,Interconnect / Cable,Unlimited,Unlimited,Max quantity of product limited by space available.,P78156-B21,Standard,HPE C13 - C14 250V 10Amp 3m FIO Power Cord,0,14.00,,NA,,,02/03/2025,07/31/2028,UNCHANGED,N/A,$0.00,0.00%,2026-08-05: $14.00
HPC Software Products,Partner Software - Operating System,HPE OCA > DL380 Gen12 SFF [P73282-B21] > HPC Software Products > Partner Software - Operating System,Interconnect / Cable,Unlimited,Unlimited,Max quantity of product limited by space available.,AF556A,Standard,HPE C13 - Nema 5-15P US/CA 110V 10Amp 1.83m Power Cord,0,55.00,,NA,,,03/26/2007,09/30/2028,UNCHANGED,N/A,$0.00,0.00%,2026-08-05: $55.00
HPC Software Products,Partner Software - Operating System,HPE OCA > DL380 Gen12 SFF [P73282-B21] > HPC Software Products > Partner Software - Operating System,Interconnect / Cable,Unlimited,Unlimited,Max quantity of product limited by space available.,AF558A,Standard,HPE C13 - IRAM -2073 AR 250V 10A 2.5m Power Cord,0,65.00,,NA,,,05/29/2006,09/30/2028,UNCHANGED,N/A,$0.00,0.00%,2026-08-05: $65.00
HPC Software Products,Partner Software - Operating System,HPE OCA > DL380 Gen12 SFF [P73282-B21] > HPC Software Products > Partner Software - Operating System,Interconnect / Cable,Unlimited,Unlimited,Max quantity of product limited by space available.,AF559A,Standard,HPE C13 - Nema 5-15P TH/PH 250V 10Amp 1.83m Power Cord,0,55.00,,NA,,,05/29/2006,09/30/2028,UNCHANGED,N/A,$0.00,0.00%,2026-08-05: $55.00
HPC Software Products,Partner Software - Operating System,HPE OCA > DL380 Gen12 SFF [P73282-B21] > HPC Software Products > Partner Software - Operating System,Interconnect / Cable,Unlimited,Unlimited,Max quantity of product limited by space available.,AF560A,Standard,HPE C13 - KSC- 8305 KR 250V 10Amp 1.83m Power Cord,0,55.00,,NA,,,05/29/2006,09/30/2028,UNCHANGED,N/A,$0.00,0.00%,2026-08-05: $55.00
HPC Software Products,Partner Software - Operating System,HPE OCA > DL380 Gen12 SFF [P73282-B21] > HPC Software Products > Partner Software - Operating System,Interconnect / Cable,Unlimited,Unlimited,Max quantity of product limited by space available.,AF561A,Standard,HPE C13 - CNS-690 TW 110V 13Amp 1.83m Power Cord,0,55.00,,NA,,,05/29/2006,09/30/2028,UNCHANGED,N/A,$0.00,0.00%,2026-08-05: $55.00
HPC Software Products,Partner Software - Operating System,HPE OCA > DL380 Gen12 SFF [P73282-B21] > HPC Software Products > Partner Software - Operating System,Interconnect / Cable,Unlimited,Unlimited,Max quantity of product limited by space available.,AF562A,Standard,HPE C13 - IS-1293 IN 240V 6Amp LV 2.0m Power Cord,0,194.00,,NA,,,05/29/2006,10/31/2031,UNCHANGED,N/A,$0.00,0.00%,2026-08-05: $194.00
HPC Software Products,Partner Software - Operating System,HPE OCA > DL380 Gen12 SFF [P73282-B21] > HPC Software Products > Partner Software - Operating System,Interconnect / Cable,Unlimited,Unlimited,Max quantity of product limited by space available.,AF564A,Standard,HPE C13 - SI-32 IL 250V 10Amp 1.83m Power Cord,0,55.00,,NA,,,12/15/2006,09/30/2028,UNCHANGED,N/A,$0.00,0.00%,2026-08-05: $55.00
HPC Software Products,Partner Software - Operating System,HPE OCA > DL380 Gen12 SFF [P73282-B21] > HPC Software Products > Partner Software - Operating System,Interconnect / Cable,Unlimited,Unlimited,Max quantity of product limited by space available.,AF565A,Standard,HPE C13 - SEV 1011 CH 250V 10Amp 1.83m Power Cord,0,55.00,,NA,,,12/15/2006,09/30/2028,UNCHANGED,N/A,$0.00,0.00%,2026-08-05: $55.00
HPC Software Products,Partner Software - Operating System,HPE OCA > DL380 Gen12 SFF [P73282-B21] > HPC Software Products > Partner Software - Operating System,Interconnect / Cable,Unlimited,Unlimited,Max quantity of product limited by space available.,AF566A,Standard,HPE C13 - DK-2.5A DK 250V 10Amp 1.83m Power Cord,0,55.00,,NA,,,11/13/2006,09/30/2028,UNCHANGED,N/A,$0.00,0.00%,2026-08-05: $55.00
HPC Software Products,Partner Software - Operating System,HPE OCA > DL380 Gen12 SFF [P73282-B21] > HPC Software Products > Partner Software - Operating System,Interconnect / Cable,Unlimited,Unlimited,Max quantity of product limited by space available.,AF567A,Standard,HPE C13 - SABS-164 ZA 250V 10Amp 2.5m Power Cord,0,65.00,,NA,,,11/13/2006,09/30/2028,UNCHANGED,N/A,$0.00,0.00%,2026-08-05: $65.00
HPC Software Products,Partner Software - Operating System,HPE OCA > DL380 Gen12 SFF [P73282-B21] > HPC Software Products > Partner Software - Operating System,Interconnect / Cable,Unlimited,Unlimited,Max quantity of product limited by space available.,AF568A,Standard,HPE C13 - CEE-VII EU 250V 10Amp 1.83m Power Cord,0,71.00,,NA,,,11/13/2006,10/31/2031,UNCHANGED,N/A,$0.00,0.00%,2026-08-05: $71.00
HPC Software Products,Partner Software - Operating System,HPE OCA > DL380 Gen12 SFF [P73282-B21] > HPC Software Products > Partner Software - Operating System,Interconnect / Cable,Unlimited,Unlimited,Max quantity of product limited by space available.,AF569A,Standard,HPE C13 - AS3112-3 AU 250V 10Amp 2.5m Power Cord,0,65.00,,NA,,,11/13/2006,09/30/2028,UNCHANGED,N/A,$0.00,0.00%,2026-08-05: $65.00
HPC Software Products,Partner Software - Operating System,HPE OCA > DL380 Gen12 SFF [P73282-B21] > HPC Software Products > Partner Software - Operating System,Interconnect / Cable,Unlimited,Unlimited,Max quantity of product limited by space available.,AF572A,Standard,HPE C13 - JIS C8303 JP 100V 12Amp 2.0m Power Cord,0,60.00,,NA,,,04/06/2011,09/30/2028,UNCHANGED,N/A,$0.00,0.00%,2026-08-05: $60.00
HPC Software Products,Partner Software - Operating System,HPE OCA > DL380 Gen12 SFF [P73282-B21] > HPC Software Products > Partner Software - Operating System,Interconnect / Cable,Unlimited,Unlimited,Max quantity of product limited by space available.,AF573A,Standard,HPE C13 - C14 WW 250V 10Amp Flint Gray 2.0m Jumper Cord,0,38.00,,NA,,,07/09/2007,09/30/2031,UNCHANGED,N/A,$0.00,0.00%,2026-08-05: $38.00
HPC Software Products,Partner Software - Operating System,HPE OCA > DL380 Gen12 SFF [P73282-B21] > HPC Software Products > Partner Software - Operating System,Interconnect / Cable,Unlimited,Unlimited,Max quantity of product limited by space available.,AF591A,Standard,HPE C13 - NBR-14136 BR 250V 10Amp 1.83m Power Cord,0,49.00,,NA,,,07/14/2008,10/31/2031,UNCHANGED,N/A,$0.00,0.00%,2026-08-05: $49.00
HPC Software Products,Partner Software - Operating System,HPE OCA > DL380 Gen12 SFF [P73282-B21] > HPC Software Products > Partner Software - Operating System,Interconnect / Cable,Unlimited,Unlimited,Max quantity of product limited by space available.,P78130-B21,Standard,HPE C13 - NEMA 5-15P 125V 10Amp 1.83m FIO Power Cord,0,10.00,,NA,,,02/03/2025,07/31/2028,UNCHANGED,N/A,$0.00,0.00%,2026-08-05: $10.00
HPC Software Products,Partner Software - Operating System,HPE OCA > DL380 Gen12 SFF [P73282-B21] > HPC Software Products > Partner Software - Operating System,Interconnect / Cable,Unlimited,Unlimited,Max quantity of product limited by space available.,P78131-B21,Standard,HPE C13 - GB1002 250V 10Amp 1.83m FIO Power Cord,0,10.00,,NA,,,02/03/2025,07/31/2028,UNCHANGED,N/A,$0.00,0.00%,2026-08-05: $10.00
HPC Software Products,Partner Software - Operating System,HPE OCA > DL380 Gen12 SFF [P73282-B21] > HPC Software Products > Partner Software - Operating System,Interconnect / Cable,Unlimited,Unlimited,Max quantity of product limited by space available.,P78144-B21,Standard,HPE C13 - JIS C8303 100V 12Amp 2m FIO Power Cord,0,46.00,,NA,,,02/03/2025,07/31/2028,UNCHANGED,N/A,$0.00,0.00%,2026-08-05: $46.00
HPC Software Products,Partner Software - Operating System,HPE OCA > DL380 Gen12 SFF [P73282-B21] > HPC Software Products > Partner Software - Operating System,Interconnect / Cable,Unlimited,Unlimited,Max quantity of product limited by space available.,P78147-B21,Standard,HPE C13 - C14 250V 10Amp 2m IN FIO Power Cord,0,77.00,,NA,,,02/03/2025,07/31/2028,UNCHANGED,N/A,$0.00,0.00%,2026-08-05: $77.00
HPC Software Products,Partner Software - Operating System,HPE OCA > DL380 Gen12 SFF [P73282-B21] > HPC Software Products > Partner Software - Operating System,Interconnect / Cable,Unlimited,Unlimited,Max quantity of product limited by space available.,P78940-B21,Standard,HPE C13 - C14 250V 10Amp 3m IN FIO Power Cord,0,130.00,,NA,,,02/03/2025,07/31/2028,UNCHANGED,N/A,$0.00,0.00%,2026-08-05: $130.00
HPC Software Products,Partner Software - Operating System,HPE OCA > DL380 Gen12 SFF [P73282-B21] > HPC Software Products > Partner Software - Operating System,Interconnect / Cable,Unlimited,Unlimited,Max quantity of product limited by space available.,P78941-B21,Standard,HPE C13 - C14 250V 10Amp 0.7m IN FIO Power Cord,0,110.00,,NA,,,02/03/2025,07/31/2028,UNCHANGED,N/A,$0.00,0.00%,2026-08-05: $110.00
HPC Software Products,Partner Software - Operating System,HPE OCA > DL380 Gen12 SFF [P73282-B21] > HPC Software Products > Partner Software - Operating System,Interconnect / Cable,Unlimited,Unlimited,Max quantity of product limited by space available.,R1C65A,Standard,HPE C13-C14 IN 250V 10Amp 2m Black Jumper Cord,0,119.00,,NA,,,12/03/2018,10/31/2031,UNCHANGED,N/A,$0.00,0.00%,2026-08-05: $119.00
HPE Compute Ops Management,Compute Ops Management SKUs (required),HPE OCA > DL380 Gen12 SFF [P73282-B21] > HPE Compute Ops Management > Compute Ops Management SKUs (required),Interconnect / Cable,max 1,1,If AC Power Supply is selected then only AC Power Cords should be in the drop-down.,P22173-B21,Standard,HPE 1600W -48VDC 600V 3.5m Power Cable Kit,0,818.00,,NA,,,12/07/2020,06/30/2028,UNCHANGED,N/A,$0.00,0.00%,2026-08-05: $818.00
HPE Compute Ops Management,Compute Ops Management Enablement SKUs,HPE OCA > DL380 Gen12 SFF [P73282-B21] > HPE Compute Ops Management > Compute Ops Management Enablement SKUs,Base Support (Mandatory),max 1,1,Not Supported ProStack Server Software,S7J52A,Standard,HPE Morpheus VM Essentials Software for ProLiant Compute Gen12 FIO SW,0,1.00,,NA,,,04/06/2026,05/31/2031,UNCHANGED,N/A,$0.00,0.00%,2026-08-05: $1.00
AI-at-Scale,AI-at-Scale,HPE OCA > DL380 Gen12 SFF [P73282-B21] > AI-at-Scale > AI-at-Scale,Software & License,Unlimited,Unlimited,,R8W23AAE,Standard,HPE ML Dev Env SW 1-19 GPU 1yr Sub E-RTU,0,"12,980.00",,NA,,,03/06/2023,12/18/2024,UNCHANGED,N/A,$0.00,0.00%,2026-08-05: $12980.00
AI-at-Scale,AI-at-Scale,HPE OCA > DL380 Gen12 SFF [P73282-B21] > AI-at-Scale > AI-at-Scale,Software & License,Unlimited,Unlimited,,R8W26AAE,Standard,HPE ML Dev Env SW 20-99 GPU 1y Sub E-RTU,0,"10,810.00",,NA,,,03/06/2023,12/18/2024,UNCHANGED,N/A,$0.00,0.00%,2026-08-05: $10810.00
AI-at-Scale,AI-at-Scale,HPE OCA > DL380 Gen12 SFF [P73282-B21] > AI-at-Scale > AI-at-Scale,Software & License,Unlimited,Unlimited,,R8W27AAE,Standard,HPE ML Dev Env SW 100+ GPU 1yr Sub E-RTU,0,"9,190.00",,NA,,,03/06/2023,12/18/2024,UNCHANGED,N/A,$0.00,0.00%,2026-08-05: $9190.00
AI-at-Scale,AI-at-Scale,HPE OCA > DL380 Gen12 SFF [P73282-B21] > AI-at-Scale > AI-at-Scale,Software & License,Unlimited,Unlimited,,R9H29AAE,Standard,HPE ML Dev Env 3yr Sub E-RTU,0,"27,570.00",,NA,,,03/06/2023,12/18/2024,UNCHANGED,N/A,$0.00,0.00%,2026-08-05: $27570.00
AI-at-Scale,AI-at-Scale,HPE OCA > DL380 Gen12 SFF [P73282-B21] > AI-at-Scale > AI-at-Scale,Software & License,Unlimited,Unlimited,,R9Y51AAE,Standard,HPE Machine Learning Development Environment 4-year Subscription E-RTU,0,"34,920.00",,NA,,,03/06/2023,12/18/2024,UNCHANGED,N/A,$0.00,0.00%,2026-08-05: $34920.00
AI-at-Scale,AI-at-Scale,HPE OCA > DL380 Gen12 SFF [P73282-B21] > AI-at-Scale > AI-at-Scale,Software & License,Unlimited,Unlimited,,R9Y52AAE,Standard,HPE Machine Learning Development Environment 5-year Subscription E-RTU,0,"41,470.00",,NA,,,03/06/2023,12/18/2024,UNCHANGED,N/A,$0.00,0.00%,2026-08-05: $41470.00
AI-at-Scale,AI-at-Scale,HPE OCA > DL380 Gen12 SFF [P73282-B21] > AI-at-Scale > AI-at-Scale,Software & License,Unlimited,Unlimited,,S1S86AAE,Standard,HPE Machine Learning Data Management Software 1-year Subscription E-LTU,0,"270,270.00",,NA,,,05/01/2023,12/18/2024,UNCHANGED,N/A,$0.00,0.00%,2026-08-05: $270270.00
AI-at-Scale,AI-at-Scale,HPE OCA > DL380 Gen12 SFF [P73282-B21] > AI-at-Scale > AI-at-Scale,Software & License,Unlimited,Unlimited,,S1S87AAE,Standard,HPE Machine Learning Data Management Software Additional User E-RTU,0,"27,027.00",,NA,,,05/01/2023,12/18/2024,UNCHANGED,N/A,$0.00,0.00%,2026-08-05: $27027.00
AI-at-Scale,AI-at-Scale,HPE OCA > DL380 Gen12 SFF [P73282-B21] > AI-at-Scale > AI-at-Scale,Software & License,Unlimited,Unlimited,,S1U64AAE,Standard,HPE Machine Learning Development Environment 90-day Evaluation E-RTU,0,1.00,,NA,,,07/10/2023,12/18/2024,UNCHANGED,N/A,$0.00,0.00%,2026-08-05: $1.00
AI-at-Scale,AI-at-Scale,HPE OCA > DL380 Gen12 SFF [P73282-B21] > AI-at-Scale > AI-at-Scale,Software & License,Unlimited,Unlimited,,S2R35AAE,Standard,HPE Machine Learning Data Management Software 3-year Subscription E-LTU,0,"770,270.00",,NA,,,11/06/2023,12/18/2024,UNCHANGED,N/A,$0.00,0.00%,2026-08-05: $770270.00
AI-at-Scale,AI-at-Scale,HPE OCA > DL380 Gen12 SFF [P73282-B21] > AI-at-Scale > AI-at-Scale,Software & License,Unlimited,Unlimited,,S3P91AAE,Standard,HPE Machine Learning Data Management Software Additional User 3-year E-RTU,0,"77,027.00",,NA,,,04/01/2024,12/18/2024,UNCHANGED,N/A,$0.00,0.00%,2026-08-05: $77027.00
AI-at-Scale,AI-at-Scale,HPE OCA > DL380 Gen12 SFF [P73282-B21] > AI-at-Scale > AI-at-Scale,Software & License,Unlimited,Unlimited,,S3P92AAE,Standard,HPE Machine Learning Data Management Software 4-year Subscription E-LTU,0,"1,027,028.00",,NA,,,04/01/2024,12/18/2024,UNCHANGED,N/A,$0.00,0.00%,2026-08-05: $1027028.00
AI-at-Scale,AI-at-Scale,HPE OCA > DL380 Gen12 SFF [P73282-B21] > AI-at-Scale > AI-at-Scale,Software & License,Unlimited,Unlimited,,S3P93AAE,Standard,HPE Machine Learning Data Management Software Additional User 4-year E-RTU,0,"102,702.00",,NA,,,04/01/2024,12/18/2024,UNCHANGED,N/A,$0.00,0.00%,2026-08-05: $102702.00
AI-at-Scale,AI-at-Scale,HPE OCA > DL380 Gen12 SFF [P73282-B21] > AI-at-Scale > AI-at-Scale,Software & License,Unlimited,Unlimited,,S3P94AAE,Standard,HPE Machine Learning Data Management Software 5-year Subscription E-LTU,0,"1,283,784.00",,NA,,,04/01/2024,12/18/2024,UNCHANGED,N/A,$0.00,0.00%,2026-08-05: $1283784.00
AI-at-Scale,AI-at-Scale,HPE OCA > DL380 Gen12 SFF [P73282-B21] > AI-at-Scale > AI-at-Scale,Software & License,Unlimited,Unlimited,,S3P95AAE,Standard,HPE Machine Learning Data Management Software Additional User 5-year E-RTU,0,"128,378.00",,NA,,,04/01/2024,12/18/2024,UNCHANGED,N/A,$0.00,0.00%,2026-08-05: $128378.00
AI-at-Scale,AI-at-Scale,HPE OCA > DL380 Gen12 SFF [P73282-B21] > AI-at-Scale > AI-at-Scale,Software & License,Unlimited,Unlimited,,S3R04AAE,Standard,HPE Machine Learning Inference Software Base 1-year E-RTU,0,"8,316.00",,NA,,,06/18/2024,07/31/2027,UNCHANGED,N/A,$0.00,0.00%,2026-08-05: $8316.00
AI-at-Scale,AI-at-Scale,HPE OCA > DL380 Gen12 SFF [P73282-B21] > AI-at-Scale > AI-at-Scale,Software & License,Unlimited,Unlimited,,S3R05AAE,Standard,HPE Machine Learning Inference Software Performance 1-year E-RTU,0,"2,078.00",,NA,,,06/18/2024,07/31/2027,UNCHANGED,N/A,$0.00,0.00%,2026-08-05: $2078.00
AI-at-Scale,AI-at-Scale,HPE OCA > DL380 Gen12 SFF [P73282-B21] > AI-at-Scale > AI-at-Scale,Software & License,Unlimited,Unlimited,,S3R06AAE,Standard,HPE Machine Learning Inference Software Base 3-year E-RTU,0,"23,700.00",,NA,,,06/18/2024,07/31/2027,UNCHANGED,N/A,$0.00,0.00%,2026-08-05: $23700.00
AI-at-Scale,AI-at-Scale,HPE OCA > DL380 Gen12 SFF [P73282-B21] > AI-at-Scale > AI-at-Scale,Software & License,Unlimited,Unlimited,,S3R07AAE,Standard,HPE Machine Learning Inference Software Performance 3-year E-RTU,0,"5,922.00",,NA,,,06/18/2024,07/31/2027,UNCHANGED,N/A,$0.00,0.00%,2026-08-05: $5922.00
AI-at-Scale,AI-at-Scale,HPE OCA > DL380 Gen12 SFF [P73282-B21] > AI-at-Scale > AI-at-Scale,Software & License,Unlimited,Unlimited,,S3W26AAE,Standard,HPE Machine Learning Inference Software Base 4-year E-RTU,0,"31,602.00",,NA,,,06/18/2024,07/31/2027,UNCHANGED,N/A,$0.00,0.00%,2026-08-05: $31602.00
AI-at-Scale,AI-at-Scale,HPE OCA > DL380 Gen12 SFF [P73282-B21] > AI-at-Scale > AI-at-Scale,Software & License,Unlimited,Unlimited,,S3W27AAE,Standard,HPE Machine Learning Inference Software Performance 4-year E-RTU,0,"7,896.00",,NA,,,06/18/2024,07/31/2027,UNCHANGED,N/A,$0.00,0.00%,2026-08-05: $7896.00
AI-at-Scale,AI-at-Scale,HPE OCA > DL380 Gen12 SFF [P73282-B21] > AI-at-Scale > AI-at-Scale,Software & License,Unlimited,Unlimited,,S3W28AAE,Standard,HPE Machine Learning Inference Software Base 5-year E-RTU,0,"39,501.00",,NA,,,06/18/2024,07/31/2027,UNCHANGED,N/A,$0.00,0.00%,2026-08-05: $39501.00
AI-at-Scale,AI-at-Scale,HPE OCA > DL380 Gen12 SFF [P73282-B21] > AI-at-Scale > AI-at-Scale,Software & License,Unlimited,Unlimited,,S3W29AAE,Standard,HPE Machine Learning Inference Software Performance 5-year E-RTU,0,"9,871.00",,NA,,,06/18/2024,07/31/2027,UNCHANGED,N/A,$0.00,0.00%,2026-08-05: $9871.00
HPC Software Products,HPC Software Products,HPE OCA > DL380 Gen12 SFF [P73282-B21] > HPC Software Products > HPC Software Products,Software & License,Unlimited,Unlimited,,Q2A48A,Standard,HPE Performance Message Passing Interface for 1 Socket 3yr Support LTU,0,249.00,,NA,,,07/07/2017,07/31/2027,UNCHANGED,N/A,$0.00,0.00%,2026-08-05: $249.00
HPC Software Products,HPC Software Products,HPE OCA > DL380 Gen12 SFF [P73282-B21] > HPC Software Products > HPC Software Products,Software & License,Unlimited,Unlimited,,Q9V61A,Standard,HPE Performance Cluster Manager FIO Software,0,1.00,,NA,,,06/04/2018,01/31/2027,UNCHANGED,N/A,$0.00,0.00%,2026-08-05: $1.00
HPC Software Products,HPC Software Products,HPE OCA > DL380 Gen12 SFF [P73282-B21] > HPC Software Products > HPC Software Products,Software & License,Unlimited,Unlimited,,Q9V62A,Standard,HPE Performance Cluster Manager Media Kit,0,49.00,,NA,,,06/04/2018,05/30/2026,UNCHANGED,N/A,$0.00,0.00%,2026-08-05: $49.00
HPC Software Products,HPC Software Products,HPE OCA > DL380 Gen12 SFF [P73282-B21] > HPC Software Products > HPC Software Products,Software & License,Unlimited,Unlimited,,R6X84AAE,Standard,Altair PBS Professional 1 Socket Perpetual E-LTU with HPE 3-year Support,0,585.00,,NA,,,10/05/2020,03/31/2028,UNCHANGED,N/A,$0.00,0.00%,2026-08-05: $585.00
HPC Software Products,HPC Software Products,HPE OCA > DL380 Gen12 SFF [P73282-B21] > HPC Software Products > HPC Software Products,Software & License,Unlimited,Unlimited,,S1R55AAE,Standard,Altair Access 1 Concurrent User 3yr Support Perpetual E-LTU,0,"1,089.00",,NA,,,06/05/2023,03/31/2028,UNCHANGED,N/A,$0.00,0.00%,2026-08-05: $1089.00
HPC Software Products,HPC Software Products,HPE OCA > DL380 Gen12 SFF [P73282-B21] > HPC Software Products > HPC Software Products,Software & License,Unlimited,Unlimited,,S1R56AAE,Standard,Altair Access 1 Concurrent User 4yr Support Perpetual E-LTU,0,"1,409.00",,NA,,,06/05/2023,03/31/2028,UNCHANGED,N/A,$0.00,0.00%,2026-08-05: $1409.00
HPC Software Products,HPC Software Products,HPE OCA > DL380 Gen12 SFF [P73282-B21] > HPC Software Products > HPC Software Products,Software & License,Unlimited,Unlimited,,S1R57AAE,Standard,Altair Access 1 Concurrent User 5yr Support Perpetual E-LTU,0,"1,725.00",,NA,,,06/05/2023,03/31/2028,UNCHANGED,N/A,$0.00,0.00%,2026-08-05: $1725.00
HPC Software Products,HPC Software Products,HPE OCA > DL380 Gen12 SFF [P73282-B21] > HPC Software Products > HPC Software Products,Software & License,Unlimited,Unlimited,,S1R58AAE,Standard,Altair Access 1 Concurrent User 1yr Support,0,318.00,,NA,,,06/05/2023,03/31/2028,UNCHANGED,N/A,$0.00,0.00%,2026-08-05: $318.00
HPC Software Products,HPC Software Products,HPE OCA > DL380 Gen12 SFF [P73282-B21] > HPC Software Products > HPC Software Products,Software & License,Unlimited,Unlimited,,S1R63AAE,Standard,SchedMD SLURM 1-100 Sockets 3-year Support,0,"46,200.00",,NA,,,05/01/2023,06/01/2028,UNCHANGED,N/A,$0.00,0.00%,2026-08-05: $46200.00
HPC Software Products,HPC Software Products,HPE OCA > DL380 Gen12 SFF [P73282-B21] > HPC Software Products > HPC Software Products,Software & License,Unlimited,Unlimited,,S1R64AAE,Standard,SchedMD SLURM 1-100 Sockets 4-year Support,0,"58,520.00",,NA,,,05/01/2023,06/01/2028,UNCHANGED,N/A,$0.00,0.00%,2026-08-05: $58520.00
HPC Software Products,HPC Software Products,HPE OCA > DL380 Gen12 SFF [P73282-B21] > HPC Software Products > HPC Software Products,Software & License,Unlimited,Unlimited,,S1R65AAE,Standard,SchedMD SLURM 1-100 Sockets 5-year Support,0,"69,300.00",,NA,,,05/01/2023,06/01/2028,UNCHANGED,N/A,$0.00,0.00%,2026-08-05: $69300.00
HPC Software Products,HPC Software Products,HPE OCA > DL380 Gen12 SFF [P73282-B21] > HPC Software Products > HPC Software Products,Software & License,Unlimited,Unlimited,,S1R66AAE,Standard,SchedMD SLURM 101-1000 Sockets 3-year Support,0,363.00,,NA,,,05/01/2023,06/01/2028,UNCHANGED,N/A,$0.00,0.00%,2026-08-05: $363.00
HPC Software Products,HPC Software Products,HPE OCA > DL380 Gen12 SFF [P73282-B21] > HPC Software Products > HPC Software Products,Software & License,Unlimited,Unlimited,,S1R67AAE,Standard,SchedMD SLURM 101-1000 Sockets 4-year Support,0,460.00,,NA,,,05/01/2023,06/01/2028,UNCHANGED,N/A,$0.00,0.00%,2026-08-05: $460.00
HPC Software Products,HPC Software Products,HPE OCA > DL380 Gen12 SFF [P73282-B21] > HPC Software Products > HPC Software Products,Software & License,Unlimited,Unlimited,,S1R68AAE,Standard,SchedMD SLURM 101-1000 Sockets 5-year Support,0,545.00,,NA,,,05/01/2023,06/01/2028,UNCHANGED,N/A,$0.00,0.00%,2026-08-05: $545.00
HPC Software Products,HPC Software Products,HPE OCA > DL380 Gen12 SFF [P73282-B21] > HPC Software Products > HPC Software Products,Software & License,Unlimited,Unlimited,,S1R69AAE,Standard,SchedMD SLURM 1001-5000 Sockets 3-year Support,0,288.00,,NA,,,05/01/2023,06/01/2028,UNCHANGED,N/A,$0.00,0.00%,2026-08-05: $288.00
HPC Software Products,HPC Software Products,HPE OCA > DL380 Gen12 SFF [P73282-B21] > HPC Software Products > HPC Software Products,Software & License,Unlimited,Unlimited,,S1R70AAE,Standard,SchedMD SLURM 1001-5000 Sockets 4-year Support,0,366.00,,NA,,,05/01/2023,06/01/2028,UNCHANGED,N/A,$0.00,0.00%,2026-08-05: $366.00
HPC Software Products,HPC Software Products,HPE OCA > DL380 Gen12 SFF [P73282-B21] > HPC Software Products > HPC Software Products,Software & License,Unlimited,Unlimited,,S1R71AAE,Standard,SchedMD SLURM 1001-5000 Sockets 5-year Support,0,433.00,,NA,,,05/01/2023,06/01/2028,UNCHANGED,N/A,$0.00,0.00%,2026-08-05: $433.00
HPC Software Products,HPC Software Products,HPE OCA > DL380 Gen12 SFF [P73282-B21] > HPC Software Products > HPC Software Products,Software & License,Unlimited,Unlimited,,S1R72AAE,Standard,SchedMD SLURM 5000+ Sockets 3-year Support,0,213.00,,NA,,,05/01/2023,06/01/2028,UNCHANGED,N/A,$0.00,0.00%,2026-08-05: $213.00
HPC Software Products,HPC Software Products,HPE OCA > DL380 Gen12 SFF [P73282-B21] > HPC Software Products > HPC Software Products,Software & License,Unlimited,Unlimited,,S1R73AAE,Standard,SchedMD SLURM 5000+ Sockets 4-year Support,0,269.00,,NA,,,05/01/2023,06/01/2028,UNCHANGED,N/A,$0.00,0.00%,2026-08-05: $269.00
HPC Software Products,HPC Software Products,HPE OCA > DL380 Gen12 SFF [P73282-B21] > HPC Software Products > HPC Software Products,Software & License,Unlimited,Unlimited,,S1R74AAE,Standard,SchedMD SLURM 5000+ Sockets 5-year Support,0,319.00,,NA,,,05/01/2023,06/01/2028,UNCHANGED,N/A,$0.00,0.00%,2026-08-05: $319.00
HPC Software Products,HPC Software Products,HPE OCA > DL380 Gen12 SFF [P73282-B21] > HPC Software Products > HPC Software Products,Software & License,Unlimited,Unlimited,,S1R75AAE,Standard,SchedMD SLURM 5000+ Sockets 1-year Extension Support,0,71.00,,NA,,,05/01/2023,06/01/2028,UNCHANGED,N/A,$0.00,0.00%,2026-08-05: $71.00
HPC Software Products,HPC Software Products,HPE OCA > DL380 Gen12 SFF [P73282-B21] > HPC Software Products > HPC Software Products,Software & License,Unlimited,Unlimited,,S1R76AAE,Standard,SchedMD SLURM 1001-5000 Sockets 1-year Extension Support,0,96.00,,NA,,,05/01/2023,06/01/2028,UNCHANGED,N/A,$0.00,0.00%,2026-08-05: $96.00
HPC Software Products,HPC Software Products,HPE OCA > DL380 Gen12 SFF [P73282-B21] > HPC Software Products > HPC Software Products,Software & License,Unlimited,Unlimited,,S1R77AAE,Standard,SchedMD SLURM 101-1000 Sockets 1-year Extension Support,0,122.00,,NA,,,05/01/2023,06/01/2028,UNCHANGED,N/A,$0.00,0.00%,2026-08-05: $122.00
HPC Software Products,HPC Software Products,HPE OCA > DL380 Gen12 SFF [P73282-B21] > HPC Software Products > HPC Software Products,Software & License,Unlimited,Unlimited,,S1R78AAE,Standard,SchedMD SLURM 1-100 Sockets 1-year Extension Support,0,"15,400.00",,NA,,,05/01/2023,06/01/2028,UNCHANGED,N/A,$0.00,0.00%,2026-08-05: $15400.00
HPC Software Products,HPC Software Products,HPE OCA > DL380 Gen12 SFF [P73282-B21] > HPC Software Products > HPC Software Products,Software & License,Unlimited,Unlimited,,S2H96AAE,Standard,Linaro Forge Ultimate 32 Processes 1-year Support E-LTU,0,"31,332.00",,NA,,,10/02/2023,10/31/2027,UNCHANGED,N/A,$0.00,0.00%,2026-08-05: $31332.00
HPC Software Products,HPC Software Products,HPE OCA > DL380 Gen12 SFF [P73282-B21] > HPC Software Products > HPC Software Products,Software & License,Unlimited,Unlimited,,S2H97AAE,Standard,Linaro Forge Ultimate 64 Processes 1-year Support E-LTU,0,"46,289.00",,NA,,,10/02/2023,10/31/2027,UNCHANGED,N/A,$0.00,0.00%,2026-08-05: $46289.00
HPC Software Products,HPC Software Products,HPE OCA > DL380 Gen12 SFF [P73282-B21] > HPC Software Products > HPC Software Products,Software & License,Unlimited,Unlimited,,S2H98AAE,Standard,Linaro Forge Ultimate 256 Processes 1-year Support E-LTU,0,"98,172.00",,NA,,,10/02/2023,10/31/2027,UNCHANGED,N/A,$0.00,0.00%,2026-08-05: $98172.00
HPC Software Products,HPC Software Products,HPE OCA > DL380 Gen12 SFF [P73282-B21] > HPC Software Products > HPC Software Products,Software & License,Unlimited,Unlimited,,S2H99AAE,Standard,Linaro Forge Ultimate 1024 Processes 1-year Support E-LTU,0,"196,328.00",,NA,,,10/02/2023,10/31/2027,UNCHANGED,N/A,$0.00,0.00%,2026-08-05: $196328.00
HPC Software Products,HPC Software Products,HPE OCA > DL380 Gen12 SFF [P73282-B21] > HPC Software Products > HPC Software Products,Software & License,Unlimited,Unlimited,,S2J00AAE,Standard,Linaro Forge Ultimate Unlimited Processes 1-year Support E-LTU,0,"1,245,749.00",,NA,,,10/02/2023,10/31/2027,UNCHANGED,N/A,$0.00,0.00%,2026-08-05: $1245749.00
HPC Software Products,HPC Software Products,HPE OCA > DL380 Gen12 SFF [P73282-B21] > HPC Software Products > HPC Software Products,Software & License,Unlimited,Unlimited,,S2J01AAE,Standard,Linaro Forge Ultimate 32 Processes 3-year Support E-LTU,0,"93,965.00",,NA,,,10/02/2023,10/31/2027,UNCHANGED,N/A,$0.00,0.00%,2026-08-05: $93965.00
HPC Software Products,HPC Software Products,HPE OCA > DL380 Gen12 SFF [P73282-B21] > HPC Software Products > HPC Software Products,Software & License,Unlimited,Unlimited,,S2J02AAE,Standard,Linaro Forge Ultimate 64 Processes 3-year Support E-LTU,0,"138,836.00",,NA,,,10/02/2023,10/31/2027,UNCHANGED,N/A,$0.00,0.00%,2026-08-05: $138836.00
HPC Software Products,HPC Software Products,HPE OCA > DL380 Gen12 SFF [P73282-B21] > HPC Software Products > HPC Software Products,Software & License,Unlimited,Unlimited,,S2J03AAE,Standard,Linaro Forge Ultimate 256 Processes 3-year Support E-LTU,0,"294,483.00",,NA,,,10/02/2023,10/31/2027,UNCHANGED,N/A,$0.00,0.00%,2026-08-05: $294483.00
HPC Software Products,HPC Software Products,HPE OCA > DL380 Gen12 SFF [P73282-B21] > HPC Software Products > HPC Software Products,Software & License,Unlimited,Unlimited,,S2J04AAE,Standard,Linaro Forge Ultimate 1024 Processes 3-year Support E-LTU,0,"588,951.00",,NA,,,10/02/2023,10/31/2027,UNCHANGED,N/A,$0.00,0.00%,2026-08-05: $588951.00
HPC Software Products,HPC Software Products,HPE OCA > DL380 Gen12 SFF [P73282-B21] > HPC Software Products > HPC Software Products,Software & License,Unlimited,Unlimited,,S2J05AAE,Standard,Linaro Forge Ultimate Unlimited Processes 3-year Support E-LTU,0,"3,737,215.00",,NA,,,10/02/2023,10/31/2027,UNCHANGED,N/A,$0.00,0.00%,2026-08-05: $3737215.00
HPC Software Products,HPC Software Products,HPE OCA > DL380 Gen12 SFF [P73282-B21] > HPC Software Products > HPC Software Products,Software & License,Unlimited,Unlimited,,S2J06AAE,Standard,Linaro Forge Ultimate 32 Processes 4-year Support E-LTU,0,"125,281.00",,NA,,,10/02/2023,10/31/2027,UNCHANGED,N/A,$0.00,0.00%,2026-08-05: $125281.00
HPC Software Products,HPC Software Products,HPE OCA > DL380 Gen12 SFF [P73282-B21] > HPC Software Products > HPC Software Products,Software & License,Unlimited,Unlimited,,S2J07AAE,Standard,Linaro Forge Ultimate 64 Processes 4-year Support E-LTU,0,"185,110.00",,NA,,,10/02/2023,10/31/2027,UNCHANGED,N/A,$0.00,0.00%,2026-08-05: $185110.00
HPC Software Products,HPC Software Products,HPE OCA > DL380 Gen12 SFF [P73282-B21] > HPC Software Products > HPC Software Products,Software & License,Unlimited,Unlimited,,S2J08AAE,Standard,Linaro Forge Ultimate 256 Processes 4-year Support E-LTU,0,"392,639.00",,NA,,,10/02/2023,10/31/2027,UNCHANGED,N/A,$0.00,0.00%,2026-08-05: $392639.00
HPC Software Products,HPC Software Products,HPE OCA > DL380 Gen12 SFF [P73282-B21] > HPC Software Products > HPC Software Products,Software & License,Unlimited,Unlimited,,S2J09AAE,Standard,Linaro Forge Ultimate 1024 Processes 4-year Support E-LTU,0,"785,262.00",,NA,,,10/02/2023,10/31/2027,UNCHANGED,N/A,$0.00,0.00%,2026-08-05: $785262.00
HPC Software Products,HPC Software Products,HPE OCA > DL380 Gen12 SFF [P73282-B21] > HPC Software Products > HPC Software Products,Software & License,Unlimited,Unlimited,,S2J10AAE,Standard,Linaro Forge Ultimate Unlimited Processes 4-year Support E-LTU,0,"4,982,948.00",,NA,,,10/02/2023,10/31/2027,UNCHANGED,N/A,$0.00,0.00%,2026-08-05: $4982948.00
HPC Software Products,HPC Software Products,HPE OCA > DL380 Gen12 SFF [P73282-B21] > HPC Software Products > HPC Software Products,Software & License,Unlimited,Unlimited,,S2J11AAE,Standard,Linaro Forge Ultimate 32 Processes 5-year Support E-LTU,0,"156,598.00",,NA,,,10/02/2023,10/31/2027,UNCHANGED,N/A,$0.00,0.00%,2026-08-05: $156598.00
HPC Software Products,HPC Software Products,HPE OCA > DL380 Gen12 SFF [P73282-B21] > HPC Software Products > HPC Software Products,Software & License,Unlimited,Unlimited,,S2J12AAE,Standard,Linaro Forge Ultimate 64 Processes 5-year Support E-LTU,0,"231,383.00",,NA,,,10/02/2023,10/31/2027,UNCHANGED,N/A,$0.00,0.00%,2026-08-05: $231383.00
HPC Software Products,HPC Software Products,HPE OCA > DL380 Gen12 SFF [P73282-B21] > HPC Software Products > HPC Software Products,Software & License,Unlimited,Unlimited,,S2J13AAE,Standard,Linaro Forge Ultimate 256 Processes 5-year Support E-LTU,0,"490,795.00",,NA,,,10/02/2023,10/31/2027,UNCHANGED,N/A,$0.00,0.00%,2026-08-05: $490795.00
HPC Software Products,HPC Software Products,HPE OCA > DL380 Gen12 SFF [P73282-B21] > HPC Software Products > HPC Software Products,Software & License,Unlimited,Unlimited,,S2J14AAE,Standard,Linaro Forge Ultimate 1024 Processes 5-year Support E-LTU,0,"981,574.00",,NA,,,10/02/2023,10/31/2027,UNCHANGED,N/A,$0.00,0.00%,2026-08-05: $981574.00
HPC Software Products,HPC Software Products,HPE OCA > DL380 Gen12 SFF [P73282-B21] > HPC Software Products > HPC Software Products,Software & License,Unlimited,Unlimited,,S2J15AAE,Standard,Linaro Forge Ultimate Unlimited Processes 5-year Support E-LTU,0,"6,228,680.00",,NA,,,10/02/2023,10/31/2027,UNCHANGED,N/A,$0.00,0.00%,2026-08-05: $6228680.00
HPC Software Products,HPC Software Products,HPE OCA > DL380 Gen12 SFF [P73282-B21] > HPC Software Products > HPC Software Products,Software & License,Unlimited,Unlimited,,S2J16AAE,Standard,Linaro DDT 32 Processes 1-year Support E-LTU,0,"14,928.00",,NA,,,10/02/2023,10/31/2027,UNCHANGED,N/A,$0.00,0.00%,2026-08-05: $14928.00
HPC Software Products,HPC Software Products,HPE OCA > DL380 Gen12 SFF [P73282-B21] > HPC Software Products > HPC Software Products,Software & License,Unlimited,Unlimited,,S2J17AAE,Standard,Linaro DDT 64 Processes 1-year Support E-LTU,0,"22,051.00",,NA,,,10/02/2023,10/31/2027,UNCHANGED,N/A,$0.00,0.00%,2026-08-05: $22051.00
HPC Software Products,HPC Software Products,HPE OCA > DL380 Gen12 SFF [P73282-B21] > HPC Software Products > HPC Software Products,Software & License,Unlimited,Unlimited,,S2J18AAE,Standard,Linaro DDT 256 Processes 1-year Support E-LTU,0,"46,757.00",,NA,,,10/02/2023,10/31/2027,UNCHANGED,N/A,$0.00,0.00%,2026-08-05: $46757.00
HPC Software Products,HPC Software Products,HPE OCA > DL380 Gen12 SFF [P73282-B21] > HPC Software Products > HPC Software Products,Software & License,Unlimited,Unlimited,,S2J19AAE,Standard,Linaro DDT 1024 Processes 1-year Support E-LTU,0,"93,498.00",,NA,,,10/02/2023,10/31/2027,UNCHANGED,N/A,$0.00,0.00%,2026-08-05: $93498.00
HPC Software Products,HPC Software Products,HPE OCA > DL380 Gen12 SFF [P73282-B21] > HPC Software Products > HPC Software Products,Software & License,Unlimited,Unlimited,,S2J20AAE,Standard,Linaro DDT Unlimited Processes 1-year Support E-LTU,0,"593,224.00",,NA,,,10/02/2023,10/31/2027,UNCHANGED,N/A,$0.00,0.00%,2026-08-05: $593224.00
HPC Software Products,HPC Software Products,HPE OCA > DL380 Gen12 SFF [P73282-B21] > HPC Software Products > HPC Software Products,Software & License,Unlimited,Unlimited,,S2J21AAE,Standard,Linaro DDT 32 Processes 3-year Support E-LTU,0,"44,754.00",,NA,,,10/02/2023,10/31/2027,UNCHANGED,N/A,$0.00,0.00%,2026-08-05: $44754.00
HPC Software Products,HPC Software Products,HPE OCA > DL380 Gen12 SFF [P73282-B21] > HPC Software Products > HPC Software Products,Software & License,Unlimited,Unlimited,,S2J22AAE,Standard,Linaro DDT 64 Processes 3-year Support E-LTU,0,"66,121.00",,NA,,,10/02/2023,10/31/2027,UNCHANGED,N/A,$0.00,0.00%,2026-08-05: $66121.00
HPC Software Products,HPC Software Products,HPE OCA > DL380 Gen12 SFF [P73282-B21] > HPC Software Products > HPC Software Products,Software & License,Unlimited,Unlimited,,S2J23AAE,Standard,Linaro DDT 256 Processes 3-year Support E-LTU,0,"140,239.00",,NA,,,10/02/2023,10/31/2027,UNCHANGED,N/A,$0.00,0.00%,2026-08-05: $140239.00
HPC Software Products,HPC Software Products,HPE OCA > DL380 Gen12 SFF [P73282-B21] > HPC Software Products > HPC Software Products,Software & License,Unlimited,Unlimited,,S2J24AAE,Standard,Linaro DDT 1024 Processes 3-year Support E-LTU,0,"280,461.00",,NA,,,10/02/2023,10/31/2027,UNCHANGED,N/A,$0.00,0.00%,2026-08-05: $280461.00
HPC Software Products,HPC Software Products,HPE OCA > DL380 Gen12 SFF [P73282-B21] > HPC Software Products > HPC Software Products,Software & License,Unlimited,Unlimited,,S2J25AAE,Standard,Linaro DDT Unlimited Processes 3-year Support E-LTU,0,"1,779,641.00",,NA,,,10/02/2023,10/31/2027,UNCHANGED,N/A,$0.00,0.00%,2026-08-05: $1779641.00
HPC Software Products,HPC Software Products,HPE OCA > DL380 Gen12 SFF [P73282-B21] > HPC Software Products > HPC Software Products,Software & License,Unlimited,Unlimited,,S2J26AAE,Standard,Linaro DDT 32 Processes 4-year Support E-LTU,0,"59,666.00",,NA,,,10/02/2023,10/31/2027,UNCHANGED,N/A,$0.00,0.00%,2026-08-05: $59666.00
HPC Software Products,HPC Software Products,HPE OCA > DL380 Gen12 SFF [P73282-B21] > HPC Software Products > HPC Software Products,Software & License,Unlimited,Unlimited,,S2J27AAE,Standard,Linaro DDT 64 Processes 4-year Support E-LTU,0,"88,156.00",,NA,,,10/02/2023,10/31/2027,UNCHANGED,N/A,$0.00,0.00%,2026-08-05: $88156.00
HPC Software Products,HPC Software Products,HPE OCA > DL380 Gen12 SFF [P73282-B21] > HPC Software Products > HPC Software Products,Software & License,Unlimited,Unlimited,,S2J28AAE,Standard,Linaro DDT 256 Processes 4-year Support E-LTU,0,"186,979.00",,NA,,,10/02/2023,10/31/2027,UNCHANGED,N/A,$0.00,0.00%,2026-08-05: $186979.00
HPC Software Products,HPC Software Products,HPE OCA > DL380 Gen12 SFF [P73282-B21] > HPC Software Products > HPC Software Products,Software & License,Unlimited,Unlimited,,S2J29AAE,Standard,Linaro DDT 1024 Processes 4-year Support E-LTU,0,"373,943.00",,NA,,,10/02/2023,10/31/2027,UNCHANGED,N/A,$0.00,0.00%,2026-08-05: $373943.00
HPC Software Products,HPC Software Products,HPE OCA > DL380 Gen12 SFF [P73282-B21] > HPC Software Products > HPC Software Products,Software & License,Unlimited,Unlimited,,S2J30AAE,Standard,Linaro DDT Unlimited Processes 4-year Support E-LTU,0,"2,372,849.00",,NA,,,10/02/2023,10/31/2027,UNCHANGED,N/A,$0.00,0.00%,2026-08-05: $2372849.00
HPC Software Products,HPC Software Products,HPE OCA > DL380 Gen12 SFF [P73282-B21] > HPC Software Products > HPC Software Products,Software & License,Unlimited,Unlimited,,S2J31AAE,Standard,Linaro DDT 32 Processes 5-year Support E-LTU,0,"74,579.00",,NA,,,10/02/2023,10/31/2027,UNCHANGED,N/A,$0.00,0.00%,2026-08-05: $74579.00
HPC Software Products,HPC Software Products,HPE OCA > DL380 Gen12 SFF [P73282-B21] > HPC Software Products > HPC Software Products,Software & License,Unlimited,Unlimited,,S2J32AAE,Standard,Linaro DDT 64 Processes 5-year Support E-LTU,0,"110,191.00",,NA,,,10/02/2023,10/31/2027,UNCHANGED,N/A,$0.00,0.00%,2026-08-05: $110191.00
HPC Software Products,HPC Software Products,HPE OCA > DL380 Gen12 SFF [P73282-B21] > HPC Software Products > HPC Software Products,Software & License,Unlimited,Unlimited,,S2J33AAE,Standard,Linaro DDT 256 Processes 5-year Support E-LTU,0,"233,720.00",,NA,,,10/02/2023,10/31/2027,UNCHANGED,N/A,$0.00,0.00%,2026-08-05: $233720.00
HPC Software Products,HPC Software Products,HPE OCA > DL380 Gen12 SFF [P73282-B21] > HPC Software Products > HPC Software Products,Software & License,Unlimited,Unlimited,,S2J34AAE,Standard,Linaro DDT 1024 Processes 5-year Support E-LTU,0,"467,425.00",,NA,,,10/02/2023,10/31/2027,UNCHANGED,N/A,$0.00,0.00%,2026-08-05: $467425.00
HPC Software Products,HPC Software Products,HPE OCA > DL380 Gen12 SFF [P73282-B21] > HPC Software Products > HPC Software Products,Software & License,Unlimited,Unlimited,,S2J35AAE,Standard,Linaro DDT Unlimited Processes 5-year Support E-LTU,0,"2,966,057.00",,NA,,,10/02/2023,10/31/2027,UNCHANGED,N/A,$0.00,0.00%,2026-08-05: $2966057.00
HPC Software Products,HPC Software Products,HPE OCA > DL380 Gen12 SFF [P73282-B21] > HPC Software Products > HPC Software Products,Software & License,Unlimited,Unlimited,,S2L38AAE,Standard,TotalView 32 Processes 1-year Support E-LTU,0,"9,228.00",,NA,,,11/06/2023,12/06/2026,UNCHANGED,N/A,$0.00,0.00%,2026-08-05: $9228.00
HPC Software Products,HPC Software Products,HPE OCA > DL380 Gen12 SFF [P73282-B21] > HPC Software Products > HPC Software Products,Software & License,Unlimited,Unlimited,,S2L39AAE,Standard,TotalView 64 Processes 1-year Support E-LTU,0,"12,894.00",,NA,,,11/06/2023,12/06/2026,UNCHANGED,N/A,$0.00,0.00%,2026-08-05: $12894.00
HPC Software Products,HPC Software Products,HPE OCA > DL380 Gen12 SFF [P73282-B21] > HPC Software Products > HPC Software Products,Software & License,Unlimited,Unlimited,,S2L40AAE,Standard,TotalView 128 Processes 1-year Support E-LTU,0,"16,672.00",,NA,,,11/06/2023,12/06/2026,UNCHANGED,N/A,$0.00,0.00%,2026-08-05: $16672.00
HPC Software Products,HPC Software Products,HPE OCA > DL380 Gen12 SFF [P73282-B21] > HPC Software Products > HPC Software Products,Software & License,Unlimited,Unlimited,,S2L41AAE,Standard,TotalView 256 Processes 1-year Support E-LTU,0,"22,228.00",,NA,,,11/06/2023,12/06/2026,UNCHANGED,N/A,$0.00,0.00%,2026-08-05: $22228.00
HPC Software Products,HPC Software Products,HPE OCA > DL380 Gen12 SFF [P73282-B21] > HPC Software Products > HPC Software Products,Software & License,Unlimited,Unlimited,,S2L42AAE,Standard,TotalView 512 Processes 1-year Support E-LTU,0,"26,672.00",,NA,,,11/06/2023,12/06/2026,UNCHANGED,N/A,$0.00,0.00%,2026-08-05: $26672.00
HPC Software Products,HPC Software Products,HPE OCA > DL380 Gen12 SFF [P73282-B21] > HPC Software Products > HPC Software Products,Software & License,Unlimited,Unlimited,,S2L43AAE,Standard,TotalView 32 Processes 3-year Support E-LTU,0,"26,672.00",,NA,,,11/06/2023,12/06/2026,UNCHANGED,N/A,$0.00,0.00%,2026-08-05: $26672.00
HPC Software Products,HPC Software Products,HPE OCA > DL380 Gen12 SFF [P73282-B21] > HPC Software Products > HPC Software Products,Software & License,Unlimited,Unlimited,,S2L44AAE,Standard,TotalView 64 Processes 3-year Support E-LTU,0,"36,117.00",,NA,,,11/06/2023,12/06/2026,UNCHANGED,N/A,$0.00,0.00%,2026-08-05: $36117.00
HPC Software Products,HPC Software Products,HPE OCA > DL380 Gen12 SFF [P73282-B21] > HPC Software Products > HPC Software Products,Software & License,Unlimited,Unlimited,,S2L45AAE,Standard,TotalView 128 Processes 3-year Support E-LTU,0,"46,672.00",,NA,,,11/06/2023,12/06/2026,UNCHANGED,N/A,$0.00,0.00%,2026-08-05: $46672.00
HPC Software Products,HPC Software Products,HPE OCA > DL380 Gen12 SFF [P73282-B21] > HPC Software Products > HPC Software Products,Software & License,Unlimited,Unlimited,,S2L46AAE,Standard,TotalView 256 Processes 3-year Support E-LTU,0,"61,117.00",,NA,,,11/06/2023,12/06/2026,UNCHANGED,N/A,$0.00,0.00%,2026-08-05: $61117.00
HPC Software Products,HPC Software Products,HPE OCA > DL380 Gen12 SFF [P73282-B21] > HPC Software Products > HPC Software Products,Software & License,Unlimited,Unlimited,,S2L47AAE,Standard,TotalView 512 Processes 3-year Support E-LTU,0,"73,339.00",,NA,,,11/06/2023,12/06/2026,UNCHANGED,N/A,$0.00,0.00%,2026-08-05: $73339.00
HPC Software Products,HPC Software Products,HPE OCA > DL380 Gen12 SFF [P73282-B21] > HPC Software Products > HPC Software Products,Software & License,Unlimited,Unlimited,,S2L48AAE,Standard,TotalView 32 Processes 4-year Support E-LTU,0,"33,339.00",,NA,,,11/06/2023,12/06/2026,UNCHANGED,N/A,$0.00,0.00%,2026-08-05: $33339.00
HPC Software Products,HPC Software Products,HPE OCA > DL380 Gen12 SFF [P73282-B21] > HPC Software Products > HPC Software Products,Software & License,Unlimited,Unlimited,,S2L49AAE,Standard,TotalView 64 Processes 4-year Support E-LTU,0,"46,672.00",,NA,,,11/06/2023,12/06/2026,UNCHANGED,N/A,$0.00,0.00%,2026-08-05: $46672.00
HPC Software Products,HPC Software Products,HPE OCA > DL380 Gen12 SFF [P73282-B21] > HPC Software Products > HPC Software Products,Software & License,Unlimited,Unlimited,,S2L50AAE,Standard,TotalView 128 Processes 4-year Support E-LTU,0,"60,006.00",,NA,,,11/06/2023,12/06/2026,UNCHANGED,N/A,$0.00,0.00%,2026-08-05: $60006.00
HPC Software Products,HPC Software Products,HPE OCA > DL380 Gen12 SFF [P73282-B21] > HPC Software Products > HPC Software Products,Software & License,Unlimited,Unlimited,,S2L51AAE,Standard,TotalView 256 Processes 4-year Support E-LTU,0,"78,894.00",,NA,,,11/06/2023,12/06/2026,UNCHANGED,N/A,$0.00,0.00%,2026-08-05: $78894.00
HPC Software Products,HPC Software Products,HPE OCA > DL380 Gen12 SFF [P73282-B21] > HPC Software Products > HPC Software Products,Software & License,Unlimited,Unlimited,,S2L52AAE,Standard,TotalView 512 Processes 4-year Support E-LTU,0,"95,006.00",,NA,,,11/06/2023,12/06/2026,UNCHANGED,N/A,$0.00,0.00%,2026-08-05: $95006.00
HPC Software Products,HPC Software Products,HPE OCA > DL380 Gen12 SFF [P73282-B21] > HPC Software Products > HPC Software Products,Software & License,Unlimited,Unlimited,,S2L53AAE,Standard,TotalView 32 Processes 5-year Support E-LTU,0,"39,450.00",,NA,,,11/06/2023,12/06/2026,UNCHANGED,N/A,$0.00,0.00%,2026-08-05: $39450.00
HPC Software Products,HPC Software Products,HPE OCA > DL380 Gen12 SFF [P73282-B21] > HPC Software Products > HPC Software Products,Software & License,Unlimited,Unlimited,,S2L54AAE,Standard,TotalView 64 Processes 5-year Support E-LTU,0,"55,006.00",,NA,,,11/06/2023,12/06/2026,UNCHANGED,N/A,$0.00,0.00%,2026-08-05: $55006.00
HPC Software Products,HPC Software Products,HPE OCA > DL380 Gen12 SFF [P73282-B21] > HPC Software Products > HPC Software Products,Software & License,Unlimited,Unlimited,,S2L55AAE,Standard,TotalView 128 Processes 5-year Support E-LTU,0,"70,561.00",,NA,,,11/06/2023,12/06/2026,UNCHANGED,N/A,$0.00,0.00%,2026-08-05: $70561.00
HPC Software Products,HPC Software Products,HPE OCA > DL380 Gen12 SFF [P73282-B21] > HPC Software Products > HPC Software Products,Software & License,Unlimited,Unlimited,,S2L56AAE,Standard,TotalView 256 Processes 5-year Support E-LTU,0,"93,339.00",,NA,,,11/06/2023,12/06/2026,UNCHANGED,N/A,$0.00,0.00%,2026-08-05: $93339.00
HPC Software Products,HPC Software Products,HPE OCA > DL380 Gen12 SFF [P73282-B21] > HPC Software Products > HPC Software Products,Software & License,Unlimited,Unlimited,,S2L57AAE,Standard,TotalView 512 Processes 5-year Support E-LTU,0,"112,228.00",,NA,,,11/06/2023,12/06/2026,UNCHANGED,N/A,$0.00,0.00%,2026-08-05: $112228.00
HPC Software Products,HPC Software Products,HPE OCA > DL380 Gen12 SFF [P73282-B21] > HPC Software Products > HPC Software Products,Software & License,Unlimited,Unlimited,,S2M19A,Standard,Intel oneAPI Base and HPC Premium Support Maximum 63 Nodes up to 10 Developers 1-year LTU,0,"23,466.00",,NA,,,10/02/2023,06/26/2025,UNCHANGED,N/A,$0.00,0.00%,2026-08-05: $23466.00
HPC Software Products,HPC Software Products,HPE OCA > DL380 Gen12 SFF [P73282-B21] > HPC Software Products > HPC Software Products,Software & License,Unlimited,Unlimited,,S2M21A,Standard,Intel oneAPI Base and HPC Premium Support Maximum 63 Nodes up to 25 Developers 1-year LTU,0,"46,916.00",,NA,,,10/02/2023,06/25/2025,UNCHANGED,N/A,$0.00,0.00%,2026-08-05: $46916.00
HPC Software Products,HPC Software Products,HPE OCA > DL380 Gen12 SFF [P73282-B21] > HPC Software Products > HPC Software Products,Software & License,Unlimited,Unlimited,,S2M23A,Standard,Intel oneAPI Base and HPC Premium Support Maximum 63 Nodes up to 50 Developers 1-year LTU,0,"70,366.00",,NA,,,10/02/2023,06/25/2025,UNCHANGED,N/A,$0.00,0.00%,2026-08-05: $70366.00
HPC Software Products,HPC Software Products,HPE OCA > DL380 Gen12 SFF [P73282-B21] > HPC Software Products > HPC Software Products,Software & License,Unlimited,Unlimited,,S2M25A,Standard,Intel oneAPI Base and HPC Premium Support Maximum 63 Nodes up to 10 Developers 3-year LTU,0,"39,921.00",,NA,,,10/02/2023,06/26/2025,UNCHANGED,N/A,$0.00,0.00%,2026-08-05: $39921.00
HPC Software Products,HPC Software Products,HPE OCA > DL380 Gen12 SFF [P73282-B21] > HPC Software Products > HPC Software Products,Software & License,Unlimited,Unlimited,,S2M27A,Standard,Intel oneAPI Base and HPC Premium Support Maximum 63 Nodes up to 25 Developers 3-year LTU,0,"79,746.00",,NA,,,10/02/2023,06/26/2025,UNCHANGED,N/A,$0.00,0.00%,2026-08-05: $79746.00
HPC Software Products,HPC Software Products,HPE OCA > DL380 Gen12 SFF [P73282-B21] > HPC Software Products > HPC Software Products,Software & License,Unlimited,Unlimited,,S2M29A,Standard,Intel oneAPI Base and HPC Premium Support Maximum 63 Nodes up to 50 Developers 3-year LTU,0,"119,571.00",,NA,,,10/02/2023,06/25/2025,UNCHANGED,N/A,$0.00,0.00%,2026-08-05: $119571.00
HPC Software Products,HPC Software Products,HPE OCA > DL380 Gen12 SFF [P73282-B21] > HPC Software Products > HPC Software Products,Software & License,Unlimited,Unlimited,,S2M31A,Standard,Intel oneAPI Base and HPC Support Max 63 Nodes up to 10 Developers 1yr Renewal Pre-expiration LTU,0,"14,884.00",,NA,,,10/02/2023,06/26/2025,UNCHANGED,N/A,$0.00,0.00%,2026-08-05: $14884.00
HPC Software Products,HPC Software Products,HPE OCA > DL380 Gen12 SFF [P73282-B21] > HPC Software Products > HPC Software Products,Software & License,Unlimited,Unlimited,,S2M32A,Standard,Intel oneAPI Base and HPC Support Max 63 Nodes up to 10 Developers 1yr Renewal Post-expiration LTU,0,"29,615.00",,NA,,,10/02/2023,06/26/2025,UNCHANGED,N/A,$0.00,0.00%,2026-08-05: $29615.00
HPC Software Products,HPC Software Products,HPE OCA > DL380 Gen12 SFF [P73282-B21] > HPC Software Products > HPC Software Products,Software & License,Unlimited,Unlimited,,S2M33A,Standard,Intel oneAPI Base and HPC Support Max 63 Nodes up to 25 Developers 1yr Renewal Pre-expiration LTU,0,"29,615.00",,NA,,,10/02/2023,06/26/2025,UNCHANGED,N/A,$0.00,0.00%,2026-08-05: $29615.00
HPC Software Products,HPC Software Products,HPE OCA > DL380 Gen12 SFF [P73282-B21] > HPC Software Products > HPC Software Products,Software & License,Unlimited,Unlimited,,S2M34A,Standard,Intel oneAPI Base and HPC Support Max 63 Nodes up to 25 Developers 1yr Renewal Post-expiration LTU,0,"59,072.00",,NA,,,10/02/2023,06/25/2025,UNCHANGED,N/A,$0.00,0.00%,2026-08-05: $59072.00
HPC Software Products,HPC Software Products,HPE OCA > DL380 Gen12 SFF [P73282-B21] > HPC Software Products > HPC Software Products,Software & License,Unlimited,Unlimited,,S2M35A,Standard,Intel oneAPI Base and HPC Support Max 63 Nodes up to 50 Developers 1yr Renewal Pre-expiration LTU,0,"44,343.00",,NA,,,10/02/2023,06/25/2025,UNCHANGED,N/A,$0.00,0.00%,2026-08-05: $44343.00
HPC Software Products,HPC Software Products,HPE OCA > DL380 Gen12 SFF [P73282-B21] > HPC Software Products > HPC Software Products,Software & License,Unlimited,Unlimited,,S2M36A,Standard,Intel oneAPI Base and HPC Support Max 63 Nodes up to 50 Developers 1yr Renewal Post-expiration LTU,0,"88,674.00",,NA,,,10/02/2023,06/25/2025,UNCHANGED,N/A,$0.00,0.00%,2026-08-05: $88674.00
HPC Software Products,HPC Software Products,HPE OCA > DL380 Gen12 SFF [P73282-B21] > HPC Software Products > HPC Software Products,Software & License,Unlimited,Unlimited,,S2M37A,Standard,Intel oneAPI Base and HPC Premium Support 64-256 Nodes 1-year LTU,0,"119,609.00",,NA,,,10/02/2023,06/25/2025,UNCHANGED,N/A,$0.00,0.00%,2026-08-05: $119609.00
HPC Software Products,HPC Software Products,HPE OCA > DL380 Gen12 SFF [P73282-B21] > HPC Software Products > HPC Software Products,Software & License,Unlimited,Unlimited,,S2M39A,Standard,Intel oneAPI Base and HPC Premium Support 64-256 Nodes 3-year LTU,0,"203,256.00",,NA,,,10/02/2023,06/25/2025,UNCHANGED,N/A,$0.00,0.00%,2026-08-05: $203256.00
HPC Software Products,HPC Software Products,HPE OCA > DL380 Gen12 SFF [P73282-B21] > HPC Software Products > HPC Software Products,Software & License,Unlimited,Unlimited,,S2M41A,Standard,Intel oneAPI Base and HPC Premium Support 64-256 Nodes 4-year LTU,0,"243,905.00",,NA,,,10/02/2023,06/25/2025,UNCHANGED,N/A,$0.00,0.00%,2026-08-05: $243905.00
HPC Software Products,HPC Software Products,HPE OCA > DL380 Gen12 SFF [P73282-B21] > HPC Software Products > HPC Software Products,Software & License,Unlimited,Unlimited,,S2M43A,Standard,Intel oneAPI Base and HPC Premium Support 64-256 Nodes 5-year LTU,0,"264,229.00",,NA,,,10/02/2023,06/25/2025,UNCHANGED,N/A,$0.00,0.00%,2026-08-05: $264229.00
HPC Software Products,HPC Software Products,HPE OCA > DL380 Gen12 SFF [P73282-B21] > HPC Software Products > HPC Software Products,Software & License,Unlimited,Unlimited,,S2M45A,Standard,Intel oneAPI Base and HPC Premium Support 257-512 Nodes 1-year LTU,0,"158,299.00",,NA,,,10/02/2023,06/26/2025,UNCHANGED,N/A,$0.00,0.00%,2026-08-05: $158299.00
HPC Software Products,HPC Software Products,HPE OCA > DL380 Gen12 SFF [P73282-B21] > HPC Software Products > HPC Software Products,Software & License,Unlimited,Unlimited,,S2M47A,Standard,Intel oneAPI Base and HPC Premium Support 257-512 Nodes 3-year LTU,0,"269,011.00",,NA,,,10/02/2023,06/25/2025,UNCHANGED,N/A,$0.00,0.00%,2026-08-05: $269011.00
HPC Software Products,HPC Software Products,HPE OCA > DL380 Gen12 SFF [P73282-B21] > HPC Software Products > HPC Software Products,Software & License,Unlimited,Unlimited,,S2M49A,Standard,Intel oneAPI Base and HPC Premium Support 257-512 Nodes 4-year LTU,0,"322,811.00",,NA,,,10/02/2023,06/25/2025,UNCHANGED,N/A,$0.00,0.00%,2026-08-05: $322811.00
HPC Software Products,HPC Software Products,HPE OCA > DL380 Gen12 SFF [P73282-B21] > HPC Software Products > HPC Software Products,Software & License,Unlimited,Unlimited,,S2M51A,Standard,Intel oneAPI Base and HPC Premium Support 257-512 Nodes 5-year LTU,0,"349,711.00",,NA,,,10/02/2023,06/25/2025,UNCHANGED,N/A,$0.00,0.00%,2026-08-05: $349711.00
HPC Software Products,HPC Software Products,HPE OCA > DL380 Gen12 SFF [P73282-B21] > HPC Software Products > HPC Software Products,Software & License,Unlimited,Unlimited,,S2M53A,Standard,Intel oneAPI Base and HPC Premium Support 512+ Nodes 1-year LTU,0,"246,235.00",,NA,,,10/02/2023,06/26/2025,UNCHANGED,N/A,$0.00,0.00%,2026-08-05: $246235.00
HPC Software Products,HPC Software Products,HPE OCA > DL380 Gen12 SFF [P73282-B21] > HPC Software Products > HPC Software Products,Software & License,Unlimited,Unlimited,,S2M55A,Standard,Intel oneAPI Base and HPC Premium Support 512+ Nodes 3-year LTU,0,"418,455.00",,NA,,,10/02/2023,06/25/2025,UNCHANGED,N/A,$0.00,0.00%,2026-08-05: $418455.00
HPC Software Products,HPC Software Products,HPE OCA > DL380 Gen12 SFF [P73282-B21] > HPC Software Products > HPC Software Products,Software & License,Unlimited,Unlimited,,S2M57A,Standard,Intel oneAPI Base and HPC Premium Support 512+ Nodes 4-year LTU,0,"502,140.00",,NA,,,10/02/2023,06/25/2025,UNCHANGED,N/A,$0.00,0.00%,2026-08-05: $502140.00
HPC Software Products,HPC Software Products,HPE OCA > DL380 Gen12 SFF [P73282-B21] > HPC Software Products > HPC Software Products,Software & License,Unlimited,Unlimited,,S2M59A,Standard,Intel oneAPI Base and HPC Premium Support 512+ Nodes 5-year LTU,0,"543,984.00",,NA,,,10/02/2023,06/25/2025,UNCHANGED,N/A,$0.00,0.00%,2026-08-05: $543984.00
HPC Software Products,HPC Software Products,HPE OCA > DL380 Gen12 SFF [P73282-B21] > HPC Software Products > HPC Software Products,Software & License,Unlimited,Unlimited,,S2M61A,Standard,Intel oneAPI Base and HPC Support 64-256 Nodes 1-year Renewal Pre-expiration LTU,0,"79,803.00",,NA,,,10/02/2023,06/25/2025,UNCHANGED,N/A,$0.00,0.00%,2026-08-05: $79803.00
HPC Software Products,HPC Software Products,HPE OCA > DL380 Gen12 SFF [P73282-B21] > HPC Software Products > HPC Software Products,Software & License,Unlimited,Unlimited,,S2M62A,Standard,Intel oneAPI Base and HPC Support 257-512 Nodes 1-year Renewal Pre-expiration LTU,0,"104,184.00",,NA,,,10/02/2023,06/25/2025,UNCHANGED,N/A,$0.00,0.00%,2026-08-05: $104184.00
HPC Software Products,HPC Software Products,HPE OCA > DL380 Gen12 SFF [P73282-B21] > HPC Software Products > HPC Software Products,Software & License,Unlimited,Unlimited,,S2M63A,Standard,Intel oneAPI Base and HPC Support 512+ Nodes 1-year Renewal Pre-expiration LTU,0,"159,593.00",,NA,,,10/02/2023,06/25/2025,UNCHANGED,N/A,$0.00,0.00%,2026-08-05: $159593.00
HPC Software Products,HPC Software Products,HPE OCA > DL380 Gen12 SFF [P73282-B21] > HPC Software Products > HPC Software Products,Software & License,Unlimited,Unlimited,,S4H91AAE,Standard,Intel oneAPI Base and HPC 512+ Nodes 1-year Renewal Pre-expiration Support,0,"159,593.00",,NA,,,07/01/2024,08/01/2027,UNCHANGED,N/A,$0.00,0.00%,2026-08-05: $159593.00
HPC Software Products,HPC Software Products,HPE OCA > DL380 Gen12 SFF [P73282-B21] > HPC Software Products > HPC Software Products,Software & License,Unlimited,Unlimited,,S4H93AAE,Standard,Intel oneAPI Base and HPC 512+ Nodes 5-year Support,0,"979,170.00",,NA,,,07/01/2024,08/01/2027,UNCHANGED,N/A,$0.00,0.00%,2026-08-05: $979170.00
HPC Software Products,HPC Software Products,HPE OCA > DL380 Gen12 SFF [P73282-B21] > HPC Software Products > HPC Software Products,Software & License,Unlimited,Unlimited,,S4H95AAE,Standard,Intel oneAPI Base and HPC 512+ Nodes 4-year Support,0,"903,851.00",,NA,,,07/01/2024,08/01/2027,UNCHANGED,N/A,$0.00,0.00%,2026-08-05: $903851.00
HPC Software Products,HPC Software Products,HPE OCA > DL380 Gen12 SFF [P73282-B21] > HPC Software Products > HPC Software Products,Software & License,Unlimited,Unlimited,,S4H97AAE,Standard,Intel oneAPI Base and HPC 512+ Nodes 3-year Support,0,"753,218.00",,NA,,,07/01/2024,08/01/2027,UNCHANGED,N/A,$0.00,0.00%,2026-08-05: $753218.00
HPC Software Products,HPC Software Products,HPE OCA > DL380 Gen12 SFF [P73282-B21] > HPC Software Products > HPC Software Products,Software & License,Unlimited,Unlimited,,S4H99AAE,Standard,Intel oneAPI Base and HPC 512+ Nodes 1-year Support,0,"443,222.00",,NA,,,07/01/2024,08/01/2027,UNCHANGED,N/A,$0.00,0.00%,2026-08-05: $443222.00
HPC Software Products,HPC Software Products,HPE OCA > DL380 Gen12 SFF [P73282-B21] > HPC Software Products > HPC Software Products,Software & License,Unlimited,Unlimited,,S4J00AAE,Standard,Intel oneAPI Base and HPC 257-512 Nodes 1-year Renewal Pre-expiration Support,0,"104,184.00",,NA,,,07/01/2024,08/01/2027,UNCHANGED,N/A,$0.00,0.00%,2026-08-05: $104184.00
HPC Software Products,HPC Software Products,HPE OCA > DL380 Gen12 SFF [P73282-B21] > HPC Software Products > HPC Software Products,Software & License,Unlimited,Unlimited,,S4J02AAE,Standard,Intel oneAPI Base and HPC 257-512 Nodes 5-year Support,0,"629,479.00",,NA,,,07/01/2024,08/01/2027,UNCHANGED,N/A,$0.00,0.00%,2026-08-05: $629479.00
HPC Software Products,HPC Software Products,HPE OCA > DL380 Gen12 SFF [P73282-B21] > HPC Software Products > HPC Software Products,Software & License,Unlimited,Unlimited,,S4J04AAE,Standard,Intel oneAPI Base and HPC 257-512 Nodes 4-year Support,0,"581,059.00",,NA,,,07/01/2024,08/01/2027,UNCHANGED,N/A,$0.00,0.00%,2026-08-05: $581059.00
HPC Software Products,HPC Software Products,HPE OCA > DL380 Gen12 SFF [P73282-B21] > HPC Software Products > HPC Software Products,Software & License,Unlimited,Unlimited,,S4J06AAE,Standard,Intel oneAPI Base and HPC 257-512 Nodes 3-year Support,0,"484,219.00",,NA,,,07/01/2024,08/01/2027,UNCHANGED,N/A,$0.00,0.00%,2026-08-05: $484219.00
HPC Software Products,HPC Software Products,HPE OCA > DL380 Gen12 SFF [P73282-B21] > HPC Software Products > HPC Software Products,Software & License,Unlimited,Unlimited,,S4J08AAE,Standard,Intel oneAPI Base and HPC 257-512 Nodes 1-year Support,0,"284,937.00",,NA,,,07/01/2024,08/01/2027,UNCHANGED,N/A,$0.00,0.00%,2026-08-05: $284937.00
HPC Software Products,HPC Software Products,HPE OCA > DL380 Gen12 SFF [P73282-B21] > HPC Software Products > HPC Software Products,Software & License,Unlimited,Unlimited,,S4J09AAE,Standard,Intel oneAPI Base and HPC 64-256 Nodes 1-year Renewal Pre-expiration Support,0,"79,803.00",,NA,,,07/01/2024,08/01/2027,UNCHANGED,N/A,$0.00,0.00%,2026-08-05: $79803.00
HPC Software Products,HPC Software Products,HPE OCA > DL380 Gen12 SFF [P73282-B21] > HPC Software Products > HPC Software Products,Software & License,Unlimited,Unlimited,,S4J11AAE,Standard,Intel oneAPI Base and HPC 64-256 Nodes 5-year Support,0,"475,611.00",,NA,,,07/01/2024,08/01/2027,UNCHANGED,N/A,$0.00,0.00%,2026-08-05: $475611.00
HPC Software Products,HPC Software Products,HPE OCA > DL380 Gen12 SFF [P73282-B21] > HPC Software Products > HPC Software Products,Software & License,Unlimited,Unlimited,,S4J13AAE,Standard,Intel oneAPI Base and HPC 64-256 Nodes 4-year Support,0,"439,028.00",,NA,,,07/01/2024,08/01/2027,UNCHANGED,N/A,$0.00,0.00%,2026-08-05: $439028.00
HPC Software Products,HPC Software Products,HPE OCA > DL380 Gen12 SFF [P73282-B21] > HPC Software Products > HPC Software Products,Software & License,Unlimited,Unlimited,,S4J15AAE,Standard,Intel oneAPI Base and HPC 64-256 Nodes 3-year Support,0,"365,860.00",,NA,,,07/01/2024,08/01/2027,UNCHANGED,N/A,$0.00,0.00%,2026-08-05: $365860.00
HPC Software Products,HPC Software Products,HPE OCA > DL380 Gen12 SFF [P73282-B21] > HPC Software Products > HPC Software Products,Software & License,Unlimited,Unlimited,,S4J17AAE,Standard,Intel oneAPI Base and HPC 64-256 Nodes 1-year Support,0,"215,295.00",,NA,,,07/01/2024,08/01/2027,UNCHANGED,N/A,$0.00,0.00%,2026-08-05: $215295.00
HPC Software Products,HPC Software Products,HPE OCA > DL380 Gen12 SFF [P73282-B21] > HPC Software Products > HPC Software Products,Software & License,Unlimited,Unlimited,,S4J18AAE,Standard,Intel oneAPI Base and HPC Max 63 Nodes up to 10 Concurrent Users 1yr Renewal Post-expiration Support,0,"88,674.00",,NA,,,07/01/2024,08/01/2027,UNCHANGED,N/A,$0.00,0.00%,2026-08-05: $88674.00
HPC Software Products,HPC Software Products,HPE OCA > DL380 Gen12 SFF [P73282-B21] > HPC Software Products > HPC Software Products,Software & License,Unlimited,Unlimited,,S4J19AAE,Standard,Intel oneAPI Base and HPC Max 63 Nodes up to 10 Concurrent Users 1yr Renewal Pre-expiration Support,0,"44,343.00",,NA,,,07/01/2024,08/01/2027,UNCHANGED,N/A,$0.00,0.00%,2026-08-05: $44343.00
HPC Software Products,HPC Software Products,HPE OCA > DL380 Gen12 SFF [P73282-B21] > HPC Software Products > HPC Software Products,Software & License,Unlimited,Unlimited,,S4J20AAE,Standard,Intel oneAPI Base and HPC Max 63 Nodes up to 5 Concurrent Users 1yr Renewal Post-expiration Support,0,"59,072.00",,NA,,,07/01/2024,08/01/2027,UNCHANGED,N/A,$0.00,0.00%,2026-08-05: $59072.00
HPC Software Products,HPC Software Products,HPE OCA > DL380 Gen12 SFF [P73282-B21] > HPC Software Products > HPC Software Products,Software & License,Unlimited,Unlimited,,S4J21AAE,Standard,Intel oneAPI Base and HPC Max 63 Nodes up to 5 Concurrent Users 1yr Renewal Pre-expiration Support,0,"29,615.00",,NA,,,07/01/2024,08/01/2027,UNCHANGED,N/A,$0.00,0.00%,2026-08-05: $29615.00
HPC Software Products,HPC Software Products,HPE OCA > DL380 Gen12 SFF [P73282-B21] > HPC Software Products > HPC Software Products,Software & License,Unlimited,Unlimited,,S4J22AAE,Standard,Intel oneAPI Base and HPC Max 63 Nodes up to 2 Concurrent Users 1yr Renewal Post-expiration Support,0,"29,615.00",,NA,,,07/01/2024,08/01/2027,UNCHANGED,N/A,$0.00,0.00%,2026-08-05: $29615.00
HPC Software Products,HPC Software Products,HPE OCA > DL380 Gen12 SFF [P73282-B21] > HPC Software Products > HPC Software Products,Software & License,Unlimited,Unlimited,,S4J23AAE,Standard,Intel oneAPI Base and HPC Max 63 Nodes up to 2 Concurrent Users 1yr Renewal Pre-expiration Support,0,"14,884.00",,NA,,,07/01/2024,08/01/2027,UNCHANGED,N/A,$0.00,0.00%,2026-08-05: $14884.00
HPC Software Products,HPC Software Products,HPE OCA > DL380 Gen12 SFF [P73282-B21] > HPC Software Products > HPC Software Products,Software & License,Unlimited,Unlimited,,S4J25AAE,Standard,Intel oneAPI Base and HPC Maximum 63 Nodes up to 10 Concurrent Users 3-year Support,0,"215,227.00",,NA,,,07/01/2024,08/01/2027,UNCHANGED,N/A,$0.00,0.00%,2026-08-05: $215227.00
HPC Software Products,HPC Software Products,HPE OCA > DL380 Gen12 SFF [P73282-B21] > HPC Software Products > HPC Software Products,Software & License,Unlimited,Unlimited,,S4J27AAE,Standard,Intel oneAPI Base and HPC Maximum 63 Nodes up to 5 Concurrent Users 3-year Support,0,"143,542.00",,NA,,,07/01/2024,08/01/2027,UNCHANGED,N/A,$0.00,0.00%,2026-08-05: $143542.00
HPC Software Products,HPC Software Products,HPE OCA > DL380 Gen12 SFF [P73282-B21] > HPC Software Products > HPC Software Products,Software & License,Unlimited,Unlimited,,S4J29AAE,Standard,Intel oneAPI Base and HPC Maximum 63 Nodes up to 2 Concurrent Users 3-year Support,0,"71,857.00",,NA,,,07/01/2024,08/01/2027,UNCHANGED,N/A,$0.00,0.00%,2026-08-05: $71857.00
HPC Software Products,HPC Software Products,HPE OCA > DL380 Gen12 SFF [P73282-B21] > HPC Software Products > HPC Software Products,Software & License,Unlimited,Unlimited,,S4J31AAE,Standard,Intel oneAPI Base and HPC Maximum 63 Nodes up to 10 Concurrent Users 1-year Support,0,"126,658.00",,NA,,,07/01/2024,08/01/2027,UNCHANGED,N/A,$0.00,0.00%,2026-08-05: $126658.00
HPC Software Products,HPC Software Products,HPE OCA > DL380 Gen12 SFF [P73282-B21] > HPC Software Products > HPC Software Products,Software & License,Unlimited,Unlimited,,S4J33AAE,Standard,Intel oneAPI Base and HPC Maximum 63 Nodes up to 5 Concurrent Users 1-year Support,0,"84,448.00",,NA,,,07/01/2024,08/01/2027,UNCHANGED,N/A,$0.00,0.00%,2026-08-05: $84448.00
HPC Software Products,HPC Software Products,HPE OCA > DL380 Gen12 SFF [P73282-B21] > HPC Software Products > HPC Software Products,Software & License,Unlimited,Unlimited,,S4J35AAE,Standard,Intel oneAPI Base and HPC Maximum 63 Nodes up to 2 Concurrent Users 1-year Support,0,"42,238.00",,NA,,,07/01/2024,08/01/2027,UNCHANGED,N/A,$0.00,0.00%,2026-08-05: $42238.00
HPC Software Products,High Availability Computing - Cluster Software,HPE OCA > DL380 Gen12 SFF [P73282-B21] > HPC Software Products > High Availability Computing - Cluster Software,Software & License,Unlimited,Unlimited,,R1T30AAE,Standard,HPE Serviceguard for Linux x86 Base 1yr Subscription 24x7 Support PSL E-LTU,0,"1,074.00",,NA,,,03/04/2019,09/30/2028,UNCHANGED,N/A,$0.00,0.00%,2026-08-05: $1074.00
HPC Software Products,High Availability Computing - Cluster Software,HPE OCA > DL380 Gen12 SFF [P73282-B21] > HPC Software Products > High Availability Computing - Cluster Software,Software & License,Unlimited,Unlimited,,R1T31AAE,Standard,HPE Serviceguard for Linux x86 Advanced 1yr Subscription 24x7 Support PSL E-LTU,0,"1,511.00",,NA,,,03/04/2019,09/30/2028,UNCHANGED,N/A,$0.00,0.00%,2026-08-05: $1511.00
HPC Software Products,High Availability Computing - Cluster Software,HPE OCA > DL380 Gen12 SFF [P73282-B21] > HPC Software Products > High Availability Computing - Cluster Software,Software & License,Unlimited,Unlimited,,R1T32AAE,Standard,HPE Serviceguard for Linux x86 Enterprise 1yr Subscription 24x7 Support PSL E-LTU,0,"1,984.00",,NA,,,03/04/2019,09/30/2028,UNCHANGED,N/A,$0.00,0.00%,2026-08-05: $1984.00
HPC Software Products,High Availability Computing - Cluster Software,HPE OCA > DL380 Gen12 SFF [P73282-B21] > HPC Software Products > High Availability Computing - Cluster Software,Software & License,Unlimited,Unlimited,,R1T36AAE,Standard,HPE Serviceguard for Linux x86 Enterprise for SAP HANA 1yr Subscription 24x7 Support PSL E-LTU,0,"1,984.00",,NA,,,03/04/2019,09/30/2028,UNCHANGED,N/A,$0.00,0.00%,2026-08-05: $1984.00
HPC Software Products,High Availability Computing - Cluster Software,HPE OCA > DL380 Gen12 SFF [P73282-B21] > HPC Software Products > High Availability Computing - Cluster Software,Software & License,Unlimited,Unlimited,,R7P98AAE,Standard,HPE Serviceguard for Linux x86 Premium for SAP HANA 1-year Subscription 24x7 Support PSL E-LTU,0,"2,630.00",,NA,,,04/06/2021,09/30/2028,UNCHANGED,N/A,$0.00,0.00%,2026-08-05: $2630.00
HPC Software Products,High Availability Computing - Cluster Software,HPE OCA > DL380 Gen12 SFF [P73282-B21] > HPC Software Products > High Availability Computing - Cluster Software,Software & License,Unlimited,Unlimited,,R8V45AAE,Standard,HPE Serviceguard for Linux x86 Flex Storage Add-On 1yr Subscription 24x7 Support per Instance E-LTU,0,"4,725.00",,NA,,,10/04/2021,09/30/2028,UNCHANGED,N/A,$0.00,0.00%,2026-08-05: $4725.00
HPC Software Products,High Availability Computing - Cluster Software,HPE OCA > DL380 Gen12 SFF [P73282-B21] > HPC Software Products > High Availability Computing - Cluster Software,Software & License,Unlimited,Unlimited,,R8V46AAE,Standard,HPE Serviceguard for Linux x86 Flex Storage Add-On 3yr Subscription 24x7 Support per Instance E-LTU,0,"12,474.00",,NA,,,10/04/2021,09/30/2026,UNCHANGED,N/A,$0.00,0.00%,2026-08-05: $12474.00
HPC Software Products,High Availability Computing - Cluster Software,HPE OCA > DL380 Gen12 SFF [P73282-B21] > HPC Software Products > High Availability Computing - Cluster Software,Software & License,Unlimited,Unlimited,,R8V48A,Standard,HPE Serviceguard for Linux x86 Flex Storage Add-On Media,0,50.00,,NA,,,10/04/2021,04/01/2025,UNCHANGED,N/A,$0.00,0.00%,2026-08-05: $50.00
HPC Software Products,High Availability Computing - Cluster Software,HPE OCA > DL380 Gen12 SFF [P73282-B21] > HPC Software Products > High Availability Computing - Cluster Software,Software & License,Unlimited,Unlimited,,S0W12AAE,Standard,HPE Serviceguard for Linux v15 High Availability E5 2 Cores or 4 vCPUs 1yr Subscription 24x7 E-LTU,0,69.00,,NA,,,01/10/2023,09/30/2028,UNCHANGED,N/A,$0.00,0.00%,2026-08-05: $69.00
HPC Software Products,High Availability Computing - Cluster Software,HPE OCA > DL380 Gen12 SFF [P73282-B21] > HPC Software Products > High Availability Computing - Cluster Software,Software & License,Unlimited,Unlimited,,S0W13AAE,Standard,HPE Serviceguard for Linux v15 High Availability E5 2 Cores or 4 vCPUs 3yr Subscription 24x7 E-LTU,0,182.00,,NA,,,01/10/2023,09/30/2026,UNCHANGED,N/A,$0.00,0.00%,2026-08-05: $182.00
HPC Software Products,High Availability Computing - Cluster Software,HPE OCA > DL380 Gen12 SFF [P73282-B21] > HPC Software Products > High Availability Computing - Cluster Software,Software & License,Unlimited,Unlimited,,S0W14AAE,Standard,HPE Serviceguard for Linux v15 High Availability E5 2 Cores or 4 vCPUs 5yr Subscription 24x7 E-LTU,0,276.00,,NA,,,01/10/2023,12/27/2027,UNCHANGED,N/A,$0.00,0.00%,2026-08-05: $276.00
HPC Software Products,High Availability Computing - Cluster Software,HPE OCA > DL380 Gen12 SFF [P73282-B21] > HPC Software Products > High Availability Computing - Cluster Software,Software & License,Unlimited,Unlimited,,S0W15AAE,Standard,HPE Serviceguard for Linux v15 HA and Disaster Recovery E7 2 Cores or 4 vCPUs 1y Sub 24x7 E-LTU,0,124.00,,NA,,,01/10/2023,09/30/2028,UNCHANGED,N/A,$0.00,0.00%,2026-08-05: $124.00
HPC Software Products,High Availability Computing - Cluster Software,HPE OCA > DL380 Gen12 SFF [P73282-B21] > HPC Software Products > High Availability Computing - Cluster Software,Software & License,Unlimited,Unlimited,,S0W16AAE,Standard,HPE Serviceguard for Linux v15 HA and Disaster Recovery E7 2 Cores or 4 vCPUs 3y Sub 24x7 E-LTU,0,327.00,,NA,,,01/10/2023,09/30/2026,UNCHANGED,N/A,$0.00,0.00%,2026-08-05: $327.00
HPC Software Products,High Availability Computing - Cluster Software,HPE OCA > DL380 Gen12 SFF [P73282-B21] > HPC Software Products > High Availability Computing - Cluster Software,Software & License,Unlimited,Unlimited,,S0W17AAE,Standard,HPE Serviceguard for Linux v15 HA and Disaster Recovery E7 2 Cores or 4 vCPUs 5y Sub 24x7 E-LTU,0,496.00,,NA,,,01/10/2023,12/27/2027,UNCHANGED,N/A,$0.00,0.00%,2026-08-05: $496.00
HPC Software Products,High Availability Computing - Cluster Software,HPE OCA > DL380 Gen12 SFF [P73282-B21] > HPC Software Products > High Availability Computing - Cluster Software,Software & License,Unlimited,Unlimited,,S0W18AAE,Standard,HPE Serviceguard for Linux v15 SAP Add-on 2 Cores or 4 vCPUs 1-year Subscription 24x7 E-LTU,0,42.00,,NA,,,01/10/2023,09/30/2028,UNCHANGED,N/A,$0.00,0.00%,2026-08-05: $42.00
HPC Software Products,High Availability Computing - Cluster Software,HPE OCA > DL380 Gen12 SFF [P73282-B21] > HPC Software Products > High Availability Computing - Cluster Software,Software & License,Unlimited,Unlimited,,S0W19AAE,Standard,HPE Serviceguard for Linux v15 SAP Add-on 2 Cores or 4 vCPUs 3-year Subscription 24x7 E-LTU,0,111.00,,NA,,,01/10/2023,09/30/2026,UNCHANGED,N/A,$0.00,0.00%,2026-08-05: $111.00
HPC Software Products,High Availability Computing - Cluster Software,HPE OCA > DL380 Gen12 SFF [P73282-B21] > HPC Software Products > High Availability Computing - Cluster Software,Software & License,Unlimited,Unlimited,,S0W20AAE,Standard,HPE Serviceguard for Linux v15 SAP Add-on 2 Cores or 4 vCPUs 5-year Subscription 24x7 E-LTU,0,168.00,,NA,,,01/10/2023,12/27/2027,UNCHANGED,N/A,$0.00,0.00%,2026-08-05: $168.00
HPC Software Products,High Availability Computing - Cluster Software,HPE OCA > DL380 Gen12 SFF [P73282-B21] > HPC Software Products > High Availability Computing - Cluster Software,Software & License,Unlimited,Unlimited,,S0W21AAE,Standard,HPE Serviceguard for Linux v15 Oracle Add-on 2 Cores or 4 vCPUs 1-year Subscription 24x7 E-LTU,0,150.00,,NA,,,01/10/2023,09/30/2028,UNCHANGED,N/A,$0.00,0.00%,2026-08-05: $150.00
HPC Software Products,High Availability Computing - Cluster Software,HPE OCA > DL380 Gen12 SFF [P73282-B21] > HPC Software Products > High Availability Computing - Cluster Software,Software & License,Unlimited,Unlimited,,S0W22AAE,Standard,HPE Serviceguard for Linux v15 Oracle Add-on 2 Cores or 4 vCPUs 3-year Subscription 24x7 E-LTU,0,396.00,,NA,,,01/10/2023,09/30/2026,UNCHANGED,N/A,$0.00,0.00%,2026-08-05: $396.00
HPC Software Products,High Availability Computing - Cluster Software,HPE OCA > DL380 Gen12 SFF [P73282-B21] > HPC Software Products > High Availability Computing - Cluster Software,Software & License,Unlimited,Unlimited,,S0W23AAE,Standard,HPE Serviceguard for Linux v15 Oracle Add-on 2 Cores or 4 vCPUs 5-year Subscription 24x7 E-LTU,0,600.00,,NA,,,01/10/2023,12/27/2027,UNCHANGED,N/A,$0.00,0.00%,2026-08-05: $600.00
HPC Software Products,High Availability Computing - Cluster Software,HPE OCA > DL380 Gen12 SFF [P73282-B21] > HPC Software Products > High Availability Computing - Cluster Software,Software & License,Unlimited,Unlimited,,S0W24AAE,Standard,HPE Serviceguard for Linux v15 Microsoft SQL Server Add-on 2 Cores or 4 vCPUs 1y Sub 24x7 E-LTU,0,57.00,,NA,,,01/10/2023,09/30/2028,UNCHANGED,N/A,$0.00,0.00%,2026-08-05: $57.00
HPC Software Products,High Availability Computing - Cluster Software,HPE OCA > DL380 Gen12 SFF [P73282-B21] > HPC Software Products > High Availability Computing - Cluster Software,Software & License,Unlimited,Unlimited,,S0W25AAE,Standard,HPE Serviceguard for Linux v15 Microsoft SQL Server Add-on 2 Cores or 4 vCPUs 3y Sub 24x7 E-LTU,0,150.00,,NA,,,01/10/2023,09/30/2026,UNCHANGED,N/A,$0.00,0.00%,2026-08-05: $150.00
HPC Software Products,High Availability Computing - Cluster Software,HPE OCA > DL380 Gen12 SFF [P73282-B21] > HPC Software Products > High Availability Computing - Cluster Software,Software & License,Unlimited,Unlimited,,S0W26AAE,Standard,HPE Serviceguard for Linux v15 Microsoft SQL Server Add-on 2 Cores or 4 vCPUs 5y Sub 24x7 E-LTU,0,228.00,,NA,,,01/10/2023,12/27/2027,UNCHANGED,N/A,$0.00,0.00%,2026-08-05: $228.00
HPC Software Products,High Availability Computing - Cluster Software,HPE OCA > DL380 Gen12 SFF [P73282-B21] > HPC Software Products > High Availability Computing - Cluster Software,Software & License,Unlimited,Unlimited,,S0W27AAE,Standard,HPE Serviceguard for Linux v15 NFS Add-on 2 Cores or 4 vCPUs 1-year Subscription 24x7 E-LTU,0,25.00,,NA,,,01/10/2023,09/30/2028,UNCHANGED,N/A,$0.00,0.00%,2026-08-05: $25.00
HPC Software Products,High Availability Computing - Cluster Software,HPE OCA > DL380 Gen12 SFF [P73282-B21] > HPC Software Products > High Availability Computing - Cluster Software,Software & License,Unlimited,Unlimited,,S0W28AAE,Standard,HPE Serviceguard for Linux v15 NFS Add-on 2 Cores or 4 vCPUs 3-year Subscription 24x7 E-LTU,0,66.00,,NA,,,01/10/2023,09/30/2026,UNCHANGED,N/A,$0.00,0.00%,2026-08-05: $66.00
HPC Software Products,High Availability Computing - Cluster Software,HPE OCA > DL380 Gen12 SFF [P73282-B21] > HPC Software Products > High Availability Computing - Cluster Software,Software & License,Unlimited,Unlimited,,S0W29AAE,Standard,HPE Serviceguard for Linux v15 NFS Add-on 2 Cores or 4 vCPUs 5-year Subscription 24x7 E-LTU,0,100.00,,NA,,,01/10/2023,12/27/2027,UNCHANGED,N/A,$0.00,0.00%,2026-08-05: $100.00
HPC Software Products,Partner Software - Interconnect Management Array,HPE OCA > DL380 Gen12 SFF [P73282-B21] > HPC Software Products > Partner Software - Interconnect Management Array,Software & License,Unlimited,Unlimited,,S1D73AAE,Standard,NVIDIA UFM Enterprise with Business Standard per HCA 1-year Subscription E-LTU,0,289.00,,NA,,,02/06/2023,11/30/2027,UNCHANGED,N/A,$0.00,0.00%,2026-08-05: $289.00
HPC Software Products,Partner Software - Interconnect Management Array,HPE OCA > DL380 Gen12 SFF [P73282-B21] > HPC Software Products > Partner Software - Interconnect Management Array,Software & License,Unlimited,Unlimited,,S1D74AAE,Standard,NVIDIA UFM Enterprise with Business Standard per HCA 3-year Subscription E-LTU,0,824.00,,NA,,,02/06/2023,11/30/2027,UNCHANGED,N/A,$0.00,0.00%,2026-08-05: $824.00
HPC Software Products,Partner Software - Interconnect Management Array,HPE OCA > DL380 Gen12 SFF [P73282-B21] > HPC Software Products > Partner Software - Interconnect Management Array,Software & License,Unlimited,Unlimited,,S1D75AAE,Standard,NVIDIA UFM Enterprise with Business Standard per HCA 5-year Subscription E-LTU,0,"1,287.00",,NA,,,02/06/2023,11/30/2027,UNCHANGED,N/A,$0.00,0.00%,2026-08-05: $1287.00
HPC Software Products,NVIDIA GPU SW,HPE OCA > DL380 Gen12 SFF [P73282-B21] > HPC Software Products > NVIDIA GPU SW,Software & License,Unlimited,Unlimited,,R3Q35AAE,Standard,NVIDIA RTX Virtual Workstation 1 Concurrent User 1-year Subscription E-LTU,0,305.00,,NA,,,06/01/2020,10/31/2027,UNCHANGED,N/A,$0.00,0.00%,2026-08-05: $305.00
HPC Software Products,NVIDIA GPU SW,HPE OCA > DL380 Gen12 SFF [P73282-B21] > HPC Software Products > NVIDIA GPU SW,Software & License,Unlimited,Unlimited,,R3Q37AAE,Standard,NVIDIA RTX Virtual Workstation 1 Concurrent User 3-year Subscription E-LTU,0,867.00,,NA,,,06/01/2020,10/31/2027,UNCHANGED,N/A,$0.00,0.00%,2026-08-05: $867.00
HPC Software Products,NVIDIA GPU SW,HPE OCA > DL380 Gen12 SFF [P73282-B21] > HPC Software Products > NVIDIA GPU SW,Software & License,Unlimited,Unlimited,,R3Q38AAE,Standard,NVIDIA RTX Virtual Workstation 1 Concurrent User 4-year Subscription E-LTU,0,"1,149.00",,NA,,,06/01/2020,10/31/2027,UNCHANGED,N/A,$0.00,0.00%,2026-08-05: $1149.00
HPC Software Products,NVIDIA GPU SW,HPE OCA > DL380 Gen12 SFF [P73282-B21] > HPC Software Products > NVIDIA GPU SW,Software & License,Unlimited,Unlimited,,R3Q39AAE,Standard,NVIDIA RTX Virtual Workstation 1 Concurrent User 5-year Subscription E-LTU,0,"1,429.00",,NA,,,06/01/2020,10/31/2027,UNCHANGED,N/A,$0.00,0.00%,2026-08-05: $1429.00
HPC Software Products,NVIDIA GPU SW,HPE OCA > DL380 Gen12 SFF [P73282-B21] > HPC Software Products > NVIDIA GPU SW,Professional & Advisory Services,Unlimited,Unlimited,,R3Q40AAE,Standard,NVIDIA RTX Virtual Workstation 1 Concurrent User Education 1-year Subscription Renewal E-LTU,0,96.00,,NA,,,06/01/2020,10/31/2027,UNCHANGED,N/A,$0.00,0.00%,2026-08-05: $96.00
HPC Software Products,NVIDIA GPU SW,HPE OCA > DL380 Gen12 SFF [P73282-B21] > HPC Software Products > NVIDIA GPU SW,Professional & Advisory Services,Unlimited,Unlimited,,R3Q42AAE,Standard,NVIDIA RTX Virtual Workstation 1 Concurrent User Education 3-year Subscription Renewal E-LTU,0,241.00,,NA,,,06/01/2020,10/31/2027,UNCHANGED,N/A,$0.00,0.00%,2026-08-05: $241.00
HPC Software Products,NVIDIA GPU SW,HPE OCA > DL380 Gen12 SFF [P73282-B21] > HPC Software Products > NVIDIA GPU SW,Software & License,Unlimited,Unlimited,,R3Q44AAE,Standard,NVIDIA Virtual Applications 1 Concurrent User 1-year Subscription E-LTU,0,37.00,,NA,,,06/01/2020,10/31/2027,UNCHANGED,N/A,$0.00,0.00%,2026-08-05: $37.00
HPC Software Products,NVIDIA GPU SW,HPE OCA > DL380 Gen12 SFF [P73282-B21] > HPC Software Products > NVIDIA GPU SW,Software & License,Unlimited,Unlimited,,R3Q46AAE,Standard,NVIDIA Virtual Applications 1 Concurrent User 3-year Subscription E-LTU,0,63.00,,NA,,,06/01/2020,10/31/2027,UNCHANGED,N/A,$0.00,0.00%,2026-08-05: $63.00
HPC Software Products,NVIDIA GPU SW,HPE OCA > DL380 Gen12 SFF [P73282-B21] > HPC Software Products > NVIDIA GPU SW,Software & License,Unlimited,Unlimited,,R3Q47AAE,Standard,NVIDIA Virtual Applications 1 Concurrent User 4-year Subscription E-LTU,0,75.00,,NA,,,06/01/2020,10/31/2027,UNCHANGED,N/A,$0.00,0.00%,2026-08-05: $75.00
HPC Software Products,NVIDIA GPU SW,HPE OCA > DL380 Gen12 SFF [P73282-B21] > HPC Software Products > NVIDIA GPU SW,Software & License,Unlimited,Unlimited,,R3Q48AAE,Standard,NVIDIA Virtual Applications 1 Concurrent User 5-year Subscription E-LTU,0,89.00,,NA,,,06/01/2020,10/31/2027,UNCHANGED,N/A,$0.00,0.00%,2026-08-05: $89.00
HPC Software Products,NVIDIA GPU SW,HPE OCA > DL380 Gen12 SFF [P73282-B21] > HPC Software Products > NVIDIA GPU SW,Software & License,Unlimited,Unlimited,,R3Q49AAE,Standard,NVIDIA Virtual PC 1 Concurrent User 1-year Subscription E-LTU,0,89.00,,NA,,,06/01/2020,10/31/2027,UNCHANGED,N/A,$0.00,0.00%,2026-08-05: $89.00
HPC Software Products,NVIDIA GPU SW,HPE OCA > DL380 Gen12 SFF [P73282-B21] > HPC Software Products > NVIDIA GPU SW,Software & License,Unlimited,Unlimited,,R3Q51AAE,Standard,NVIDIA Virtual PC 1 Concurrent User 3-year Subscription E-LTU,0,213.00,,NA,,,06/01/2020,10/31/2027,UNCHANGED,N/A,$0.00,0.00%,2026-08-05: $213.00
HPC Software Products,NVIDIA GPU SW,HPE OCA > DL380 Gen12 SFF [P73282-B21] > HPC Software Products > NVIDIA GPU SW,Software & License,Unlimited,Unlimited,,R3Q52AAE,Standard,NVIDIA Virtual PC 1 Concurrent User 4-year Subscription E-LTU,0,242.00,,NA,,,06/01/2020,10/31/2027,UNCHANGED,N/A,$0.00,0.00%,2026-08-05: $242.00
HPC Software Products,NVIDIA GPU SW,HPE OCA > DL380 Gen12 SFF [P73282-B21] > HPC Software Products > NVIDIA GPU SW,Software & License,Unlimited,Unlimited,,R3Q53AAE,Standard,NVIDIA Virtual PC 1 Concurrent User 5-year Subscription E-LTU,0,274.00,,NA,,,06/01/2020,10/31/2027,UNCHANGED,N/A,$0.00,0.00%,2026-08-05: $274.00
HPC Software Products,NVIDIA GPU SW,HPE OCA > DL380 Gen12 SFF [P73282-B21] > HPC Software Products > NVIDIA GPU SW,Software & License,Unlimited,Unlimited,,R3Q63AAE,Standard,NVIDIA RTX Virtual Workstation SUMS 1 Concurrent User 1-year Subscription Renewal E-LTU,0,184.00,,NA,,,06/01/2020,10/31/2027,UNCHANGED,N/A,$0.00,0.00%,2026-08-05: $184.00
HPC Software Products,NVIDIA GPU SW,HPE OCA > DL380 Gen12 SFF [P73282-B21] > HPC Software Products > NVIDIA GPU SW,Software & License,Unlimited,Unlimited,,R3Q67AAE,Standard,NVIDIA RTX Virtual Workstation SUMS 1 Concurrent User 5-year Subscription E-LTU,0,647.00,,NA,,,06/01/2020,10/31/2027,UNCHANGED,N/A,$0.00,0.00%,2026-08-05: $647.00
HPC Software Products,NVIDIA GPU SW,HPE OCA > DL380 Gen12 SFF [P73282-B21] > HPC Software Products > NVIDIA GPU SW,Professional & Advisory Services,Unlimited,Unlimited,,R3Q68AAE,Standard,NVIDIA RTX Virtual Workstation SUMS 1 Concurrent User Education 1-year Subscription Renewal E-LTU,0,64.00,,NA,,,06/01/2020,10/31/2027,UNCHANGED,N/A,$0.00,0.00%,2026-08-05: $64.00
HPC Software Products,NVIDIA GPU SW,HPE OCA > DL380 Gen12 SFF [P73282-B21] > HPC Software Products > NVIDIA GPU SW,Professional & Advisory Services,Unlimited,Unlimited,,R3Q72AAE,Standard,NVIDIA RTX Virtual Workstation SUMS 1 Concurrent User Education 5-year Subscription E-LTU,0,180.00,,NA,,,06/01/2020,10/31/2027,UNCHANGED,N/A,$0.00,0.00%,2026-08-05: $180.00
HPC Software Products,NVIDIA GPU SW,HPE OCA > DL380 Gen12 SFF [P73282-B21] > HPC Software Products > NVIDIA GPU SW,Software & License,Unlimited,Unlimited,,R3Q73AAE,Standard,NVIDIA Virtual Applications SUMS 1 Concurrent User 1-year Subscription Renewal E-LTU,0,35.00,,NA,,,06/01/2020,10/31/2027,UNCHANGED,N/A,$0.00,0.00%,2026-08-05: $35.00
HPC Software Products,NVIDIA GPU SW,HPE OCA > DL380 Gen12 SFF [P73282-B21] > HPC Software Products > NVIDIA GPU SW,Software & License,Unlimited,Unlimited,,R3Q77AAE,Standard,NVIDIA Virtual Applications SUMS 1 Concurrent User 5-year Subscription E-LTU,0,61.00,,NA,,,06/01/2020,10/31/2027,UNCHANGED,N/A,$0.00,0.00%,2026-08-05: $61.00
HPC Software Products,NVIDIA GPU SW,HPE OCA > DL380 Gen12 SFF [P73282-B21] > HPC Software Products > NVIDIA GPU SW,Software & License,Unlimited,Unlimited,,R3Q79AAE,Standard,NVIDIA Virtual PC 1 Concurrent User 1-year Subscription Renewal E-LTU,0,106.00,,NA,,,06/01/2020,10/31/2027,UNCHANGED,N/A,$0.00,0.00%,2026-08-05: $106.00
HPC Software Products,NVIDIA GPU SW,HPE OCA > DL380 Gen12 SFF [P73282-B21] > HPC Software Products > NVIDIA GPU SW,Software & License,Unlimited,Unlimited,,R3Q81AAE,Standard,NVIDIA Virtual PC 1 Concurrent User 3-year Subscription Renewal E-LTU,0,266.00,,NA,,,06/01/2020,10/31/2027,UNCHANGED,N/A,$0.00,0.00%,2026-08-05: $266.00
HPC Software Products,NVIDIA GPU SW,HPE OCA > DL380 Gen12 SFF [P73282-B21] > HPC Software Products > NVIDIA GPU SW,Software & License,Unlimited,Unlimited,,R3Q93AAE,Standard,NVIDIA RTX Virtual Workstation 1 Concurrent User Perpetual E-LTU,0,530.00,,NA,,,06/01/2020,10/31/2027,UNCHANGED,N/A,$0.00,0.00%,2026-08-05: $530.00
HPC Software Products,NVIDIA GPU SW,HPE OCA > DL380 Gen12 SFF [P73282-B21] > HPC Software Products > NVIDIA GPU SW,Professional & Advisory Services,Unlimited,Unlimited,,R3Q94AAE,Standard,NVIDIA RTX Virtual Workstation 1 Concurrent User Education Perpetual E-LTU,0,134.00,,NA,,,06/01/2020,10/31/2027,UNCHANGED,N/A,$0.00,0.00%,2026-08-05: $134.00
HPC Software Products,NVIDIA GPU SW,HPE OCA > DL380 Gen12 SFF [P73282-B21] > HPC Software Products > NVIDIA GPU SW,Software & License,Unlimited,Unlimited,,R3Q95AAE,Standard,NVIDIA RTX Virtual Workstation 1 Concurrent User 1-year Subscription Renewal E-LTU,0,385.00,,NA,,,06/01/2020,10/31/2027,UNCHANGED,N/A,$0.00,0.00%,2026-08-05: $385.00
HPC Software Products,NVIDIA GPU SW,HPE OCA > DL380 Gen12 SFF [P73282-B21] > HPC Software Products > NVIDIA GPU SW,Software & License,Unlimited,Unlimited,,R3R01AAE,Standard,NVIDIA Virtual Applications 1 Concurrent User Perpetual E-LTU,0,51.00,,NA,,,06/01/2020,10/31/2027,UNCHANGED,N/A,$0.00,0.00%,2026-08-05: $51.00
HPC Software Products,NVIDIA GPU SW,HPE OCA > DL380 Gen12 SFF [P73282-B21] > HPC Software Products > NVIDIA GPU SW,Software & License,Unlimited,Unlimited,,R3R02AAE,Standard,NVIDIA Virtual Applications 1 Concurrent User 1-year Subscription Renewal E-LTU,0,41.00,,NA,,,06/01/2020,10/31/2027,UNCHANGED,N/A,$0.00,0.00%,2026-08-05: $41.00
HPC Software Products,NVIDIA GPU SW,HPE OCA > DL380 Gen12 SFF [P73282-B21] > HPC Software Products > NVIDIA GPU SW,Software & License,Unlimited,Unlimited,,R3R03AAE,Standard,NVIDIA Virtual Applications 1 Concurrent User 3-year Subscription Renewal E-LTU,0,73.00,,NA,,,06/01/2020,10/31/2027,UNCHANGED,N/A,$0.00,0.00%,2026-08-05: $73.00
HPC Software Products,NVIDIA GPU SW,HPE OCA > DL380 Gen12 SFF [P73282-B21] > HPC Software Products > NVIDIA GPU SW,Software & License,Unlimited,Unlimited,,R3R06AAE,Standard,NVIDIA Virtual PC 1 Concurrent User Perpetual E-LTU,0,150.00,,NA,,,06/01/2020,10/31/2027,UNCHANGED,N/A,$0.00,0.00%,2026-08-05: $150.00
HPC Software Products,NVIDIA GPU SW,HPE OCA > DL380 Gen12 SFF [P73282-B21] > HPC Software Products > NVIDIA GPU SW,Software & License,Unlimited,Unlimited,,R3R07AAE,Standard,NVIDIA Virtual PC SUMS 1 Concurrent User 1-year Subscription Renewal E-LTU,0,71.00,,NA,,,06/01/2020,10/31/2027,UNCHANGED,N/A,$0.00,0.00%,2026-08-05: $71.00
HPC Software Products,NVIDIA GPU SW,HPE OCA > DL380 Gen12 SFF [P73282-B21] > HPC Software Products > NVIDIA GPU SW,Software & License,Unlimited,Unlimited,,R3R12AAE,Standard,NVIDIA RTX Virtual Workstation 1 Concurrent User 3-year Subscription Renewal E-LTU,0,"1,108.00",,NA,,,06/01/2020,10/31/2027,UNCHANGED,N/A,$0.00,0.00%,2026-08-05: $1108.00
HPC Software Products,NVIDIA GPU SW,HPE OCA > DL380 Gen12 SFF [P73282-B21] > HPC Software Products > NVIDIA GPU SW,Software & License,Unlimited,Unlimited,,R3R21AAE,Standard,NVIDIA Virtual PC SUMS 1 Concurrent User 5-year Subscription E-LTU,0,199.00,,NA,,,06/01/2020,10/31/2027,UNCHANGED,N/A,$0.00,0.00%,2026-08-05: $199.00
HPC Software Products,NVIDIA GPU SW,HPE OCA > DL380 Gen12 SFF [P73282-B21] > HPC Software Products > NVIDIA GPU SW,Professional & Advisory Services,Unlimited,Unlimited,,R3R26AAE,Standard,NVIDIA RTX Virtual Workstation 1 Concurrent User Education 1-year Subscription E-LTU,0,86.00,,NA,,,06/01/2020,10/31/2027,UNCHANGED,N/A,$0.00,0.00%,2026-08-05: $86.00
HPC Software Products,NVIDIA GPU SW,HPE OCA > DL380 Gen12 SFF [P73282-B21] > HPC Software Products > NVIDIA GPU SW,Professional & Advisory Services,Unlimited,Unlimited,,R3R27AAE,Standard,NVIDIA RTX Virtual Workstation 1 Concurrent User Education 3-year Subscription E-LTU,0,210.00,,NA,,,06/01/2020,10/31/2027,UNCHANGED,N/A,$0.00,0.00%,2026-08-05: $210.00
HPC Software Products,NVIDIA GPU SW,HPE OCA > DL380 Gen12 SFF [P73282-B21] > HPC Software Products > NVIDIA GPU SW,Software & License,Unlimited,Unlimited,,S2S16AAE,Standard,NVIDIA AI Enterprise per GPU 1-year Subscription 9x5 Support E-LTU,0,"5,252.00",,NA,,,10/02/2023,10/31/2028,UNCHANGED,N/A,$0.00,0.00%,2026-08-05: $5252.00
HPC Software Products,NVIDIA GPU SW,HPE OCA > DL380 Gen12 SFF [P73282-B21] > HPC Software Products > NVIDIA GPU SW,Software & License,Unlimited,Unlimited,,S2S17AAE,Standard,NVIDIA AI Enterprise per GPU 3-year Subscription 9x5 Support E-LTU,0,"15,755.00",,NA,,,10/02/2023,10/31/2028,UNCHANGED,N/A,$0.00,0.00%,2026-08-05: $15755.00
HPC Software Products,NVIDIA GPU SW,HPE OCA > DL380 Gen12 SFF [P73282-B21] > HPC Software Products > NVIDIA GPU SW,Software & License,Unlimited,Unlimited,,S2S18AAE,Standard,NVIDIA AI Enterprise per GPU 5-year Subscription 9x5 Support E-LTU,0,"21,006.00",,NA,,,10/02/2023,10/31/2028,UNCHANGED,N/A,$0.00,0.00%,2026-08-05: $21006.00
HPC Software Products,NVIDIA GPU SW,HPE OCA > DL380 Gen12 SFF [P73282-B21] > HPC Software Products > NVIDIA GPU SW,Software & License,Unlimited,Unlimited,,S2S19AAE,Standard,NVIDIA AI Enterprise per GPU 1-year Subscription 9x5 Support Renewal E-LTU,0,"5,252.00",,NA,,,11/06/2023,10/31/2028,UNCHANGED,N/A,$0.00,0.00%,2026-08-05: $5252.00
HPC Software Products,NVIDIA GPU SW,HPE OCA > DL380 Gen12 SFF [P73282-B21] > HPC Software Products > NVIDIA GPU SW,Software & License,Unlimited,Unlimited,,S2S20AAE,Standard,NVIDIA AI Enterprise per GPU 3-year Subscription 9x5 Support Renewal E-LTU,0,"15,755.00",,NA,,,11/06/2023,10/31/2028,UNCHANGED,N/A,$0.00,0.00%,2026-08-05: $15755.00
HPC Software Products,NVIDIA GPU SW,HPE OCA > DL380 Gen12 SFF [P73282-B21] > HPC Software Products > NVIDIA GPU SW,Software & License,Unlimited,Unlimited,,S2S21AAE,Standard,NVIDIA AI Enterprise per GPU 5-year Subscription 9x5 Support Renewal E-LTU,0,"26,258.00",,NA,,,11/06/2023,10/31/2028,UNCHANGED,N/A,$0.00,0.00%,2026-08-05: $26258.00
HPC Software Products,NVIDIA GPU SW,HPE OCA > DL380 Gen12 SFF [P73282-B21] > HPC Software Products > NVIDIA GPU SW,Professional & Advisory Services,Unlimited,Unlimited,,S2S22AAE,Standard,NVIDIA AI Enterprise Educational per GPU 1-year Subscription 9x5 Support E-LTU,0,"1,313.00",,NA,,,10/02/2023,10/31/2028,UNCHANGED,N/A,$0.00,0.00%,2026-08-05: $1313.00
HPC Software Products,NVIDIA GPU SW,HPE OCA > DL380 Gen12 SFF [P73282-B21] > HPC Software Products > NVIDIA GPU SW,Professional & Advisory Services,Unlimited,Unlimited,,S2S23AAE,Standard,NVIDIA AI Enterprise Educational per GPU 3-year Subscription 9x5 Support E-LTU,0,"3,939.00",,NA,,,10/02/2023,10/31/2028,UNCHANGED,N/A,$0.00,0.00%,2026-08-05: $3939.00
HPC Software Products,NVIDIA GPU SW,HPE OCA > DL380 Gen12 SFF [P73282-B21] > HPC Software Products > NVIDIA GPU SW,Professional & Advisory Services,Unlimited,Unlimited,,S2S24AAE,Standard,NVIDIA AI Enterprise Educational per GPU 5-year Subscription 9x5 Support E-LTU,0,"5,252.00",,NA,,,10/02/2023,10/31/2028,UNCHANGED,N/A,$0.00,0.00%,2026-08-05: $5252.00
HPC Software Products,NVIDIA GPU SW,HPE OCA > DL380 Gen12 SFF [P73282-B21] > HPC Software Products > NVIDIA GPU SW,Professional & Advisory Services,Unlimited,Unlimited,,S2S25AAE,Standard,NVIDIA AI Enterprise Educational per GPU 1-year Subscription 9x5 Support Renewal E-LTU,0,"1,313.00",,NA,,,11/06/2023,10/31/2028,UNCHANGED,N/A,$0.00,0.00%,2026-08-05: $1313.00
HPC Software Products,NVIDIA GPU SW,HPE OCA > DL380 Gen12 SFF [P73282-B21] > HPC Software Products > NVIDIA GPU SW,Professional & Advisory Services,Unlimited,Unlimited,,S2S26AAE,Standard,NVIDIA AI Enterprise Educational per GPU 3-year Subscription 9x5 Support Renewal E-LTU,0,"3,939.00",,NA,,,11/06/2023,10/31/2028,UNCHANGED,N/A,$0.00,0.00%,2026-08-05: $3939.00
HPC Software Products,NVIDIA GPU SW,HPE OCA > DL380 Gen12 SFF [P73282-B21] > HPC Software Products > NVIDIA GPU SW,Professional & Advisory Services,Unlimited,Unlimited,,S2S27AAE,Standard,NVIDIA AI Enterprise Educational per GPU 5-year Subscription 9x5 Support Renewal E-LTU,0,"6,564.00",,NA,,,11/06/2023,10/31/2028,UNCHANGED,N/A,$0.00,0.00%,2026-08-05: $6564.00
HPC Software Products,NVIDIA GPU SW,HPE OCA > DL380 Gen12 SFF [P73282-B21] > HPC Software Products > NVIDIA GPU SW,Software & License,Unlimited,Unlimited,,S2S28AAE,Standard,NVIDIA AI Enterprise per GPU 1-year 24x7 Support E-LTU,0,"1,284.00",,NA,,,10/02/2023,10/31/2028,UNCHANGED,N/A,$0.00,0.00%,2026-08-05: $1284.00
HPC Software Products,NVIDIA GPU SW,HPE OCA > DL380 Gen12 SFF [P73282-B21] > HPC Software Products > NVIDIA GPU SW,Software & License,Unlimited,Unlimited,,S2S29AAE,Standard,NVIDIA AI Enterprise per GPU 3-year 24x7 Support E-LTU,0,"3,851.00",,NA,,,10/02/2023,10/31/2028,UNCHANGED,N/A,$0.00,0.00%,2026-08-05: $3851.00
HPC Software Products,NVIDIA GPU SW,HPE OCA > DL380 Gen12 SFF [P73282-B21] > HPC Software Products > NVIDIA GPU SW,Software & License,Unlimited,Unlimited,,S2S30AAE,Standard,NVIDIA AI Enterprise per GPU 5-year 24x7 Support E-LTU,0,"6,419.00",,NA,,,10/02/2023,10/31/2028,UNCHANGED,N/A,$0.00,0.00%,2026-08-05: $6419.00
HPC Software Products,NVIDIA GPU SW,HPE OCA > DL380 Gen12 SFF [P73282-B21] > HPC Software Products > NVIDIA GPU SW,Professional & Advisory Services,Unlimited,Unlimited,,S2S31AAE,Standard,NVIDIA AI Enterprise Educational per GPU 1-year 24x7 Support E-LTU,0,899.00,,NA,,,10/02/2023,10/31/2028,UNCHANGED,N/A,$0.00,0.00%,2026-08-05: $899.00
HPC Software Products,NVIDIA GPU SW,HPE OCA > DL380 Gen12 SFF [P73282-B21] > HPC Software Products > NVIDIA GPU SW,Professional & Advisory Services,Unlimited,Unlimited,,S2S32AAE,Standard,NVIDIA AI Enterprise Educational per GPU 3-year 24x7 Support E-LTU,0,"2,696.00",,NA,,,10/02/2023,10/31/2028,UNCHANGED,N/A,$0.00,0.00%,2026-08-05: $2696.00
HPC Software Products,NVIDIA GPU SW,HPE OCA > DL380 Gen12 SFF [P73282-B21] > HPC Software Products > NVIDIA GPU SW,Professional & Advisory Services,Unlimited,Unlimited,,S2S33AAE,Standard,NVIDIA AI Enterprise Educational per GPU 5-year 24x7 Support E-LTU,0,"4,494.00",,NA,,,10/02/2023,10/31/2028,UNCHANGED,N/A,$0.00,0.00%,2026-08-05: $4494.00
HPC Software Products,NVIDIA GPU SW,HPE OCA > DL380 Gen12 SFF [P73282-B21] > HPC Software Products > NVIDIA GPU SW,Software & License,Unlimited,Unlimited,,S2S34AAE,Standard,NVIDIA AI Enterprise per GPU 1-year 24x7 Support Renewal E-LTU,0,"1,284.00",,NA,,,11/06/2023,10/31/2028,UNCHANGED,N/A,$0.00,0.00%,2026-08-05: $1284.00
HPC Software Products,NVIDIA GPU SW,HPE OCA > DL380 Gen12 SFF [P73282-B21] > HPC Software Products > NVIDIA GPU SW,Software & License,Unlimited,Unlimited,,S2S35AAE,Standard,NVIDIA AI Enterprise per GPU 3-year 24x7 Support Renewal E-LTU,0,"3,851.00",,NA,,,11/06/2023,10/31/2028,UNCHANGED,N/A,$0.00,0.00%,2026-08-05: $3851.00
HPC Software Products,NVIDIA GPU SW,HPE OCA > DL380 Gen12 SFF [P73282-B21] > HPC Software Products > NVIDIA GPU SW,Software & License,Unlimited,Unlimited,,S2S36AAE,Standard,NVIDIA AI Enterprise per GPU 5-year 24x7 Support Renewal E-LTU,0,"6,419.00",,NA,,,11/06/2023,10/31/2028,UNCHANGED,N/A,$0.00,0.00%,2026-08-05: $6419.00
HPC Software Products,NVIDIA GPU SW,HPE OCA > DL380 Gen12 SFF [P73282-B21] > HPC Software Products > NVIDIA GPU SW,Professional & Advisory Services,Unlimited,Unlimited,,S2S37AAE,Standard,NVIDIA AI Enterprise Educational per GPU 1-year 24x7 Support Renewal E-LTU,0,899.00,,NA,,,11/06/2023,10/31/2028,UNCHANGED,N/A,$0.00,0.00%,2026-08-05: $899.00
HPC Software Products,NVIDIA GPU SW,HPE OCA > DL380 Gen12 SFF [P73282-B21] > HPC Software Products > NVIDIA GPU SW,Professional & Advisory Services,Unlimited,Unlimited,,S2S38AAE,Standard,NVIDIA AI Enterprise Educational per GPU 3-year 24x7 Support Renewal E-LTU,0,"2,696.00",,NA,,,11/06/2023,10/31/2028,UNCHANGED,N/A,$0.00,0.00%,2026-08-05: $2696.00
HPC Software Products,NVIDIA GPU SW,HPE OCA > DL380 Gen12 SFF [P73282-B21] > HPC Software Products > NVIDIA GPU SW,Professional & Advisory Services,Unlimited,Unlimited,,S2S39AAE,Standard,NVIDIA AI Enterprise Educational per GPU 5-year 24x7 Support Renewal E-LTU,0,"4,493.00",,NA,,,11/06/2023,10/31/2028,UNCHANGED,N/A,$0.00,0.00%,2026-08-05: $4493.00
HPC Software Products,NVIDIA GPU SW,HPE OCA > DL380 Gen12 SFF [P73282-B21] > HPC Software Products > NVIDIA GPU SW,Software & License,Unlimited,Unlimited,,S7K93AAE,Standard,NVIDIA RTX PRO 6000 Blackwell Server Edition per GPU 3-year E-LTU,0,"7,884.00",,NA,,,12/01/2025,04/29/2027,UNCHANGED,N/A,$0.00,0.00%,2026-08-05: $7884.00
HPC Software Products,NVIDIA GPU SW,HPE OCA > DL380 Gen12 SFF [P73282-B21] > HPC Software Products > NVIDIA GPU SW,Software & License,Unlimited,Unlimited,,S7K94AAE,Standard,NVIDIA RTX PRO 6000 Blackwell Server Edition per GPU 5-year E-LTU,0,"10,507.00",,NA,,,12/01/2025,04/29/2027,UNCHANGED,N/A,$0.00,0.00%,2026-08-05: $10507.00
HPC Software Products,Partner Software - Operating System,HPE OCA > DL380 Gen12 SFF [P73282-B21] > HPC Software Products > Partner Software - Operating System,Software & License,Unlimited,Unlimited,,R1P40AAE,Standard,Red Hat Enterprise Linux for HPC Compute Node 1yr Subscription E-LTU,0,87.00,,NA,,,12/03/2018,09/30/2028,UNCHANGED,N/A,$0.00,0.00%,2026-08-05: $87.00
HPC Software Products,Partner Software - Operating System,HPE OCA > DL380 Gen12 SFF [P73282-B21] > HPC Software Products > Partner Software - Operating System,Software & License,Unlimited,Unlimited,,R1P40A,Standard,Red Hat Enterprise Linux for HPC Compute Node 1yr Subscription Flexible LTU,0,87.00,,NA,,,12/03/2018,09/30/2028,UNCHANGED,N/A,$0.00,0.00%,2026-08-05: $87.00
HPC Software Products,Partner Software - Operating System,HPE OCA > DL380 Gen12 SFF [P73282-B21] > HPC Software Products > Partner Software - Operating System,Software & License,Unlimited,Unlimited,,R1P41AAE,Standard,Red Hat Enterprise Linux for HPC Compute Node 3yr Subscription E-LTU,0,248.00,,NA,,,12/03/2018,09/30/2028,UNCHANGED,N/A,$0.00,0.00%,2026-08-05: $248.00
HPC Software Products,Partner Software - Operating System,HPE OCA > DL380 Gen12 SFF [P73282-B21] > HPC Software Products > Partner Software - Operating System,Software & License,Unlimited,Unlimited,,R1P41A,Standard,Red Hat Enterprise Linux for HPC Compute Node 3yr Subscription Flexible LTU,0,248.00,,NA,,,12/03/2018,09/30/2028,UNCHANGED,N/A,$0.00,0.00%,2026-08-05: $248.00
HPC Software Products,Partner Software - Operating System,HPE OCA > DL380 Gen12 SFF [P73282-B21] > HPC Software Products > Partner Software - Operating System,Software & License,Unlimited,Unlimited,,R1P42AAE,Standard,Red Hat Enterprise Linux for HPC Compute Node 5yr Subscription E-LTU,0,413.00,,NA,,,12/03/2018,09/30/2028,UNCHANGED,N/A,$0.00,0.00%,2026-08-05: $413.00
HPC Software Products,Partner Software - Operating System,HPE OCA > DL380 Gen12 SFF [P73282-B21] > HPC Software Products > Partner Software - Operating System,Software & License,Unlimited,Unlimited,,R1P42A,Standard,Red Hat Enterprise Linux for HPC Compute Node 5yr Subscription Flexible LTU,0,413.00,,NA,,,12/03/2018,09/30/2028,UNCHANGED,N/A,$0.00,0.00%,2026-08-05: $413.00
HPC Software Products,Partner Software - Operating System,HPE OCA > DL380 Gen12 SFF [P73282-B21] > HPC Software Products > Partner Software - Operating System,Software & License,Unlimited,Unlimited,,R2Z51AAE,Standard,Red Hat Enterprise Linux for HPC Compute Node with Smart Management 1yr E-LTU,0,138.00,,NA,,,08/05/2019,09/30/2028,UNCHANGED,N/A,$0.00,0.00%,2026-08-05: $138.00
HPC Software Products,Partner Software - Operating System,HPE OCA > DL380 Gen12 SFF [P73282-B21] > HPC Software Products > Partner Software - Operating System,Software & License,Unlimited,Unlimited,,R2Z52AAE,Standard,Red Hat Enterprise Linux for HPC Compute Node with Smart Management 3yr E-LTU,0,392.00,,NA,,,08/05/2019,09/30/2028,UNCHANGED,N/A,$0.00,0.00%,2026-08-05: $392.00
HPC Software Products,Partner Software - Operating System,HPE OCA > DL380 Gen12 SFF [P73282-B21] > HPC Software Products > Partner Software - Operating System,Software & License,Unlimited,Unlimited,,R2Z53AAE,Standard,Red Hat Enterprise Linux for HPC Compute Node with Smart Management 5yr E-LTU,0,653.00,,NA,,,08/05/2019,09/30/2028,UNCHANGED,N/A,$0.00,0.00%,2026-08-05: $653.00
HPC Software Products,Partner Software - Operating System,HPE OCA > DL380 Gen12 SFF [P73282-B21] > HPC Software Products > Partner Software - Operating System,Software & License,Unlimited,Unlimited,,R1P34AAE,Standard,Red Hat Enterprise Linux for HPC Head Node 1yr Subscription 24x7 Support E-LTU,0,"2,858.00",,NA,,,12/03/2018,09/30/2028,UNCHANGED,N/A,$0.00,0.00%,2026-08-05: $2858.00
HPC Software Products,Partner Software - Operating System,HPE OCA > DL380 Gen12 SFF [P73282-B21] > HPC Software Products > Partner Software - Operating System,Software & License,Unlimited,Unlimited,,R1P34A,Standard,Red Hat Enterprise Linux for HPC Head Node 1yr Subscription 24x7 Support Flexible LTU,0,"2,858.00",,NA,,,12/03/2018,09/30/2028,UNCHANGED,N/A,$0.00,0.00%,2026-08-05: $2858.00
HPC Software Products,Partner Software - Operating System,HPE OCA > DL380 Gen12 SFF [P73282-B21] > HPC Software Products > Partner Software - Operating System,Software & License,Unlimited,Unlimited,,R1P37AAE,Standard,Red Hat Enterprise Linux for HPC Head Node 1yr Subscription 9x5 Support E-LTU,0,"1,758.00",,NA,,,12/03/2018,09/30/2028,UNCHANGED,N/A,$0.00,0.00%,2026-08-05: $1758.00
HPC Software Products,Partner Software - Operating System,HPE OCA > DL380 Gen12 SFF [P73282-B21] > HPC Software Products > Partner Software - Operating System,Software & License,Unlimited,Unlimited,,R1P37A,Standard,Red Hat Enterprise Linux for HPC Head Node 1yr Subscription 9x5 Support Flexible LTU,0,"1,758.00",,NA,,,12/03/2018,09/30/2028,UNCHANGED,N/A,$0.00,0.00%,2026-08-05: $1758.00
HPC Software Products,Partner Software - Operating System,HPE OCA > DL380 Gen12 SFF [P73282-B21] > HPC Software Products > Partner Software - Operating System,Software & License,Unlimited,Unlimited,,R1P35AAE,Standard,Red Hat Enterprise Linux for HPC Head Node 3yr Subscription 24x7 Support E-LTU,0,"8,145.00",,NA,,,12/03/2018,09/30/2028,UNCHANGED,N/A,$0.00,0.00%,2026-08-05: $8145.00
HPC Software Products,Partner Software - Operating System,HPE OCA > DL380 Gen12 SFF [P73282-B21] > HPC Software Products > Partner Software - Operating System,Software & License,Unlimited,Unlimited,,R1P35A,Standard,Red Hat Enterprise Linux for HPC Head Node 3yr Subscription 24x7 Support Flexible LTU,0,"8,145.00",,NA,,,12/03/2018,09/30/2028,UNCHANGED,N/A,$0.00,0.00%,2026-08-05: $8145.00
HPC Software Products,Partner Software - Operating System,HPE OCA > DL380 Gen12 SFF [P73282-B21] > HPC Software Products > Partner Software - Operating System,Software & License,Unlimited,Unlimited,,R1P38AAE,Standard,Red Hat Enterprise Linux for HPC Head Node 3yr Subscription 9x5 Support E-LTU,0,"5,010.00",,NA,,,12/03/2018,09/30/2028,UNCHANGED,N/A,$0.00,0.00%,2026-08-05: $5010.00
HPC Software Products,Partner Software - Operating System,HPE OCA > DL380 Gen12 SFF [P73282-B21] > HPC Software Products > Partner Software - Operating System,Software & License,Unlimited,Unlimited,,R1P38A,Standard,Red Hat Enterprise Linux for HPC Head Node 3yr Subscription 9x5 Support Flexible LTU,0,"5,010.00",,NA,,,12/03/2018,09/30/2028,UNCHANGED,N/A,$0.00,0.00%,2026-08-05: $5010.00
HPC Software Products,Partner Software - Operating System,HPE OCA > DL380 Gen12 SFF [P73282-B21] > HPC Software Products > Partner Software - Operating System,Software & License,Unlimited,Unlimited,,R1P36AAE,Standard,Red Hat Enterprise Linux for HPC Head Node 5yr Subscription 24x7 Support E-LTU,0,"13,575.00",,NA,,,12/03/2018,09/30/2028,UNCHANGED,N/A,$0.00,0.00%,2026-08-05: $13575.00
HPC Software Products,Partner Software - Operating System,HPE OCA > DL380 Gen12 SFF [P73282-B21] > HPC Software Products > Partner Software - Operating System,Software & License,Unlimited,Unlimited,,R1P36A,Standard,Red Hat Enterprise Linux for HPC Head Node 5yr Subscription 24x7 Support Flexible LTU,0,"13,575.00",,NA,,,12/03/2018,09/30/2028,UNCHANGED,N/A,$0.00,0.00%,2026-08-05: $13575.00
HPC Software Products,Partner Software - Operating System,HPE OCA > DL380 Gen12 SFF [P73282-B21] > HPC Software Products > Partner Software - Operating System,Software & License,Unlimited,Unlimited,,R1P39AAE,Standard,Red Hat Enterprise Linux for HPC Head Node 5yr Subscription 9x5 Support E-LTU,0,"8,350.00",,NA,,,12/03/2018,09/30/2028,UNCHANGED,N/A,$0.00,0.00%,2026-08-05: $8350.00
HPC Software Products,Partner Software - Operating System,HPE OCA > DL380 Gen12 SFF [P73282-B21] > HPC Software Products > Partner Software - Operating System,Software & License,Unlimited,Unlimited,,R1P39A,Standard,Red Hat Enterprise Linux for HPC Head Node 5yr Subscription 9x5 Support Flexible LTU,0,"8,350.00",,NA,,,12/03/2018,09/30/2028,UNCHANGED,N/A,$0.00,0.00%,2026-08-05: $8350.00
HPC Software Products,Partner Software - Operating System,HPE OCA > DL380 Gen12 SFF [P73282-B21] > HPC Software Products > Partner Software - Operating System,Software & License,Unlimited,Unlimited,,R2Z45AAE,Standard,Red Hat Enterprise Linux for HPC Head Node with Smart Management 1yr 24x7 E-LTU,0,"3,243.00",,NA,,,08/05/2019,09/30/2028,UNCHANGED,N/A,$0.00,0.00%,2026-08-05: $3243.00
HPC Software Products,Partner Software - Operating System,HPE OCA > DL380 Gen12 SFF [P73282-B21] > HPC Software Products > Partner Software - Operating System,Software & License,Unlimited,Unlimited,,R2Z46AAE,Standard,Red Hat Enterprise Linux for HPC Head Node with Smart Management 3yr 24x7 E-LTU,0,"9,242.00",,NA,,,08/05/2019,09/30/2028,UNCHANGED,N/A,$0.00,0.00%,2026-08-05: $9242.00
HPC Software Products,Partner Software - Operating System,HPE OCA > DL380 Gen12 SFF [P73282-B21] > HPC Software Products > Partner Software - Operating System,Software & License,Unlimited,Unlimited,,R2Z47AAE,Standard,Red Hat Enterprise Linux for HPC Head Node with Smart Management 5yr 24x7 E-LTU,0,"15,403.00",,NA,,,08/05/2019,09/30/2028,UNCHANGED,N/A,$0.00,0.00%,2026-08-05: $15403.00
HPE Compute Ops Management,Compute Ops Management SKUs (required),HPE OCA > DL380 Gen12 SFF [P73282-B21] > HPE Compute Ops Management > Compute Ops Management SKUs (required),Software & License,max 1,1,,R7A11AAE,Standard,HPE Compute Ops Management Standard 3-year Upfront ProLiant SaaS,0,450.00,,NA,,,06/06/2022,02/29/2028,UNCHANGED,N/A,$0.00,0.00%,2026-08-05: $450.00
HPE Compute Ops Management,Compute Ops Management SKUs (required),HPE OCA > DL380 Gen12 SFF [P73282-B21] > HPE Compute Ops Management > Compute Ops Management SKUs (required),Software & License,max 1,1,,R7A12AAE,Standard,HPE Compute Ops Management Standard 5-year Upfront ProLiant SaaS,1,750.00,,750.00,,,06/06/2022,02/29/2028,UNCHANGED,N/A,$0.00,0.00%,2026-08-05: $750.00
HPE Compute Ops Management,Compute Ops Management SKUs (required),HPE OCA > DL380 Gen12 SFF [P73282-B21] > HPE Compute Ops Management > Compute Ops Management SKUs (required),Enablement / Cage,max 1,1,,S1A05A,Standard,HPE Compute Cloud Management Server FIO Enablement,1,1.00,,1.00,,,04/01/2024,02/29/2028,UNCHANGED,N/A,$0.00,0.00%,2026-08-05: $1.00
HPE Compute Ops Management,Compute Ops Management SKUs (required),HPE OCA > DL380 Gen12 SFF [P73282-B21] > HPE Compute Ops Management > Compute Ops Management SKUs (required),Software & License,max 1,1,,S2E10AAE,Standard,HPE Compute Ops Management Standard 7-year Upfront ProLiant SaaS,0,"1,050.00",,NA,,,09/03/2024,02/29/2028,UNCHANGED,N/A,$0.00,0.00%,2026-08-05: $1050.00
HPE Compute Ops Management,Compute Ops Management SKUs (required),HPE OCA > DL380 Gen12 SFF [P73282-B21] > HPE Compute Ops Management > Compute Ops Management SKUs (required),Software & License,max 1,1,,S5E59AAE,Standard,HPE Compute Ops Management Advanced 3-year Upfront ProLiant SaaS,0,919.08,,NA,,,04/07/2025,02/29/2028,UNCHANGED,N/A,$0.00,0.00%,2026-08-05: $919.08
HPE Compute Ops Management,Compute Ops Management SKUs (required),HPE OCA > DL380 Gen12 SFF [P73282-B21] > HPE Compute Ops Management > Compute Ops Management SKUs (required),Software & License,max 1,1,,S5E60AAE,Standard,HPE Compute Ops Management Advanced 5-year Upfront ProLiant SaaS,0,"1,531.80",,NA,,,04/07/2025,02/29/2028,UNCHANGED,N/A,$0.00,0.00%,2026-08-05: $1531.80
HPE Compute Ops Management,Compute Ops Management SKUs (required),HPE OCA > DL380 Gen12 SFF [P73282-B21] > HPE Compute Ops Management > Compute Ops Management SKUs (required),Software & License,max 1,1,,S5E61AAE,Standard,HPE Compute Ops Management Advanced 7-year Upfront ProLiant SaaS,0,"2,144.52",,NA,,,04/07/2025,02/29/2028,UNCHANGED,N/A,$0.00,0.00%,2026-08-05: $2144.52
HPE Compute Ops Management,Compute Ops Management Enablement SKUs,HPE OCA > DL380 Gen12 SFF [P73282-B21] > HPE Compute Ops Management > Compute Ops Management Enablement SKUs,Enablement / Cage,max 1,1,,S2R34AAE,Standard,HPE Compute Ops Management Standard with ProLiant Enablement,0,1.00,,NA,,,11/06/2023,02/29/2028,UNCHANGED,N/A,$0.00,0.00%,2026-08-05: $1.00
HPE Compute Ops Management,Compute Ops Management Enablement SKUs,HPE OCA > DL380 Gen12 SFF [P73282-B21] > HPE Compute Ops Management > Compute Ops Management Enablement SKUs,Enablement / Cage,max 1,1,,S6C28AAE,Standard,HPE Compute Ops Management Advanced Flex with ProLiant Enablement,0,NA,,NA,,,05/05/2025,06/30/2028,UNCHANGED,N/A,$0.00,0.00%,2026-08-05: $0.00
OEM Software,OEM Software,HPE OCA > DL380 Gen12 SFF [P73282-B21] > OEM Software > OEM Software,Software & License,Unlimited,Unlimited,,Q9R65A,Standard,Red Hat Enterprise Linux for SAP Solutions for Physical Nodes 3yr Subscription 24x7 Support LTU,0,"6,737.00",,NA,,,03/05/2018,11/30/2027,UNCHANGED,N/A,$0.00,0.00%,2026-08-05: $6737.00
OEM Software,OEM Software,HPE OCA > DL380 Gen12 SFF [P73282-B21] > OEM Software > OEM Software,Software & License,Unlimited,Unlimited,,Q9R66A,Standard,Red Hat Enterprise Linux for SAP Solutions for Physical Nodes 5yr Subscription 24x7 Support LTU,0,"11,229.00",,NA,,,03/05/2018,11/30/2027,UNCHANGED,N/A,$0.00,0.00%,2026-08-05: $11229.00
OEM Software,OEM Software,HPE OCA > DL380 Gen12 SFF [P73282-B21] > OEM Software > OEM Software,Software & License,Unlimited,Unlimited,,Q9R67A,Standard,Red Hat Enterprise Linux for SAP Solutions for Virtual DC 3yr Subscription 24x7 Support LTU,0,"24,680.00",,NA,,,03/05/2018,11/30/2027,UNCHANGED,N/A,$0.00,0.00%,2026-08-05: $24680.00
OEM Software,OEM Software,HPE OCA > DL380 Gen12 SFF [P73282-B21] > OEM Software > OEM Software,Software & License,Unlimited,Unlimited,,Q9R68A,Standard,Red Hat Enterprise Linux for SAP Solutions for Virtual DC 5yr Subscription 24x7 Support LTU,0,"41,134.00",,NA,,,03/05/2018,11/30/2027,UNCHANGED,N/A,$0.00,0.00%,2026-08-05: $41134.00
OEM Software,OEM Software,HPE OCA > DL380 Gen12 SFF [P73282-B21] > OEM Software > OEM Software,Software & License,Unlimited,Unlimited,,R2U47AAE,Standard,SUSE Linux Enterprise Server Live Patching x86-64 1-2Sockets Inherited Virtualization 5yr 24x7 E-LTU,0,"3,390.00",,NA,,,06/01/2020,10/31/2025,UNCHANGED,N/A,$0.00,0.00%,2026-08-05: $3390.00
OEM Software,OEM Software,HPE OCA > DL380 Gen12 SFF [P73282-B21] > OEM Software > OEM Software,Software & License,Unlimited,Unlimited,,N0U73A,Standard,SUSE Linux Enterprise Server SAP 1-2 Sockets or 1-2 VM 3-year Subscription 24x7 Support Flexible LTU,0,"7,803.00",,NA,,,08/17/2015,03/02/2026,UNCHANGED,N/A,$0.00,0.00%,2026-08-05: $7803.00
OEM Software,OEM Software,HPE OCA > DL380 Gen12 SFF [P73282-B21] > OEM Software > OEM Software,Software & License,Unlimited,Unlimited,,N0U75A,Standard,SUSE Linux Enterprise Server SAP 1-2 Sockets or 1-2 VM 5-year Subscription 24x7 Support Flexible LTU,0,"13,005.00",,NA,,,08/17/2015,03/02/2026,UNCHANGED,N/A,$0.00,0.00%,2026-08-05: $13005.00
ProLiant Media Kits and License,Proliant Software Media Kits,HPE OCA > DL380 Gen12 SFF [P73282-B21] > ProLiant Media Kits and License > Proliant Software Media Kits,Software & License,Unlimited,Unlimited,,Q5T84A,Standard,SUSE Linux Enterprise High Availability Extension 1-2 Sockets 1yr Subscription Flexible LTU,0,752.00,,NA,,,06/05/2017,09/30/2027,UNCHANGED,N/A,$0.00,0.00%,2026-08-05: $752.00
ProLiant Media Kits and License,Proliant Software Media Kits,HPE OCA > DL380 Gen12 SFF [P73282-B21] > ProLiant Media Kits and License > Proliant Software Media Kits,Software & License,Unlimited,Unlimited,,Q5T85A,Standard,SUSE Linux Enterprise High Availability Extension 1-2 Sockets 5yr Subscription Flexible LTU,0,"3,390.00",,NA,,,06/05/2017,09/30/2027,UNCHANGED,N/A,$0.00,0.00%,2026-08-05: $3390.00
ProLiant Media Kits and License,Red Hat (add-ons),HPE OCA > DL380 Gen12 SFF [P73282-B21] > ProLiant Media Kits and License > Red Hat (add-ons),Software & License,Unlimited,Unlimited,,S4T26A,Standard,Red Hat High Availability 2 Sockets Unlimited Guests 1-year Subscription LTU,0,"1,506.00",,NA,,,10/07/2024,11/07/2027,UNCHANGED,N/A,$0.00,0.00%,2026-08-05: $1506.00
ProLiant Media Kits and License,Red Hat (add-ons),HPE OCA > DL380 Gen12 SFF [P73282-B21] > ProLiant Media Kits and License > Red Hat (add-ons),Software & License,Unlimited,Unlimited,,S4T27A,Standard,Red Hat High Availability 2 Sockets Unlimited Guests 3-year Subscription LTU,0,"4,519.00",,NA,,,10/07/2024,11/07/2027,UNCHANGED,N/A,$0.00,0.00%,2026-08-05: $4519.00
ProLiant Media Kits and License,Red Hat (add-ons),HPE OCA > DL380 Gen12 SFF [P73282-B21] > ProLiant Media Kits and License > Red Hat (add-ons),Software & License,Unlimited,Unlimited,,S4T22A,Standard,Red Hat High Availability 2 Sockets or 2 Guests 1-year Subscription LTU,0,439.00,,NA,,,10/07/2024,11/07/2027,UNCHANGED,N/A,$0.00,0.00%,2026-08-05: $439.00
ProLiant Media Kits and License,Red Hat (add-ons),HPE OCA > DL380 Gen12 SFF [P73282-B21] > ProLiant Media Kits and License > Red Hat (add-ons),Software & License,Unlimited,Unlimited,,S4T23A,Standard,Red Hat High Availability 2 Sockets or 2 Guests 3-year Subscription LTU,0,"1,251.00",,NA,,,10/07/2024,11/07/2027,UNCHANGED,N/A,$0.00,0.00%,2026-08-05: $1251.00
ProLiant Media Kits and License,Red Hat (add-ons),HPE OCA > DL380 Gen12 SFF [P73282-B21] > ProLiant Media Kits and License > Red Hat (add-ons),Software & License,Unlimited,Unlimited,,S4T24A,Standard,Red Hat Resilient Storage 2 Sockets or 2 Guests 1-year Subscription LTU,0,879.00,,NA,,,10/07/2024,11/07/2027,UNCHANGED,N/A,$0.00,0.00%,2026-08-05: $879.00
ProLiant Media Kits and License,Red Hat (add-ons),HPE OCA > DL380 Gen12 SFF [P73282-B21] > ProLiant Media Kits and License > Red Hat (add-ons),Software & License,Unlimited,Unlimited,,S4T25A,Standard,Red Hat Resilient Storage 2 Sockets or 2 Guests 3-year Subscription LTU,0,"2,637.00",,NA,,,10/07/2024,11/07/2027,UNCHANGED,N/A,$0.00,0.00%,2026-08-05: $2637.00
ProLiant Media Kits and License,Red Hat (add-ons),HPE OCA > DL380 Gen12 SFF [P73282-B21] > ProLiant Media Kits and License > Red Hat (add-ons),Software & License,Unlimited,Unlimited,,R2A03AAE,Standard,Red Hat Satellite 2 Sockets Unlimited Guests 1yr Subscription E-LTU,0,"1,482.00",,NA,,,02/04/2019,09/30/2028,UNCHANGED,N/A,$0.00,0.00%,2026-08-05: $1482.00
ProLiant Media Kits and License,Red Hat (add-ons),HPE OCA > DL380 Gen12 SFF [P73282-B21] > ProLiant Media Kits and License > Red Hat (add-ons),Software & License,Unlimited,Unlimited,,R2A03A,Standard,Red Hat Satellite 2 Sockets Unlimited Guests 1yr Subscription Flexible LTU,0,"1,482.00",,NA,,,02/04/2019,09/30/2028,UNCHANGED,N/A,$0.00,0.00%,2026-08-05: $1482.00
ProLiant Media Kits and License,Red Hat (add-ons),HPE OCA > DL380 Gen12 SFF [P73282-B21] > ProLiant Media Kits and License > Red Hat (add-ons),Software & License,Unlimited,Unlimited,,R2A04AAE,Standard,Red Hat Satellite 2 Sockets Unlimited Guests 3-year Subscription E-LTU,0,"4,447.00",,NA,,,02/04/2019,09/30/2028,UNCHANGED,N/A,$0.00,0.00%,2026-08-05: $4447.00
ProLiant Media Kits and License,Red Hat (add-ons),HPE OCA > DL380 Gen12 SFF [P73282-B21] > ProLiant Media Kits and License > Red Hat (add-ons),Software & License,Unlimited,Unlimited,,R2A04A,Standard,Red Hat Satellite 2 Sockets Unlimited Guests 3-year Subscription Flexible LTU,0,"4,447.00",,NA,,,02/04/2019,09/30/2028,UNCHANGED,N/A,$0.00,0.00%,2026-08-05: $4447.00
ProLiant Media Kits and License,Red Hat (add-ons),HPE OCA > DL380 Gen12 SFF [P73282-B21] > ProLiant Media Kits and License > Red Hat (add-ons),Software & License,Unlimited,Unlimited,,R2A05AAE,Standard,Red Hat Satellite 2 Sockets Unlimited Guests 5-year Subscription E-LTU,0,"7,411.00",,NA,,,02/04/2019,09/30/2028,UNCHANGED,N/A,$0.00,0.00%,2026-08-05: $7411.00
ProLiant Media Kits and License,Red Hat (add-ons),HPE OCA > DL380 Gen12 SFF [P73282-B21] > ProLiant Media Kits and License > Red Hat (add-ons),Software & License,Unlimited,Unlimited,,R2A05A,Standard,Red Hat Satellite 2 Sockets Unlimited Guests 5-year Subscription Flexible LTU,0,"7,411.00",,NA,,,02/04/2019,09/30/2028,UNCHANGED,N/A,$0.00,0.00%,2026-08-05: $7411.00
ProLiant Media Kits and License,Red Hat (add-ons),HPE OCA > DL380 Gen12 SFF [P73282-B21] > ProLiant Media Kits and License > Red Hat (add-ons),Software & License,Unlimited,Unlimited,,R2A00AAE,Standard,Red Hat Satellite 2 Sockets or 2 Guests 1yr Subscription E-LTU,0,385.00,,NA,,,02/04/2019,09/30/2028,UNCHANGED,N/A,$0.00,0.00%,2026-08-05: $385.00
ProLiant Media Kits and License,Red Hat (add-ons),HPE OCA > DL380 Gen12 SFF [P73282-B21] > ProLiant Media Kits and License > Red Hat (add-ons),Software & License,Unlimited,Unlimited,,R2A00A,Standard,Red Hat Satellite 2 Sockets or 2 Guests 1yr Subscription Flexible LTU,0,385.00,,NA,,,02/04/2019,09/30/2028,UNCHANGED,N/A,$0.00,0.00%,2026-08-05: $385.00
ProLiant Media Kits and License,Red Hat (add-ons),HPE OCA > DL380 Gen12 SFF [P73282-B21] > ProLiant Media Kits and License > Red Hat (add-ons),Software & License,Unlimited,Unlimited,,R2A01AAE,Standard,Red Hat Satellite 2 Sockets or 2 Guests 3-year Subscription E-LTU,0,"1,097.00",,NA,,,02/04/2019,09/30/2028,UNCHANGED,N/A,$0.00,0.00%,2026-08-05: $1097.00
ProLiant Media Kits and License,Red Hat (add-ons),HPE OCA > DL380 Gen12 SFF [P73282-B21] > ProLiant Media Kits and License > Red Hat (add-ons),Software & License,Unlimited,Unlimited,,R2A01A,Standard,Red Hat Satellite 2 Sockets or 2 Guests 3-year Subscription Flexible LTU,0,"1,097.00",,NA,,,02/04/2019,09/30/2028,UNCHANGED,N/A,$0.00,0.00%,2026-08-05: $1097.00
ProLiant Media Kits and License,Red Hat (add-ons),HPE OCA > DL380 Gen12 SFF [P73282-B21] > ProLiant Media Kits and License > Red Hat (add-ons),Software & License,Unlimited,Unlimited,,R2A02AAE,Standard,Red Hat Satellite 2 Sockets or 2 Guests 5-year Subscription E-LTU,0,"1,828.00",,NA,,,02/04/2019,09/30/2028,UNCHANGED,N/A,$0.00,0.00%,2026-08-05: $1828.00
ProLiant Media Kits and License,Red Hat (add-ons),HPE OCA > DL380 Gen12 SFF [P73282-B21] > ProLiant Media Kits and License > Red Hat (add-ons),Software & License,Unlimited,Unlimited,,R2A02A,Standard,Red Hat Satellite 2 Sockets or 2 Guests 5-year Subscription Flexible LTU,0,"1,828.00",,NA,,,02/04/2019,09/30/2028,UNCHANGED,N/A,$0.00,0.00%,2026-08-05: $1828.00
ProLiant Media Kits and License,SUSE Add-ons,HPE OCA > DL380 Gen12 SFF [P73282-B21] > ProLiant Media Kits and License > SUSE Add-ons,Software & License,Unlimited,Unlimited,,M6K34A,Standard,SUSE Linux Enterprise High Availability Extension 1-2 Sockets 3 Year Subscription Flx LTU,0,"2,040.00",,NA,,,06/01/2015,09/30/2027,UNCHANGED,N/A,$0.00,0.00%,2026-08-05: $2040.00
Server Management Software,iLO,HPE OCA > DL380 Gen12 SFF [P73282-B21] > Server Management Software > iLO,Software & License,Unlimited,Unlimited,,512485-B21,Standard,HPE iLO Advanced 1-server License with 1yr Support on iLO Licensed Features,0,399.00,,NA,,,11/18/2008,01/25/2036,UNCHANGED,N/A,$0.00,0.00%,2026-08-05: $399.00
Server Management Software,iLO,HPE OCA > DL380 Gen12 SFF [P73282-B21] > Server Management Software > iLO,Software & License,Unlimited,Unlimited,,BD505A,Standard,HPE iLO Advanced 1-server License with 3yr Support on iLO Licensed Features,1,469.00,,469.00,,,03/26/2012,01/25/2036,UNCHANGED,N/A,$0.00,0.00%,2026-08-05: $469.00
Server Management Software,iLO,HPE OCA > DL380 Gen12 SFF [P73282-B21] > Server Management Software > iLO,Software & License,Unlimited,Unlimited,,512487-B21,Standard,HPE iLO Advanced AKA Tracking License with 1yr Support on iLO Licensed Features,0,399.00,,NA,,,03/04/2015,01/25/2036,UNCHANGED,N/A,$0.00,0.00%,2026-08-05: $399.00
Server Management Software,iLO,HPE OCA > DL380 Gen12 SFF [P73282-B21] > Server Management Software > iLO,Software & License,Unlimited,Unlimited,,BD507A,Standard,HPE iLO Advanced AKA Tracking License with 3yr Support on iLO Licensed Features,0,469.00,,NA,,,03/26/2012,01/25/2036,UNCHANGED,N/A,$0.00,0.00%,2026-08-05: $469.00
Server Management Software,OneView Management Software,HPE OCA > DL380 Gen12 SFF [P73282-B21] > Server Management Software > OneView Management Software,Software & License,max 1,1,,E5Y44A,Standard,HPE OneView for ProLiant DL Server including 3yr 24x7 Support Bundle Track 1-server LTU,0,799.00,,NA,,,11/01/2013,07/31/2030,UNCHANGED,N/A,$0.00,0.00%,2026-08-05: $799.00
Server Management Software,OneView Management Software,HPE OCA > DL380 Gen12 SFF [P73282-B21] > Server Management Software > OneView Management Software,Software & License,max 1,1,,E5Y43A,Standard,HPE OneView for ProLiant DL Server including 3yr 24x7 Support FIO Bundle Physical 1-server LTU,0,849.00,,NA,,,11/01/2013,07/31/2030,UNCHANGED,N/A,$0.00,0.00%,2026-08-05: $849.00
Server Management Software,OneView Management Software,HPE OCA > DL380 Gen12 SFF [P73282-B21] > Server Management Software > OneView Management Software,Software & License,max 1,1,,E5Y36A,Standard,HPE OneView including 3yr 24x7 Support Track 1-server LTU,0,999.00,,NA,,,11/01/2013,07/31/2030,UNCHANGED,N/A,$0.00,0.00%,2026-08-05: $999.00
Server Management Software,OneView Management Software,HPE OCA > DL380 Gen12 SFF [P73282-B21] > Server Management Software > OneView Management Software,Software & License,max 1,1,,P8B31A,Standard,HPE OneView w/o iLO including 3yr 24x7 Support 1-server FIO LTU,0,480.00,,NA,,,10/09/2015,07/31/2030,UNCHANGED,N/A,$0.00,0.00%,2026-08-05: $480.00
Server Management Software,OneView Management Software,HPE OCA > DL380 Gen12 SFF [P73282-B21] > Server Management Software > OneView Management Software,Software & License,max 1,1,,P8B25A,Standard,HPE OneView w/o iLO including 3yr 24x7 Support Track 1-server LTU,0,499.00,,NA,,,10/09/2015,07/31/2030,UNCHANGED,N/A,$0.00,0.00%,2026-08-05: $499.00
SGI Software,Data Management Framework (SGI DMF),HPE OCA > DL380 Gen12 SFF [P73282-B21] > SGI Software > Data Management Framework (SGI DMF),Software & License,Unlimited,Unlimited,,R1D41AAE,Standard,HPE Data Management Framework 1EB 3-server Base System 1-year Subscription E-LTU,0,"1,982,200.00",,NA,,,10/05/2020,01/31/2031,UNCHANGED,N/A,$0.00,0.00%,2026-08-05: $1982200.00
SGI Software,Data Management Framework (SGI DMF),HPE OCA > DL380 Gen12 SFF [P73282-B21] > SGI Software > Data Management Framework (SGI DMF),Software & License,Unlimited,Unlimited,,R1D42AAE,Standard,HPE Data Management Framework 1EB 3-server Base System 3-year Subscription E-LTU,0,"5,649,270.00",,NA,,,10/05/2020,01/31/2031,UNCHANGED,N/A,$0.00,0.00%,2026-08-05: $5649270.00
SGI Software,Data Management Framework (SGI DMF),HPE OCA > DL380 Gen12 SFF [P73282-B21] > SGI Software > Data Management Framework (SGI DMF),Software & License,Unlimited,Unlimited,,R1D43AAE,Standard,HPE Data Management Framework 1EB 3-server Base System 5-year Subscription E-LTU,0,"8,919,900.00",,NA,,,10/05/2020,08/15/2026,UNCHANGED,N/A,$0.00,0.00%,2026-08-05: $8919900.00
SGI Software,Data Management Framework (SGI DMF),HPE OCA > DL380 Gen12 SFF [P73282-B21] > SGI Software > Data Management Framework (SGI DMF),Software & License,Unlimited,Unlimited,,R1D44AAE,Standard,HPE Data Management Framework 10PB 1EB+ 1-year Subscription E-LTU,0,"8,500.00",,NA,,,10/05/2020,01/31/2031,UNCHANGED,N/A,$0.00,0.00%,2026-08-05: $8500.00
SGI Software,Data Management Framework (SGI DMF),HPE OCA > DL380 Gen12 SFF [P73282-B21] > SGI Software > Data Management Framework (SGI DMF),Software & License,Unlimited,Unlimited,,R1D45AAE,Standard,HPE Data Management Framework 10PB 1EB+ 3-year Subscription E-LTU,0,"24,225.00",,NA,,,10/05/2020,01/31/2031,UNCHANGED,N/A,$0.00,0.00%,2026-08-05: $24225.00
SGI Software,Data Management Framework (SGI DMF),HPE OCA > DL380 Gen12 SFF [P73282-B21] > SGI Software > Data Management Framework (SGI DMF),Software & License,Unlimited,Unlimited,,R1D46AAE,Standard,HPE Data Management Framework 10PB 1EB+ 5-year Subscription E-LTU,0,"38,250.00",,NA,,,10/05/2020,08/15/2026,UNCHANGED,N/A,$0.00,0.00%,2026-08-05: $38250.00
SGI Software,Data Management Framework (SGI DMF),HPE OCA > DL380 Gen12 SFF [P73282-B21] > SGI Software > Data Management Framework (SGI DMF),Software & License,Unlimited,Unlimited,,R1D49AAE,Standard,HPE Data Management Framework Base System 1PB 3-server 1-year Subscription E-LTU,0,"27,718.00",,NA,,,08/04/2021,01/31/2031,UNCHANGED,N/A,$0.00,0.00%,2026-08-05: $27718.00
SGI Software,Data Management Framework (SGI DMF),HPE OCA > DL380 Gen12 SFF [P73282-B21] > SGI Software > Data Management Framework (SGI DMF),Software & License,Unlimited,Unlimited,,R1D50AAE,Standard,HPE Data Management Framework Base System 1PB 3-server 3-year Subscription E-LTU,0,"80,726.00",,NA,,,08/04/2021,01/31/2031,UNCHANGED,N/A,$0.00,0.00%,2026-08-05: $80726.00
SGI Software,Data Management Framework (SGI DMF),HPE OCA > DL380 Gen12 SFF [P73282-B21] > SGI Software > Data Management Framework (SGI DMF),Software & License,Unlimited,Unlimited,,R1D51AAE,Standard,HPE Data Management Framework Base System 1PB 3-server 5-year Subscription E-LTU,0,"129,012.00",,NA,,,08/04/2021,08/15/2026,UNCHANGED,N/A,$0.00,0.00%,2026-08-05: $129012.00
SGI Software,Data Management Framework (SGI DMF),HPE OCA > DL380 Gen12 SFF [P73282-B21] > SGI Software > Data Management Framework (SGI DMF),Software & License,Unlimited,Unlimited,,R1D52AAE,Standard,HPE Data Management Framework Base System 10PB 3-server 1-year Subscription E-LTU,0,"142,359.00",,NA,,,08/04/2021,01/31/2031,UNCHANGED,N/A,$0.00,0.00%,2026-08-05: $142359.00
SGI Software,Data Management Framework (SGI DMF),HPE OCA > DL380 Gen12 SFF [P73282-B21] > SGI Software > Data Management Framework (SGI DMF),Software & License,Unlimited,Unlimited,,R1D53AAE,Standard,HPE Data Management Framework Base System 10PB 3-server 3-year Subscription E-LTU,0,"414,608.00",,NA,,,08/04/2021,01/31/2031,UNCHANGED,N/A,$0.00,0.00%,2026-08-05: $414608.00
SGI Software,Data Management Framework (SGI DMF),HPE OCA > DL380 Gen12 SFF [P73282-B21] > SGI Software > Data Management Framework (SGI DMF),Software & License,Unlimited,Unlimited,,R1D54AAE,Standard,HPE Data Management Framework Base System 10PB 3-server 5-year Subscription E-LTU,0,"662,610.00",,NA,,,08/04/2021,08/15/2026,UNCHANGED,N/A,$0.00,0.00%,2026-08-05: $662610.00
SGI Software,Data Management Framework (SGI DMF),HPE OCA > DL380 Gen12 SFF [P73282-B21] > SGI Software > Data Management Framework (SGI DMF),Software & License,Unlimited,Unlimited,,R1D55AAE,Standard,HPE Data Management Framework Base System 100PB 3-server 1-year Subscription E-LTU,0,"1,097,088.00",,NA,,,08/04/2021,01/31/2031,UNCHANGED,N/A,$0.00,0.00%,2026-08-05: $1097088.00
SGI Software,Data Management Framework (SGI DMF),HPE OCA > DL380 Gen12 SFF [P73282-B21] > SGI Software > Data Management Framework (SGI DMF),Software & License,Unlimited,Unlimited,,R1D56AAE,Standard,HPE Data Management Framework Base System 100PB 3-server 3-year Subscription E-LTU,0,"3,195,185.00",,NA,,,08/04/2021,01/31/2031,UNCHANGED,N/A,$0.00,0.00%,2026-08-05: $3195185.00
SGI Software,Data Management Framework (SGI DMF),HPE OCA > DL380 Gen12 SFF [P73282-B21] > SGI Software > Data Management Framework (SGI DMF),Software & License,Unlimited,Unlimited,,R1D57AAE,Standard,HPE Data Management Framework Base System 100PB 3-server 5-year Subscription E-LTU,0,"5,106,411.00",,NA,,,08/04/2021,08/15/2026,UNCHANGED,N/A,$0.00,0.00%,2026-08-05: $5106411.00
SGI Software,Data Management Framework (SGI DMF),HPE OCA > DL380 Gen12 SFF [P73282-B21] > SGI Software > Data Management Framework (SGI DMF),Software & License,Unlimited,Unlimited,,R1D58AAE,Standard,HPE Data Management Framework 1PB 2-10PB 1-year Subscription E-LTU,0,"12,738.00",,NA,,,08/04/2021,01/31/2031,UNCHANGED,N/A,$0.00,0.00%,2026-08-05: $12738.00
SGI Software,Data Management Framework (SGI DMF),HPE OCA > DL380 Gen12 SFF [P73282-B21] > SGI Software > Data Management Framework (SGI DMF),Software & License,Unlimited,Unlimited,,R1D59AAE,Standard,HPE Data Management Framework 1PB 2-10PB 3-year Subscription E-LTU,0,"37,098.00",,NA,,,08/04/2021,01/31/2031,UNCHANGED,N/A,$0.00,0.00%,2026-08-05: $37098.00
SGI Software,Data Management Framework (SGI DMF),HPE OCA > DL380 Gen12 SFF [P73282-B21] > SGI Software > Data Management Framework (SGI DMF),Software & License,Unlimited,Unlimited,,R1D60AAE,Standard,HPE Data Management Framework 1PB 2-10PB 5-year Subscription E-LTU,0,"59,289.00",,NA,,,08/04/2021,08/15/2026,UNCHANGED,N/A,$0.00,0.00%,2026-08-05: $59289.00
SGI Software,Data Management Framework (SGI DMF),HPE OCA > DL380 Gen12 SFF [P73282-B21] > SGI Software > Data Management Framework (SGI DMF),Software & License,Unlimited,Unlimited,,R1D61AAE,Standard,HPE Data Management Framework 1PB 11-100PB 1-year Subscription E-LTU,0,"10,608.00",,NA,,,08/04/2021,01/31/2031,UNCHANGED,N/A,$0.00,0.00%,2026-08-05: $10608.00
SGI Software,Data Management Framework (SGI DMF),HPE OCA > DL380 Gen12 SFF [P73282-B21] > SGI Software > Data Management Framework (SGI DMF),Software & License,Unlimited,Unlimited,,R1D62AAE,Standard,HPE Data Management Framework 1PB 11-100PB 3-year Subscription E-LTU,0,"30,896.00",,NA,,,08/04/2021,01/31/2031,UNCHANGED,N/A,$0.00,0.00%,2026-08-05: $30896.00
SGI Software,Data Management Framework (SGI DMF),HPE OCA > DL380 Gen12 SFF [P73282-B21] > SGI Software > Data Management Framework (SGI DMF),Software & License,Unlimited,Unlimited,,R1D63AAE,Standard,HPE Data Management Framework 1PB 11-100PB 5-year Subscription E-LTU,0,"49,376.00",,NA,,,08/04/2021,08/15/2026,UNCHANGED,N/A,$0.00,0.00%,2026-08-05: $49376.00
SGI Software,Data Management Framework (SGI DMF),HPE OCA > DL380 Gen12 SFF [P73282-B21] > SGI Software > Data Management Framework (SGI DMF),Software & License,Unlimited,Unlimited,,R1D64AAE,Standard,HPE Data Management Framework 1PB 101PB+ 1-year Subscription E-LTU,0,"5,600.00",,NA,,,08/04/2021,01/31/2031,UNCHANGED,N/A,$0.00,0.00%,2026-08-05: $5600.00
SGI Software,Data Management Framework (SGI DMF),HPE OCA > DL380 Gen12 SFF [P73282-B21] > SGI Software > Data Management Framework (SGI DMF),Software & License,Unlimited,Unlimited,,R1D65AAE,Standard,HPE Data Management Framework 1PB 101PB+ 3-year Subscription E-LTU,0,"16,309.00",,NA,,,08/04/2021,01/31/2031,UNCHANGED,N/A,$0.00,0.00%,2026-08-05: $16309.00
SGI Software,Data Management Framework (SGI DMF),HPE OCA > DL380 Gen12 SFF [P73282-B21] > SGI Software > Data Management Framework (SGI DMF),Software & License,Unlimited,Unlimited,,R1D66AAE,Standard,HPE Data Management Framework 1PB 101PB+ 5-year Subscription E-LTU,0,"26,064.00",,NA,,,08/04/2021,08/15/2026,UNCHANGED,N/A,$0.00,0.00%,2026-08-05: $26064.00
Hybrid RAID,INTEL VROC Products,HPE OCA > DL380 Gen12 SFF [P73282-B21] > Hybrid RAID > INTEL VROC Products,Storage Controller,max 1,1,,R7J57A,Standard,Intel Virtual RAID on CPU Premium FIO Software for HPE,0,371.00,,NA,,,04/06/2021,02/29/2028,UNCHANGED,N/A,$0.00,0.00%,2026-08-05: $371.00
Hybrid RAID,INTEL VROC Products,HPE OCA > DL380 Gen12 SFF [P73282-B21] > Hybrid RAID > INTEL VROC Products,Storage Controller,max 1,1,,R7J59AAE,Standard,Intel Virtual RAID on CPU Premium E-RTU for HPE,0,371.00,,NA,,,04/06/2021,02/29/2028,UNCHANGED,N/A,$0.00,0.00%,2026-08-05: $371.00
Hybrid RAID,INTEL VROC Products,HPE OCA > DL380 Gen12 SFF [P73282-B21] > Hybrid RAID > INTEL VROC Products,Storage Controller,max 1,1,,S3Q19A,Standard,Intel Virtual RAID on CPU RAID 1 FIO Software for HPE,0,229.00,,NA,,,04/01/2024,02/29/2028,UNCHANGED,N/A,$0.00,0.00%,2026-08-05: $229.00
Hybrid RAID,INTEL VROC Products,HPE OCA > DL380 Gen12 SFF [P73282-B21] > Hybrid RAID > INTEL VROC Products,Storage Controller,max 1,1,,S3Q39AAE,Standard,Intel Virtual RAID on CPU RAID 1 E-RTU for HPE,0,229.00,,NA,,,04/01/2024,02/29/2028,UNCHANGED,N/A,$0.00,0.00%,2026-08-05: $229.00
Supported Operating System,Supported Operating System,HPE OCA > DL380 Gen12 SFF [P73282-B21] > Supported Operating System > Supported Operating System,Base Support (Mandatory),Unlimited,Unlimited,,Q0D22A,Standard,Red Hat Enterprise Linux Server 2 Sockets 4 Guests 5yr Subscription 24x7 Support Flexible LTU,0,"10,183.00",,NA,,,08/15/2016,09/30/2028,UNCHANGED,N/A,$0.00,0.00%,2026-08-05: $10183.00
Supported Operating System,Supported Operating System,HPE OCA > DL380 Gen12 SFF [P73282-B21] > Supported Operating System > Supported Operating System,Base Support (Mandatory),Unlimited,Unlimited,,Q0D23A,Standard,Red Hat Enterprise Linux Server 2 Sockets 4 Guests 5yr Subscription 9x5 Support Flexible LTU,0,"6,264.00",,NA,,,08/15/2016,09/30/2028,UNCHANGED,N/A,$0.00,0.00%,2026-08-05: $6264.00
Supported Operating System,Supported Operating System,HPE OCA > DL380 Gen12 SFF [P73282-B21] > Supported Operating System > Supported Operating System,Base Support (Mandatory),Unlimited,Unlimited,,Q0D25A,Standard,Red Hat High Availability 2 Sockets or 2 Guests 5yr Subscription Flexible LTU,0,"2,085.00",,NA,,,08/15/2016,11/30/2027,UNCHANGED,N/A,$0.00,0.00%,2026-08-05: $2085.00
Supported Operating System,Supported Operating System,HPE OCA > DL380 Gen12 SFF [P73282-B21] > Supported Operating System > Supported Operating System,Base Support (Mandatory),Unlimited,Unlimited,,Q0D26A,Standard,Red Hat High Availability 2 Sockets Unlimited Guests 5yr Subscription Flexible LTU,0,"7,532.00",,NA,,,08/15/2016,11/30/2027,UNCHANGED,N/A,$0.00,0.00%,2026-08-05: $7532.00
Supported Operating System,Supported Operating System,HPE OCA > DL380 Gen12 SFF [P73282-B21] > Supported Operating System > Supported Operating System,Base Support (Mandatory),Unlimited,Unlimited,,Q0D29A,Standard,Red Hat Resilient Storage 2 Sockets or 2 Guests 5yr Subscription Flexible LTU,0,"4,395.00",,NA,,,08/15/2016,11/30/2027,UNCHANGED,N/A,$0.00,0.00%,2026-08-05: $4395.00
Supported Operating System,Supported Operating System,HPE OCA > DL380 Gen12 SFF [P73282-B21] > Supported Operating System > Supported Operating System,Base Support (Mandatory),Unlimited,Unlimited,,Q0D30A,Standard,Red Hat Resilient Storage 2 Sockets Unlimited Guests 5yr Subscription Flexible LTU,0,"15,095.00",,NA,,,08/15/2016,11/30/2027,UNCHANGED,N/A,$0.00,0.00%,2026-08-05: $15095.00
Supported Operating System,Supported Operating System,HPE OCA > DL380 Gen12 SFF [P73282-B21] > Supported Operating System > Supported Operating System,Base Support (Mandatory),Unlimited,Unlimited,,Q5W19A,Standard,Red Hat Enterprise Linux for SAP (Physical/Virtual Nodes) 3yr Subscription 9x5 Support Flex LTU,0,"2,505.00",,NA,,,06/05/2017,09/30/2028,UNCHANGED,N/A,$0.00,0.00%,2026-08-05: $2505.00
Supported Operating System,Supported Operating System,HPE OCA > DL380 Gen12 SFF [P73282-B21] > Supported Operating System > Supported Operating System,Base Support (Mandatory),Unlimited,Unlimited,,Q5W20A,Standard,Red Hat Enterprise Linux for SAP (Physical/Virtual Nodes) 3yr Subscription 24x7 Support Flex LTU,0,"4,072.00",,NA,,,06/05/2017,09/30/2028,UNCHANGED,N/A,$0.00,0.00%,2026-08-05: $4072.00
Supported Operating System,Supported Operating System,HPE OCA > DL380 Gen12 SFF [P73282-B21] > Supported Operating System > Supported Operating System,Base Support (Mandatory),Unlimited,Unlimited,,Q5W21A,Standard,Red Hat Enterprise Linux for SAP (Physical/Virtual Nodes) 5yr Subscription 9x5 Support Flex LTU,0,"4,175.00",,NA,,,06/05/2017,09/30/2028,UNCHANGED,N/A,$0.00,0.00%,2026-08-05: $4175.00
Supported Operating System,Supported Operating System,HPE OCA > DL380 Gen12 SFF [P73282-B21] > Supported Operating System > Supported Operating System,Base Support (Mandatory),Unlimited,Unlimited,,Q5W22A,Standard,Red Hat Enterprise Linux for SAP (Physical/Virtual Nodes) 5yr Subscription 24x7 Support Flex LTU,0,"6,787.00",,NA,,,06/05/2017,09/30/2028,UNCHANGED,N/A,$0.00,0.00%,2026-08-05: $6787.00
Supported Operating System,Supported Operating System,HPE OCA > DL380 Gen12 SFF [P73282-B21] > Supported Operating System > Supported Operating System,Base Support (Mandatory),Unlimited,Unlimited,,Q5W23A,Standard,Red Hat Enterprise Linux for SAP for Virtual Datacenters 3yr Subscription 9x5 Support Flex LTU,0,"9,072.00",,NA,,,06/05/2017,09/30/2028,UNCHANGED,N/A,$0.00,0.00%,2026-08-05: $9072.00
Supported Operating System,Supported Operating System,HPE OCA > DL380 Gen12 SFF [P73282-B21] > Supported Operating System > Supported Operating System,Base Support (Mandatory),Unlimited,Unlimited,,Q5W24A,Standard,Red Hat Enterprise Linux for SAP for Virtual Datacenters 3yr Subscription 24x7 Support Flex LTU,0,"14,516.00",,NA,,,06/05/2017,09/30/2028,UNCHANGED,N/A,$0.00,0.00%,2026-08-05: $14516.00
Supported Operating System,Supported Operating System,HPE OCA > DL380 Gen12 SFF [P73282-B21] > Supported Operating System > Supported Operating System,Base Support (Mandatory),Unlimited,Unlimited,,Q5W25A,Standard,Red Hat Enterprise Linux for SAP for Virtual Datacenters 5yr Subscription 9x5 Support Flex LTU,0,"15,119.00",,NA,,,06/05/2017,09/30/2028,UNCHANGED,N/A,$0.00,0.00%,2026-08-05: $15119.00
Supported Operating System,Supported Operating System,HPE OCA > DL380 Gen12 SFF [P73282-B21] > Supported Operating System > Supported Operating System,Base Support (Mandatory),Unlimited,Unlimited,,Q5W26A,Standard,Red Hat Enterprise Linux for SAP for Virtual Datacenters 5yr Subscription 24x7 Support Flex LTU,0,"24,194.00",,NA,,,06/05/2017,09/30/2028,UNCHANGED,N/A,$0.00,0.00%,2026-08-05: $24194.00
Supported Operating System,Supported Operating System,HPE OCA > DL380 Gen12 SFF [P73282-B21] > Supported Operating System > Supported Operating System,Base Support (Mandatory),Unlimited,Unlimited,,Q8U15A,Standard,Red Hat Enterprise Linux for SAP Solutions for Virtual DC 3yr Subscription 24x7 Support LTU,0,"24,680.00",,NA,,,12/04/2017,11/30/2027,UNCHANGED,N/A,$0.00,0.00%,2026-08-05: $24680.00
Supported Operating System,Supported Operating System,HPE OCA > DL380 Gen12 SFF [P73282-B21] > Supported Operating System > Supported Operating System,Base Support (Mandatory),Unlimited,Unlimited,,Q8U16A,Standard,Red Hat Enterprise Linux for SAP Solutions for Virtual DC 5yr Subscription 24x7 Support LTU,0,"41,134.00",,NA,,,12/04/2017,11/30/2027,UNCHANGED,N/A,$0.00,0.00%,2026-08-05: $41134.00
Supported Operating System,Supported Operating System,HPE OCA > DL380 Gen12 SFF [P73282-B21] > Supported Operating System > Supported Operating System,Base Support (Mandatory),Unlimited,Unlimited,,Q8U17A,Standard,Red Hat Enterprise Linux for SAP Solutions for Virtual DC 3yr Subscription 9x5 Support LTU,0,"20,325.00",,NA,,,12/04/2017,11/30/2027,UNCHANGED,N/A,$0.00,0.00%,2026-08-05: $20325.00
Supported Operating System,Supported Operating System,HPE OCA > DL380 Gen12 SFF [P73282-B21] > Supported Operating System > Supported Operating System,Base Support (Mandatory),Unlimited,Unlimited,,Q8U18A,Standard,Red Hat Enterprise Linux for SAP Solutions for Virtual DC 5yr Subscription 9x5 Support LTU,0,"33,874.00",,NA,,,12/04/2017,11/30/2027,UNCHANGED,N/A,$0.00,0.00%,2026-08-05: $33874.00
Supported Operating System,Supported Operating System,HPE OCA > DL380 Gen12 SFF [P73282-B21] > Supported Operating System > Supported Operating System,Base Support (Mandatory),Unlimited,Unlimited,,Q8U19A,Standard,Red Hat Enterprise Linux for SAP Solutions for Physical Nodes 3yr Subscription 24x7 Support LTU,0,"6,737.00",,NA,,,12/04/2017,11/30/2027,UNCHANGED,N/A,$0.00,0.00%,2026-08-05: $6737.00
Supported Operating System,Supported Operating System,HPE OCA > DL380 Gen12 SFF [P73282-B21] > Supported Operating System > Supported Operating System,Base Support (Mandatory),Unlimited,Unlimited,,Q8U20A,Standard,Red Hat Enterprise Linux for SAP Solutions for Physical Nodes 5yr Subscription 24x7 Support LTU,0,"11,229.00",,NA,,,12/04/2017,11/30/2027,UNCHANGED,N/A,$0.00,0.00%,2026-08-05: $11229.00
Supported Operating System,Supported Operating System,HPE OCA > DL380 Gen12 SFF [P73282-B21] > Supported Operating System > Supported Operating System,Base Support (Mandatory),Unlimited,Unlimited,,Q8U21A,Standard,Red Hat Enterprise Linux for SAP Solutions for Physical Nodes 3yr Subscription 9x5 Support LTU,0,"5,483.00",,NA,,,12/04/2017,11/30/2027,UNCHANGED,N/A,$0.00,0.00%,2026-08-05: $5483.00
Supported Operating System,Supported Operating System,HPE OCA > DL380 Gen12 SFF [P73282-B21] > Supported Operating System > Supported Operating System,Base Support (Mandatory),Unlimited,Unlimited,,Q8U22A,Standard,Red Hat Enterprise Linux for SAP Solutions for Physical Nodes 5yr Subscription 9x5 Support LTU,0,"9,139.00",,NA,,,12/04/2017,11/30/2027,UNCHANGED,N/A,$0.00,0.00%,2026-08-05: $9139.00
Supported Operating System,Supported Operating System,HPE OCA > DL380 Gen12 SFF [P73282-B21] > Supported Operating System > Supported Operating System,Base Support (Mandatory),Unlimited,Unlimited,,R8V72A,Standard,SUSE Linux Enterprise Server for SAP 1-2 Sockets Unlimited VM w/Live Patching 3yr 24x7 Flexible LTU,0,"18,873.00",,NA,,,10/04/2021,03/02/2026,UNCHANGED,N/A,$0.00,0.00%,2026-08-05: $18873.00
Supported Operating System,Supported Operating System,HPE OCA > DL380 Gen12 SFF [P73282-B21] > Supported Operating System > Supported Operating System,Base Support (Mandatory),Unlimited,Unlimited,,R8V72AAE,Standard,SUSE Linux Enterprise Server for SAP 1-2 Sockets Unlimited VM w/Live Patching 3-year 24x7 E-LTU,0,"18,873.00",,NA,,,10/04/2021,03/02/2026,UNCHANGED,N/A,$0.00,0.00%,2026-08-05: $18873.00
Supported Operating System,Supported Operating System,HPE OCA > DL380 Gen12 SFF [P73282-B21] > Supported Operating System > Supported Operating System,Base Support (Mandatory),Unlimited,Unlimited,,R8V73A,Standard,SUSE Linux Enterprise Server for SAP 1-2 Sockets Unlimited VM w/Live Patching 5yr 24x7 Flexible LTU,0,"31,455.00",,NA,,,10/04/2021,03/02/2026,UNCHANGED,N/A,$0.00,0.00%,2026-08-05: $31455.00
Supported Operating System,Supported Operating System,HPE OCA > DL380 Gen12 SFF [P73282-B21] > Supported Operating System > Supported Operating System,Base Support (Mandatory),Unlimited,Unlimited,,R8V73AAE,Standard,SUSE Linux Enterprise Server for SAP 1-2 Sockets Unlimited VM w/Live Patching 5-year 24x7 E-LTU,0,"31,455.00",,NA,,,10/04/2021,03/02/2026,UNCHANGED,N/A,$0.00,0.00%,2026-08-05: $31455.00
Supported Operating System,Supported Operating System,HPE OCA > DL380 Gen12 SFF [P73282-B21] > Supported Operating System > Supported Operating System,Base Support (Mandatory),Unlimited,Unlimited,,R8V74A,Standard,SUSE Linux Enterprise Server 1-2 Sockets Unlimited VM w/Live Patching 1-year 9x5 Flexible LTU,0,"2,260.00",,NA,,,10/04/2021,01/04/2027,UNCHANGED,N/A,$0.00,0.00%,2026-08-05: $2260.00
Supported Operating System,Supported Operating System,HPE OCA > DL380 Gen12 SFF [P73282-B21] > Supported Operating System > Supported Operating System,Base Support (Mandatory),Unlimited,Unlimited,,R8V74AAE,Standard,SUSE Linux Enterprise Server 1-2 Sockets Unlimited VM w/Live Patching 1-year 9x5 E-LTU,0,"2,260.00",,NA,,,10/04/2021,01/04/2027,UNCHANGED,N/A,$0.00,0.00%,2026-08-05: $2260.00
Supported Operating System,Supported Operating System,HPE OCA > DL380 Gen12 SFF [P73282-B21] > Supported Operating System > Supported Operating System,Base Support (Mandatory),Unlimited,Unlimited,,R8V75A,Standard,SUSE Linux Enterprise Server 1-2 Sockets Unlimited VM w/Live Patching 3-year 9x5 Flexible LTU,0,"6,110.00",,NA,,,10/04/2021,01/04/2027,UNCHANGED,N/A,$0.00,0.00%,2026-08-05: $6110.00
Supported Operating System,Supported Operating System,HPE OCA > DL380 Gen12 SFF [P73282-B21] > Supported Operating System > Supported Operating System,Base Support (Mandatory),Unlimited,Unlimited,,R8V75AAE,Standard,SUSE Linux Enterprise Server 1-2 Sockets Unlimited VM w/Live Patching 3-year 9x5 E-LTU,0,"6,110.00",,NA,,,10/04/2021,01/04/2027,UNCHANGED,N/A,$0.00,0.00%,2026-08-05: $6110.00
Supported Operating System,Supported Operating System,HPE OCA > DL380 Gen12 SFF [P73282-B21] > Supported Operating System > Supported Operating System,Base Support (Mandatory),Unlimited,Unlimited,,R8V76A,Standard,SUSE Linux Enterprise Server 1-2 Sockets Unlimited VM w/Live Patching 1-year 24x7 Flexible LTU,0,"3,980.00",,NA,,,10/04/2021,01/04/2027,UNCHANGED,N/A,$0.00,0.00%,2026-08-05: $3980.00
Supported Operating System,Supported Operating System,HPE OCA > DL380 Gen12 SFF [P73282-B21] > Supported Operating System > Supported Operating System,Base Support (Mandatory),Unlimited,Unlimited,,R8V76AAE,Standard,SUSE Linux Enterprise Server 1-2 Sockets Unlimited VM w/Live Patching 1-year 24x7 E-LTU,0,"3,980.00",,NA,,,10/04/2021,01/04/2027,UNCHANGED,N/A,$0.00,0.00%,2026-08-05: $3980.00
Supported Operating System,Supported Operating System,HPE OCA > DL380 Gen12 SFF [P73282-B21] > Supported Operating System > Supported Operating System,Base Support (Mandatory),Unlimited,Unlimited,,R8V77A,Standard,SUSE Linux Enterprise Server 1-2 Sockets Unlimited VM w/Live Patching 3-year 24x7 Flexible LTU,0,"10,800.00",,NA,,,10/04/2021,01/04/2027,UNCHANGED,N/A,$0.00,0.00%,2026-08-05: $10800.00
Supported Operating System,Supported Operating System,HPE OCA > DL380 Gen12 SFF [P73282-B21] > Supported Operating System > Supported Operating System,Base Support (Mandatory),Unlimited,Unlimited,,R8V77AAE,Standard,SUSE Linux Enterprise Server 1-2 Sockets Unlimited VM w/Live Patching 3-year 24x7 E-LTU,0,"10,800.00",,NA,,,10/04/2021,01/04/2027,UNCHANGED,N/A,$0.00,0.00%,2026-08-05: $10800.00
Supported Operating System,Supported Operating System,HPE OCA > DL380 Gen12 SFF [P73282-B21] > Supported Operating System > Supported Operating System,Base Support (Mandatory),Unlimited,Unlimited,,R8V78A,Standard,SUSE Linux Enterprise Server 1-2 Sockets Unlimited VM w/Live Patching 5-year 24x7 Flexible LTU,0,"18,000.00",,NA,,,10/04/2021,01/04/2027,UNCHANGED,N/A,$0.00,0.00%,2026-08-05: $18000.00
Supported Operating System,Supported Operating System,HPE OCA > DL380 Gen12 SFF [P73282-B21] > Supported Operating System > Supported Operating System,Base Support (Mandatory),Unlimited,Unlimited,,R8V78AAE,Standard,SUSE Linux Enterprise Server 1-2 Sockets Unlimited VM w/Live Patching 5-year 24x7 E-LTU,0,"18,000.00",,NA,,,10/04/2021,01/04/2027,UNCHANGED,N/A,$0.00,0.00%,2026-08-05: $18000.00
Supported Operating System,Supported Operating System,HPE OCA > DL380 Gen12 SFF [P73282-B21] > Supported Operating System > Supported Operating System,Base Support (Mandatory),Unlimited,Unlimited,,R8V79A,Standard,SUSE Linux Enterprise Server 1-2 Sockets Unlimited VM w/Live Patching 5-year 9x5 Flexible LTU,0,"10,200.00",,NA,,,10/04/2021,01/04/2027,UNCHANGED,N/A,$0.00,0.00%,2026-08-05: $10200.00
Supported Operating System,Supported Operating System,HPE OCA > DL380 Gen12 SFF [P73282-B21] > Supported Operating System > Supported Operating System,Base Support (Mandatory),Unlimited,Unlimited,,R8V84A,Standard,SUSE Linux Enterprise Server for SAP 1-2 Sockets Unlimited VM w/Live Patching 3yr 24x7 Flexible LTU,0,"18,873.00",,NA,,,10/04/2021,03/02/2026,UNCHANGED,N/A,$0.00,0.00%,2026-08-05: $18873.00
Supported Operating System,Supported Operating System,HPE OCA > DL380 Gen12 SFF [P73282-B21] > Supported Operating System > Supported Operating System,Base Support (Mandatory),Unlimited,Unlimited,,R8V85A,Standard,SUSE Linux Enterprise Server for SAP 1-2 Sockets Unlimited VM w/Live Patching 5yr 24x7 Flexible LTU,0,"31,455.00",,NA,,,10/04/2021,03/02/2026,UNCHANGED,N/A,$0.00,0.00%,2026-08-05: $31455.00
Supported Operating System,Supported Operating System,HPE OCA > DL380 Gen12 SFF [P73282-B21] > Supported Operating System > Supported Operating System,Base Support (Mandatory),Unlimited,Unlimited,,R8V86AAE,Standard,SUSE Manager Lifecycle Management 1-2 Sockets or 1-2 VM 1-year 24x7 E-LTU,0,268.00,,NA,,,10/04/2021,01/04/2027,UNCHANGED,N/A,$0.00,0.00%,2026-08-05: $268.00
Supported Operating System,Supported Operating System,HPE OCA > DL380 Gen12 SFF [P73282-B21] > Supported Operating System > Supported Operating System,Base Support (Mandatory),Unlimited,Unlimited,,R8V87AAE,Standard,SUSE Manager Lifecycle Management 1-2 Sockets Unlimited VM 1-year 24x7 E-LTU,0,806.00,,NA,,,10/04/2021,01/04/2027,UNCHANGED,N/A,$0.00,0.00%,2026-08-05: $806.00
Supported Operating System,Supported Operating System,HPE OCA > DL380 Gen12 SFF [P73282-B21] > Supported Operating System > Supported Operating System,Base Support (Mandatory),Unlimited,Unlimited,,R8V88AAE,Standard,SUSE Manager Lifecycle Management 1-2 Sockets or 1-2 VM 3-year 24x7 E-LTU,0,724.00,,NA,,,10/04/2021,01/04/2027,UNCHANGED,N/A,$0.00,0.00%,2026-08-05: $724.00
Supported Operating System,Supported Operating System,HPE OCA > DL380 Gen12 SFF [P73282-B21] > Supported Operating System > Supported Operating System,Base Support (Mandatory),Unlimited,Unlimited,,R8V89AAE,Standard,SUSE Manager Lifecycle Management 1-2 Sockets Unlimited VM 3-year 24x7 E-LTU,0,"2,180.00",,NA,,,10/04/2021,01/04/2027,UNCHANGED,N/A,$0.00,0.00%,2026-08-05: $2180.00
Supported Operating System,Supported Operating System,HPE OCA > DL380 Gen12 SFF [P73282-B21] > Supported Operating System > Supported Operating System,Base Support (Mandatory),Unlimited,Unlimited,,S0F21AAE,Standard,SUSE Manager Lifecycle Management 1-2 Sockets or 1-2 VM 5-year 24x7 E-LTU,0,"1,210.00",,NA,,,10/03/2022,09/30/2027,UNCHANGED,N/A,$0.00,0.00%,2026-08-05: $1210.00
Supported Operating System,Supported Operating System,HPE OCA > DL380 Gen12 SFF [P73282-B21] > Supported Operating System > Supported Operating System,Base Support (Mandatory),Unlimited,Unlimited,,S0F22AAE,Standard,SUSE Manager Lifecycle Management 1-2 Sockets Unlimited VM 5-year 24x7 E-LTU,0,"3,630.00",,NA,,,10/03/2022,09/30/2027,UNCHANGED,N/A,$0.00,0.00%,2026-08-05: $3630.00
Supported Operating System,Supported Operating System,HPE OCA > DL380 Gen12 SFF [P73282-B21] > Supported Operating System > Supported Operating System,Base Support (Mandatory),Unlimited,Unlimited,,S0F24AAE,Standard,SUSE Linux Enterprise Server 1-2 Sockets Unlimited VM w/Live Patching 5-year 9x5 E-LTU,0,"10,200.00",,NA,,,10/03/2022,09/30/2027,UNCHANGED,N/A,$0.00,0.00%,2026-08-05: $10200.00
Supported Operating System,Supported Operating System,HPE OCA > DL380 Gen12 SFF [P73282-B21] > Supported Operating System > Supported Operating System,Base Support (Mandatory),Unlimited,Unlimited,,S0F25AAE,Standard,SUSE Manager Lifecycle Management 1-2 Sockets or 1-2 VM 1-year 24x7 E-LTU,0,268.00,,NA,,,10/03/2022,09/30/2027,UNCHANGED,N/A,$0.00,0.00%,2026-08-05: $268.00
Supported Operating System,Supported Operating System,HPE OCA > DL380 Gen12 SFF [P73282-B21] > Supported Operating System > Supported Operating System,Base Support (Mandatory),Unlimited,Unlimited,,S0F26AAE,Standard,SUSE Manager Lifecycle Management 1-2 Sockets Unlimited VM 1-year 24x7 E-LTU,0,806.00,,NA,,,10/03/2022,09/30/2027,UNCHANGED,N/A,$0.00,0.00%,2026-08-05: $806.00
Supported Operating System,Supported Operating System,HPE OCA > DL380 Gen12 SFF [P73282-B21] > Supported Operating System > Supported Operating System,Base Support (Mandatory),Unlimited,Unlimited,,S0F27AAE,Standard,SUSE Manager Lifecycle Management 1-2 Sockets or 1-2 VM 3-year 24x7 E-LTU,0,724.00,,NA,,,10/03/2022,09/30/2027,UNCHANGED,N/A,$0.00,0.00%,2026-08-05: $724.00
Supported Operating System,Supported Operating System,HPE OCA > DL380 Gen12 SFF [P73282-B21] > Supported Operating System > Supported Operating System,Base Support (Mandatory),Unlimited,Unlimited,,S0F28AAE,Standard,SUSE Manager Lifecycle Management 1-2 Sockets Unlimited VM 3-year 24x7 E-LTU,0,"2,180.00",,NA,,,10/03/2022,09/30/2027,UNCHANGED,N/A,$0.00,0.00%,2026-08-05: $2180.00
Supported Operating System,Supported Operating System,HPE OCA > DL380 Gen12 SFF [P73282-B21] > Supported Operating System > Supported Operating System,Base Support (Mandatory),Unlimited,Unlimited,,S0F29AAE,Standard,SUSE Manager Lifecycle Management 1-2 Sockets or 1-2 VM 5-year 24x7 E-LTU,0,"1,210.00",,NA,,,10/03/2022,09/30/2027,UNCHANGED,N/A,$0.00,0.00%,2026-08-05: $1210.00
Supported Operating System,Supported Operating System,HPE OCA > DL380 Gen12 SFF [P73282-B21] > Supported Operating System > Supported Operating System,Base Support (Mandatory),Unlimited,Unlimited,,S0F30AAE,Standard,SUSE Manager Lifecycle Management 1-2 Sockets Unlimited VM 5-year 24x7 E-LTU,0,"3,630.00",,NA,,,10/03/2022,09/30/2027,UNCHANGED,N/A,$0.00,0.00%,2026-08-05: $3630.00
Supported Operating System,Supported Operating System,HPE OCA > DL380 Gen12 SFF [P73282-B21] > Supported Operating System > Supported Operating System,Base Support (Mandatory),Unlimited,Unlimited,,S3B60AAE,Standard,SUSE Storage per Node Add-on 5-15 Nodes 1-year Subscription 24x7 Support E-LTU,0,"1,980.00",,NA,,,03/04/2024,12/31/2024,UNCHANGED,N/A,$0.00,0.00%,2026-08-05: $1980.00
Supported Operating System,Supported Operating System,HPE OCA > DL380 Gen12 SFF [P73282-B21] > Supported Operating System > Supported Operating System,Base Support (Mandatory),Unlimited,Unlimited,,S3B61AAE,Standard,SUSE Storage per Node Add-on 16-50 Nodes 1-year Subscription 24x7 Support E-LTU,0,"1,860.00",,NA,,,03/04/2024,12/31/2024,UNCHANGED,N/A,$0.00,0.00%,2026-08-05: $1860.00
Supported Operating System,Supported Operating System,HPE OCA > DL380 Gen12 SFF [P73282-B21] > Supported Operating System > Supported Operating System,Base Support (Mandatory),Unlimited,Unlimited,,S3B62AAE,Standard,SUSE Storage per Node Add-on 5-15 Nodes 3-year Subscription 24x7 Support E-LTU,0,"5,346.00",,NA,,,03/04/2024,12/31/2024,UNCHANGED,N/A,$0.00,0.00%,2026-08-05: $5346.00
Supported Operating System,Supported Operating System,HPE OCA > DL380 Gen12 SFF [P73282-B21] > Supported Operating System > Supported Operating System,Base Support (Mandatory),Unlimited,Unlimited,,S3B63AAE,Standard,SUSE Storage per Node Add-on 16-50 Nodes 3-year Subscription 24x7 Support E-LTU,0,"5,022.00",,NA,,,03/04/2024,12/31/2024,UNCHANGED,N/A,$0.00,0.00%,2026-08-05: $5022.00
Supported Operating System,Supported Operating System,HPE OCA > DL380 Gen12 SFF [P73282-B21] > Supported Operating System > Supported Operating System,Base Support (Mandatory),Unlimited,Unlimited,,S3B64AAE,Standard,SUSE Storage per Node Add-on 5-15 Nodes 5-year Subscription 24x7 Support E-LTU,0,"8,910.00",,NA,,,03/04/2024,12/31/2024,UNCHANGED,N/A,$0.00,0.00%,2026-08-05: $8910.00
Supported Operating System,Supported Operating System,HPE OCA > DL380 Gen12 SFF [P73282-B21] > Supported Operating System > Supported Operating System,Base Support (Mandatory),Unlimited,Unlimited,,S3B65AAE,Standard,SUSE Storage per Node Add-on 16-50 Nodes 5-year Subscription 24x7 Support E-LTU,0,"8,370.00",,NA,,,03/04/2024,12/31/2024,UNCHANGED,N/A,$0.00,0.00%,2026-08-05: $8370.00
Supported Operating System,Supported Operating System,HPE OCA > DL380 Gen12 SFF [P73282-B21] > Supported Operating System > Supported Operating System,Base Support (Mandatory),Unlimited,Unlimited,,S3B66AAE,Standard,SUSE Rancher Prime with Rancher Prime Management Server per Node 5-15 Nodes 1yr Sub 24x7 Sup E-LTU,0,"5,400.00",,NA,,,03/04/2024,12/31/2024,UNCHANGED,N/A,$0.00,0.00%,2026-08-05: $5400.00
Supported Operating System,Supported Operating System,HPE OCA > DL380 Gen12 SFF [P73282-B21] > Supported Operating System > Supported Operating System,Base Support (Mandatory),Unlimited,Unlimited,,S3B67AAE,Standard,SUSE Rancher Prime w/2x Rancher Prime Management Server per Node 16-50 Nodes 1yr Sub 24x7 Sup E-LTU,0,"3,851.00",,NA,,,03/04/2024,12/31/2024,UNCHANGED,N/A,$0.00,0.00%,2026-08-05: $3851.00
Supported Operating System,Supported Operating System,HPE OCA > DL380 Gen12 SFF [P73282-B21] > Supported Operating System > Supported Operating System,Base Support (Mandatory),Unlimited,Unlimited,,S3B68AAE,Standard,SUSE Rancher Prime with Rancher Prime Management Server per Node 5-15 Nodes 3yr Sub 24x7 Sup E-LTU,0,"14,580.00",,NA,,,03/04/2024,12/31/2024,UNCHANGED,N/A,$0.00,0.00%,2026-08-05: $14580.00
Supported Operating System,Supported Operating System,HPE OCA > DL380 Gen12 SFF [P73282-B21] > Supported Operating System > Supported Operating System,Base Support (Mandatory),Unlimited,Unlimited,,S3B69AAE,Standard,SUSE Rancher Prime w/2x Rancher Prime Management Server per Node 16-50 Nodes 3yr Sub 24x7 Sup E-LTU,0,"10,395.00",,NA,,,03/04/2024,12/31/2024,UNCHANGED,N/A,$0.00,0.00%,2026-08-05: $10395.00
Supported Operating System,Supported Operating System,HPE OCA > DL380 Gen12 SFF [P73282-B21] > Supported Operating System > Supported Operating System,Base Support (Mandatory),Unlimited,Unlimited,,S3B70AAE,Standard,SUSE Rancher Prime with Rancher Prime Management Server per Node 5-15 Nodes 5yr Sub 24x7 Sup E-LTU,0,"24,300.00",,NA,,,03/04/2024,12/31/2024,UNCHANGED,N/A,$0.00,0.00%,2026-08-05: $24300.00
Supported Operating System,Supported Operating System,HPE OCA > DL380 Gen12 SFF [P73282-B21] > Supported Operating System > Supported Operating System,Base Support (Mandatory),Unlimited,Unlimited,,S3B71AAE,Standard,SUSE Rancher Prime w/2x Rancher Prime Management Server per Node 16-50 Nodes 5yr Sub 24x7 Sup E-LTU,0,"17,325.00",,NA,,,03/04/2024,12/31/2024,UNCHANGED,N/A,$0.00,0.00%,2026-08-05: $17325.00
Supported Operating System,Supported Operating System,HPE OCA > DL380 Gen12 SFF [P73282-B21] > Supported Operating System > Supported Operating System,Base Support (Mandatory),Unlimited,Unlimited,,S7N77AAE,Standard,SUSE Linux Enterprise Server for SAP Applications 1-2 Sockets Unlimited VM 3yr Sub 24x7 Sup E-LTU,0,"18,873.00",,NA,,,03/02/2026,04/30/2028,UNCHANGED,N/A,$0.00,0.00%,2026-08-05: $18873.00
Supported Operating System,Supported Operating System,HPE OCA > DL380 Gen12 SFF [P73282-B21] > Supported Operating System > Supported Operating System,Base Support (Mandatory),Unlimited,Unlimited,,S7N78AAE,Standard,SUSE Linux Enterprise Server for SAP Applications 1-2 Sockets Unlimited VM 5yr Sub 24x7 Sup E-LTU,0,"31,455.00",,NA,,,03/02/2026,04/30/2028,UNCHANGED,N/A,$0.00,0.00%,2026-08-05: $31455.00
Supported Operating System,Supported Operating System,HPE OCA > DL380 Gen12 SFF [P73282-B21] > Supported Operating System > Supported Operating System,Base Support (Mandatory),Unlimited,Unlimited,,S7N87A,Standard,SUSE Linux Enterprise Server for SAP Applications 1-2 Sockets Unlimited VM 3yr Sub 24x7 Sup Flex LTU,0,"18,873.00",,NA,,,03/02/2026,04/30/2028,UNCHANGED,N/A,$0.00,0.00%,2026-08-05: $18873.00
Supported Operating System,Supported Operating System,HPE OCA > DL380 Gen12 SFF [P73282-B21] > Supported Operating System > Supported Operating System,Base Support (Mandatory),Unlimited,Unlimited,,S7N88A,Standard,SUSE Linux Enterprise Server for SAP Applications 1-2 Sockets Unlimited VM 5yr Sub 24x7 Sup Flex LTU,0,"31,455.00",,NA,,,03/02/2026,04/30/2028,UNCHANGED,N/A,$0.00,0.00%,2026-08-05: $31455.00
Supported Operating System,Supported Operating System,HPE OCA > DL380 Gen12 SFF [P73282-B21] > Supported Operating System > Supported Operating System,Base Support (Mandatory),Unlimited,Unlimited,,S7P10A,Standard,SUSE Linux Enterprise Server for SAP Applications 1-2 Sockets Unlimited VM 3yr Sub 24x7 Sup Flex LTU,0,"18,873.00",,NA,,,03/02/2026,04/30/2028,UNCHANGED,N/A,$0.00,0.00%,2026-08-05: $18873.00
Supported Operating System,Supported Operating System,HPE OCA > DL380 Gen12 SFF [P73282-B21] > Supported Operating System > Supported Operating System,Base Support (Mandatory),Unlimited,Unlimited,,S7P11A,Standard,SUSE Linux Enterprise Server for SAP Applications 1-2 Sockets Unlimited VM 5yr Sub 24x7 Sup Flex LTU,0,"31,455.00",,NA,,,03/02/2026,04/30/2028,UNCHANGED,N/A,$0.00,0.00%,2026-08-05: $31455.00
Supported Operating System,Supported Operating System,HPE OCA > DL380 Gen12 SFF [P73282-B21] > Supported Operating System > Supported Operating System,Base Support (Mandatory),Unlimited,Unlimited,,S7P12A,Standard,SUSE Linux Enterprise Server for SAP Applications 1-2 Sockets or 1-2 VM 3-year Sub 24x7 Sup Flex LTU,0,"7,803.00",,NA,,,03/02/2026,04/30/2028,UNCHANGED,N/A,$0.00,0.00%,2026-08-05: $7803.00
Supported Operating System,Supported Operating System,HPE OCA > DL380 Gen12 SFF [P73282-B21] > Supported Operating System > Supported Operating System,Base Support (Mandatory),Unlimited,Unlimited,,S7P13A,Standard,SUSE Linux Enterprise Server for SAP Applications 1-2 Sockets or 1-2 VM 5-year Sub 24x7 Sup Flex LTU,0,"13,005.00",,NA,,,03/02/2026,04/30/2028,UNCHANGED,N/A,$0.00,0.00%,2026-08-05: $13005.00
Supported Operating System,MS Windows Server,HPE OCA > DL380 Gen12 SFF [P73282-B21] > Supported Operating System > MS Windows Server,Software & License,Unlimited,Unlimited,,P45916-291,Standard,Microsoft Windows Server 2022 16-core Datacenter FIO Not Pre-installed Japanese SW,0,"99,999.00",,NA,,,12/06/2021,05/31/2025,UNCHANGED,N/A,$0.00,0.00%,2026-08-05: $99999.00
Supported Operating System,MS Windows Server,HPE OCA > DL380 Gen12 SFF [P73282-B21] > Supported Operating System > MS Windows Server,Software & License,Unlimited,Unlimited,,P45916-B21,Standard,Microsoft Windows Server 2022 16-core Datacenter FIO Not Pre-installed en/fr/it/de/es/nl/pt SW,0,"4,946.00",,NA,,,12/06/2021,05/31/2025,UNCHANGED,N/A,$0.00,0.00%,2026-08-05: $4946.00
Supported Operating System,MS Windows Server,HPE OCA > DL380 Gen12 SFF [P73282-B21] > Supported Operating System > MS Windows Server,Software & License,Unlimited,Unlimited,,P46005-291,Standard,Microsoft Windows Server 2022 16-core Standard FIO Not Pre-installed Japanese SW,0,"99,999.00",,NA,,,12/06/2021,05/31/2025,UNCHANGED,N/A,$0.00,0.00%,2026-08-05: $99999.00
Supported Operating System,MS Windows Server,HPE OCA > DL380 Gen12 SFF [P73282-B21] > Supported Operating System > MS Windows Server,Software & License,Unlimited,Unlimited,,P46005-B21,Standard,Microsoft Windows Server 2022 16-core Standard FIO Not Pre-installed en/fr/it/de/es/nl/pt SW,0,988.00,,NA,,,12/06/2021,05/31/2025,UNCHANGED,N/A,$0.00,0.00%,2026-08-05: $988.00
Supported Operating System,MS Windows Server,HPE OCA > DL380 Gen12 SFF [P73282-B21] > Supported Operating System > MS Windows Server,Software & License,Unlimited,Unlimited,,P46195-B21,Standard,Microsoft Windows Server 2022 16-core Std Add Lic en/cs/de/es/fr/it/nl/pl/pt/ru/sv/ko/ja/xc SW,0,"1,087.00",,NA,,,11/01/2021,05/31/2025,UNCHANGED,N/A,$0.00,0.00%,2026-08-05: $1087.00
Supported Operating System,MS Windows Server,HPE OCA > DL380 Gen12 SFF [P73282-B21] > Supported Operating System > MS Windows Server,Software & License,Unlimited,Unlimited,,P46196-B21,Standard,Microsoft Windows Server 2022 4-core Std Add Lic en/cs/de/es/fr/it/nl/pl/pt/ru/sv/ko/ja/xc SW,0,263.00,,NA,,,11/01/2021,05/31/2025,UNCHANGED,N/A,$0.00,0.00%,2026-08-05: $263.00
Supported Operating System,MS Windows Server,HPE OCA > DL380 Gen12 SFF [P73282-B21] > Supported Operating System > MS Windows Server,Software & License,Unlimited,Unlimited,,P46199-AA1,Standard,Microsoft Windows Server 2022 2-core Standard Additional License Chinese Simplified SW,0,"99,999.00",,NA,,,11/01/2021,05/31/2025,UNCHANGED,N/A,$0.00,0.00%,2026-08-05: $99999.00
Supported Operating System,MS Windows Server,HPE OCA > DL380 Gen12 SFF [P73282-B21] > Supported Operating System > MS Windows Server,Software & License,Unlimited,Unlimited,,P46199-AB1,Standard,Microsoft Windows Server 2022 2-core Standard Additional License Chinese Traditional SW,0,"99,999.00",,NA,,,11/01/2021,05/31/2025,UNCHANGED,N/A,$0.00,0.00%,2026-08-05: $99999.00
Supported Operating System,MS Windows Server,HPE OCA > DL380 Gen12 SFF [P73282-B21] > Supported Operating System > MS Windows Server,Software & License,Unlimited,Unlimited,,P46199-B21,Standard,Microsoft Windows Server 2022 2-core Std Add Lic en/cs/de/es/fr/it/nl/pl/pt/ru/sv/ko/ja/xc SW,0,136.00,,NA,,,10/04/2021,05/31/2025,UNCHANGED,N/A,$0.00,0.00%,2026-08-05: $136.00
Supported Operating System,MS Windows Server,HPE OCA > DL380 Gen12 SFF [P73282-B21] > Supported Operating System > MS Windows Server,Software & License,Unlimited,Unlimited,,P46212-B21,Standard,Microsoft Windows Server 2022 16-core DC Add Lic en/cs/de/es/fr/it/nl/pl/pt/ru/sv/ko/ja/xc SW,0,"4,946.00",,NA,,,11/01/2021,05/31/2025,UNCHANGED,N/A,$0.00,0.00%,2026-08-05: $4946.00
Supported Operating System,MS Windows Server,HPE OCA > DL380 Gen12 SFF [P73282-B21] > Supported Operating System > MS Windows Server,Software & License,Unlimited,Unlimited,,P46213-B21,Standard,Microsoft Windows Server 2022 4-core DC Add Lic en/cs/de/es/fr/it/nl/pl/pt/ru/sv/ko/ja/xc SW,0,"1,283.00",,NA,,,11/01/2021,05/31/2025,UNCHANGED,N/A,$0.00,0.00%,2026-08-05: $1283.00
Supported Operating System,MS Windows Server,HPE OCA > DL380 Gen12 SFF [P73282-B21] > Supported Operating System > MS Windows Server,Software & License,Unlimited,Unlimited,,P46214-B21,Standard,Microsoft Windows Server 2022 2-core DC Add Lic en/cs/de/es/fr/it/nl/pl/pt/ru/sv/ko/ja/xc SW,0,644.00,,NA,,,10/04/2021,05/31/2025,UNCHANGED,N/A,$0.00,0.00%,2026-08-05: $644.00
Supported Operating System,MS Windows Server,HPE OCA > DL380 Gen12 SFF [P73282-B21] > Supported Operating System > MS Windows Server,Software & License,Unlimited,Unlimited,,P77095-291,Standard,Microsoft Windows Server 2025 16-core Standard FIO Not Pre-installed Japanese SW,0,NA,,NA,,,12/02/2024,01/31/2027,UNCHANGED,N/A,$0.00,0.00%,2026-08-05: $0.00
Supported Operating System,MS Windows Server,HPE OCA > DL380 Gen12 SFF [P73282-B21] > Supported Operating System > MS Windows Server,Software & License,Unlimited,Unlimited,,P77095-B21,Standard,Microsoft Windows Server 2025 16-core Standard FIO Not Pre-installed en/fr/de/es/it/pt/nl SW,0,"1,147.00",,NA,,,12/02/2024,01/31/2027,UNCHANGED,N/A,$0.00,0.00%,2026-08-05: $1147.00
Supported Operating System,MS Windows Server,HPE OCA > DL380 Gen12 SFF [P73282-B21] > Supported Operating System > MS Windows Server,Software & License,Unlimited,Unlimited,,P77096-291,Standard,Microsoft Windows Server 2025 16-core Standard FIO Pre-installed UEFI Japanese SW,0,NA,,NA,,,12/02/2024,01/31/2027,UNCHANGED,N/A,$0.00,0.00%,2026-08-05: $0.00
Supported Operating System,MS Windows Server,HPE OCA > DL380 Gen12 SFF [P73282-B21] > Supported Operating System > MS Windows Server,Software & License,Unlimited,Unlimited,,P77096-B21,Standard,Microsoft Windows Server 2025 16-core Standard FIO Pre-installed UEFI en/fr/de/es/it/pt/nl SW,0,"1,147.00",,NA,,,12/02/2024,01/31/2027,UNCHANGED,N/A,$0.00,0.00%,2026-08-05: $1147.00
Supported Operating System,MS Windows Server,HPE OCA > DL380 Gen12 SFF [P73282-B21] > Supported Operating System > MS Windows Server,Software & License,Unlimited,Unlimited,,P77097-291,Standard,Microsoft Windows Server 2025 16-core Datacenter FIO Not Pre-installed Japanese SW,0,NA,,NA,,,12/02/2024,01/31/2027,UNCHANGED,N/A,$0.00,0.00%,2026-08-05: $0.00
Supported Operating System,MS Windows Server,HPE OCA > DL380 Gen12 SFF [P73282-B21] > Supported Operating System > MS Windows Server,Software & License,Unlimited,Unlimited,,P77104-B21,Standard,Microsoft Windows Server 2025 16-core Standard Additional License WW SW,0,"1,258.00",,NA,,,12/02/2024,11/30/2027,UNCHANGED,N/A,$0.00,0.00%,2026-08-05: $1258.00
Supported Operating System,MS Windows Server,HPE OCA > DL380 Gen12 SFF [P73282-B21] > Supported Operating System > MS Windows Server,Software & License,Unlimited,Unlimited,,P77105-B21,Standard,Microsoft Windows Server 2025 4-core Standard Additional License WW SW,0,320.00,,NA,,,12/02/2024,11/30/2027,UNCHANGED,N/A,$0.00,0.00%,2026-08-05: $320.00
Supported Operating System,MS Windows Server,HPE OCA > DL380 Gen12 SFF [P73282-B21] > Supported Operating System > MS Windows Server,Software & License,Unlimited,Unlimited,,P77106-AA1,Standard,Microsoft Windows Server 2025 2-core Standard Additional License Chinese Simplified SW,0,NA,,NA,,,12/02/2024,11/30/2027,UNCHANGED,N/A,$0.00,0.00%,2026-08-05: $0.00
Supported Operating System,MS Windows Server,HPE OCA > DL380 Gen12 SFF [P73282-B21] > Supported Operating System > MS Windows Server,Software & License,Unlimited,Unlimited,,P77106-AB1,Standard,Microsoft Windows Server 2025 2-core Standard Additional License Chinese Traditional SW,0,NA,,NA,,,12/02/2024,11/30/2027,UNCHANGED,N/A,$0.00,0.00%,2026-08-05: $0.00
Supported Operating System,MS Windows Server,HPE OCA > DL380 Gen12 SFF [P73282-B21] > Supported Operating System > MS Windows Server,Software & License,Unlimited,Unlimited,,P77106-B21,Standard,Microsoft Windows Server 2025 2-core Standard Additional License WW SW,0,164.00,,NA,,,12/02/2024,11/30/2027,UNCHANGED,N/A,$0.00,0.00%,2026-08-05: $164.00
Supported Operating System,MS Windows Server,HPE OCA > DL380 Gen12 SFF [P73282-B21] > Supported Operating System > MS Windows Server,Software & License,Unlimited,Unlimited,,P77107-B21,Standard,Microsoft Windows Server 2025 16-core Datacenter Additional License WW SW,0,"5,712.00",,NA,,,12/02/2024,11/30/2027,UNCHANGED,N/A,$0.00,0.00%,2026-08-05: $5712.00
Supported Operating System,MS Windows Server,HPE OCA > DL380 Gen12 SFF [P73282-B21] > Supported Operating System > MS Windows Server,Software & License,Unlimited,Unlimited,,P77108-B21,Standard,Microsoft Windows Server 2025 4-core Datacenter Additional License WW SW,0,"1,434.00",,NA,,,12/02/2024,11/30/2027,UNCHANGED,N/A,$0.00,0.00%,2026-08-05: $1434.00
Supported Operating System,MS Windows Server,HPE OCA > DL380 Gen12 SFF [P73282-B21] > Supported Operating System > MS Windows Server,Software & License,Unlimited,Unlimited,,P77109-B21,Standard,Microsoft Windows Server 2025 2-core Datacenter Additional License WW SW,0,721.00,,NA,,,12/02/2024,11/30/2027,UNCHANGED,N/A,$0.00,0.00%,2026-08-05: $721.00
Supported Operating System,MS Windows Server,HPE OCA > DL380 Gen12 SFF [P73282-B21] > Supported Operating System > MS Windows Server,Software & License,Unlimited,Unlimited,,S6K30B,Standard,Microsoft Windows Server 2025 16-core Standard FIO Not Pre-installed WW ESD LTU,0,"1,147.00",,NA,,,09/02/2025,11/30/2027,UNCHANGED,N/A,$0.00,0.00%,2026-08-05: $1147.00
Supported Operating System,MS Windows Server,HPE OCA > DL380 Gen12 SFF [P73282-B21] > Supported Operating System > MS Windows Server,Software & License,Unlimited,Unlimited,,S6L35B,Standard,Microsoft Windows Server 2025 16-core Datacenter FIO Not Pre-installed WW ESD LTU,0,"5,712.00",,NA,,,09/02/2025,11/30/2027,UNCHANGED,N/A,$0.00,0.00%,2026-08-05: $5712.00
Supported Operating System,MS Windows Server,HPE OCA > DL380 Gen12 SFF [P73282-B21] > Supported Operating System > MS Windows Server,Software & License,Unlimited,Unlimited,,P11086-B21,Standard,Microsoft Windows Server 2016 Downgrade Datacenter FIO Not Pre-installed English SW,0,28.00,NA,NA,,,04/02/2019,05/31/2025,UNCHANGED,N/A,$0.00,0.00%,2026-08-05: $28.00
Supported Operating System,MS Windows Server,HPE OCA > DL380 Gen12 SFF [P73282-B21] > Supported Operating System > MS Windows Server,Software & License,Unlimited,Unlimited,,P11086-051,Standard,Microsoft Windows Server 2016 Downgrade Datacenter FIO Not Pre-installed French SW,0,28.00,NA,NA,,,04/02/2019,05/31/2025,UNCHANGED,N/A,$0.00,0.00%,2026-08-05: $28.00
Supported Operating System,MS Windows Server,HPE OCA > DL380 Gen12 SFF [P73282-B21] > Supported Operating System > MS Windows Server,Software & License,Unlimited,Unlimited,,P11086-041,Standard,Microsoft Windows Server 2016 Downgrade Datacenter FIO Not Pre-installed German SW,0,28.00,NA,NA,,,04/02/2019,05/31/2025,UNCHANGED,N/A,$0.00,0.00%,2026-08-05: $28.00
Supported Operating System,MS Windows Server,HPE OCA > DL380 Gen12 SFF [P73282-B21] > Supported Operating System > MS Windows Server,Software & License,Unlimited,Unlimited,,P11086-061,Standard,Microsoft Windows Server 2016 Downgrade Datacenter FIO Not Pre-installed Italian SW,0,28.00,NA,NA,,,04/02/2019,05/31/2025,UNCHANGED,N/A,$0.00,0.00%,2026-08-05: $28.00
Supported Operating System,MS Windows Server,HPE OCA > DL380 Gen12 SFF [P73282-B21] > Supported Operating System > MS Windows Server,Software & License,Unlimited,Unlimited,,P11086-291,Standard,Microsoft Windows Server 2016 Downgrade Datacenter FIO Not Pre-installed Japanese SW,0,NA,NA,NA,,,04/02/2019,05/31/2025,UNCHANGED,N/A,$0.00,0.00%,2026-08-05: $0.00
Supported Operating System,MS Windows Server,HPE OCA > DL380 Gen12 SFF [P73282-B21] > Supported Operating System > MS Windows Server,Software & License,Unlimited,Unlimited,,P11086-071,Standard,Microsoft Windows Server 2016 Downgrade Datacenter FIO Not Pre-installed Spanish SW,0,28.00,NA,NA,,,04/02/2019,05/31/2025,UNCHANGED,N/A,$0.00,0.00%,2026-08-05: $28.00
Supported Operating System,MS Windows Server,HPE OCA > DL380 Gen12 SFF [P73282-B21] > Supported Operating System > MS Windows Server,Software & License,Unlimited,Unlimited,,P11085-291,Standard,Microsoft Windows Server 2016 Downgrade Datacenter Reseller Option Kit Japanese SW,0,NA,NA,NA,,,04/02/2019,05/31/2025,UNCHANGED,N/A,$0.00,0.00%,2026-08-05: $0.00
Supported Operating System,MS Windows Server,HPE OCA > DL380 Gen12 SFF [P73282-B21] > Supported Operating System > MS Windows Server,Software & License,Unlimited,Unlimited,,P11083-B21,Standard,Microsoft Windows Server 2016 Downgrade Standard FIO Not Pre-installed English SW,0,28.00,NA,NA,,,04/02/2019,05/31/2025,UNCHANGED,N/A,$0.00,0.00%,2026-08-05: $28.00
Supported Operating System,MS Windows Server,HPE OCA > DL380 Gen12 SFF [P73282-B21] > Supported Operating System > MS Windows Server,Software & License,Unlimited,Unlimited,,P11083-051,Standard,Microsoft Windows Server 2016 Downgrade Standard FIO Not Pre-installed French SW,0,28.00,NA,NA,,,04/02/2019,05/31/2025,UNCHANGED,N/A,$0.00,0.00%,2026-08-05: $28.00
Supported Operating System,MS Windows Server,HPE OCA > DL380 Gen12 SFF [P73282-B21] > Supported Operating System > MS Windows Server,Software & License,Unlimited,Unlimited,,P11083-041,Standard,Microsoft Windows Server 2016 Downgrade Standard FIO Not Pre-installed German SW,0,28.00,NA,NA,,,04/02/2019,05/31/2025,UNCHANGED,N/A,$0.00,0.00%,2026-08-05: $28.00
Supported Operating System,MS Windows Server,HPE OCA > DL380 Gen12 SFF [P73282-B21] > Supported Operating System > MS Windows Server,Software & License,Unlimited,Unlimited,,P11083-061,Standard,Microsoft Windows Server 2016 Downgrade Standard FIO Not Pre-installed Italian SW,0,28.00,NA,NA,,,04/02/2019,05/31/2025,UNCHANGED,N/A,$0.00,0.00%,2026-08-05: $28.00
Supported Operating System,MS Windows Server,HPE OCA > DL380 Gen12 SFF [P73282-B21] > Supported Operating System > MS Windows Server,Software & License,Unlimited,Unlimited,,P11083-291,Standard,Microsoft Windows Server 2016 Downgrade Standard FIO Not Pre-installed Japanese SW,0,NA,NA,NA,,,04/02/2019,05/31/2025,UNCHANGED,N/A,$0.00,0.00%,2026-08-05: $0.00
Supported Operating System,MS Windows Server,HPE OCA > DL380 Gen12 SFF [P73282-B21] > Supported Operating System > MS Windows Server,Software & License,Unlimited,Unlimited,,P11083-071,Standard,Microsoft Windows Server 2016 Downgrade Standard FIO Not Pre-installed Spanish SW,0,28.00,NA,NA,,,04/02/2019,05/31/2025,UNCHANGED,N/A,$0.00,0.00%,2026-08-05: $28.00
Supported Operating System,MS Windows Server,HPE OCA > DL380 Gen12 SFF [P73282-B21] > Supported Operating System > MS Windows Server,Software & License,Unlimited,Unlimited,,P11084-291,Standard,Microsoft Windows Server 2016 Downgrade Standard Reseller Option Kit Japanese SW,0,NA,NA,NA,,,04/02/2019,05/31/2025,UNCHANGED,N/A,$0.00,0.00%,2026-08-05: $0.00
Supported Operating System,MS Windows Server,HPE OCA > DL380 Gen12 SFF [P73282-B21] > Supported Operating System > MS Windows Server,Software & License,Unlimited,Unlimited,,P45879-B21,Standard,Microsoft Windows Server 2019 16-core Downgrade Datacenter FIO Not Pre-installed English SW,0,28.00,NA,NA,,,12/06/2021,01/31/2027,UNCHANGED,N/A,$0.00,0.00%,2026-08-05: $28.00
Supported Operating System,MS Windows Server,HPE OCA > DL380 Gen12 SFF [P73282-B21] > Supported Operating System > MS Windows Server,Software & License,Unlimited,Unlimited,,P45879-051,Standard,Microsoft Windows Server 2019 16-core Downgrade Datacenter FIO Not Pre-installed French SW,0,20.00,NA,NA,,,12/06/2021,01/31/2027,UNCHANGED,N/A,$0.00,0.00%,2026-08-05: $20.00
Supported Operating System,MS Windows Server,HPE OCA > DL380 Gen12 SFF [P73282-B21] > Supported Operating System > MS Windows Server,Software & License,Unlimited,Unlimited,,P45879-041,Standard,Microsoft Windows Server 2019 16-core Downgrade Datacenter FIO Not Pre-installed German SW,0,28.00,NA,NA,,,12/06/2021,01/31/2027,UNCHANGED,N/A,$0.00,0.00%,2026-08-05: $28.00
Supported Operating System,MS Windows Server,HPE OCA > DL380 Gen12 SFF [P73282-B21] > Supported Operating System > MS Windows Server,Software & License,Unlimited,Unlimited,,P45879-061,Standard,Microsoft Windows Server 2019 16-core Downgrade Datacenter FIO Not Pre-installed Italian SW,0,28.00,NA,NA,,,12/06/2021,01/31/2027,UNCHANGED,N/A,$0.00,0.00%,2026-08-05: $28.00
Supported Operating System,MS Windows Server,HPE OCA > DL380 Gen12 SFF [P73282-B21] > Supported Operating System > MS Windows Server,Software & License,Unlimited,Unlimited,,P45879-291,Standard,Microsoft Windows Server 2019 16-core Downgrade Datacenter FIO Not Pre-installed Japanese SW,0,"99,999.00",NA,NA,,,12/06/2021,01/31/2027,UNCHANGED,N/A,$0.00,0.00%,2026-08-05: $99999.00
Supported Operating System,MS Windows Server,HPE OCA > DL380 Gen12 SFF [P73282-B21] > Supported Operating System > MS Windows Server,Software & License,Unlimited,Unlimited,,P45879-071,Standard,Microsoft Windows Server 2019 16-core Downgrade Datacenter FIO Not Pre-installed Spanish SW,0,28.00,NA,NA,,,12/06/2021,01/31/2027,UNCHANGED,N/A,$0.00,0.00%,2026-08-05: $28.00
Supported Operating System,MS Windows Server,HPE OCA > DL380 Gen12 SFF [P73282-B21] > Supported Operating System > MS Windows Server,Software & License,Unlimited,Unlimited,,P45862-B21,Standard,Microsoft Windows Server 2019 16-core Downgrade Standard FIO Not Pre-installed English SW,0,20.00,NA,NA,,,12/06/2021,01/31/2027,UNCHANGED,N/A,$0.00,0.00%,2026-08-05: $20.00
Supported Operating System,MS Windows Server,HPE OCA > DL380 Gen12 SFF [P73282-B21] > Supported Operating System > MS Windows Server,Software & License,Unlimited,Unlimited,,P45862-051,Standard,Microsoft Windows Server 2019 16-core Downgrade Standard FIO Not Pre-installed French SW,0,28.00,NA,NA,,,12/06/2021,01/31/2027,UNCHANGED,N/A,$0.00,0.00%,2026-08-05: $28.00
Supported Operating System,MS Windows Server,HPE OCA > DL380 Gen12 SFF [P73282-B21] > Supported Operating System > MS Windows Server,Software & License,Unlimited,Unlimited,,P45862-041,Standard,Microsoft Windows Server 2019 16-core Downgrade Standard FIO Not Pre-installed German SW,0,28.00,NA,NA,,,12/06/2021,01/31/2027,UNCHANGED,N/A,$0.00,0.00%,2026-08-05: $28.00
Supported Operating System,MS Windows Server,HPE OCA > DL380 Gen12 SFF [P73282-B21] > Supported Operating System > MS Windows Server,Software & License,Unlimited,Unlimited,,P45862-061,Standard,Microsoft Windows Server 2019 16-core Downgrade Standard FIO Not Pre-installed Italian SW,0,20.00,NA,NA,,,12/06/2021,01/31/2027,UNCHANGED,N/A,$0.00,0.00%,2026-08-05: $20.00
Supported Operating System,MS Windows Server,HPE OCA > DL380 Gen12 SFF [P73282-B21] > Supported Operating System > MS Windows Server,Software & License,Unlimited,Unlimited,,P45862-291,Standard,Microsoft Windows Server 2019 16-core Downgrade Standard FIO Not Pre-installed Japanese SW,0,"99,999.00",NA,NA,,,12/06/2021,01/31/2027,UNCHANGED,N/A,$0.00,0.00%,2026-08-05: $99999.00
Supported Operating System,MS Windows Server,HPE OCA > DL380 Gen12 SFF [P73282-B21] > Supported Operating System > MS Windows Server,Software & License,Unlimited,Unlimited,,P45862-071,Standard,Microsoft Windows Server 2019 16-core Downgrade Standard FIO Not Pre-installed Spanish SW,0,20.00,NA,NA,,,12/06/2021,01/31/2027,UNCHANGED,N/A,$0.00,0.00%,2026-08-05: $20.00
Supported Operating System,MS Windows Server,HPE OCA > DL380 Gen12 SFF [P73282-B21] > Supported Operating System > MS Windows Server,Software & License,Unlimited,Unlimited,,S6L47A,Standard,Microsoft Windows Server 2019 Downgrade Datacenter FIO Not Pre-installed WW ESD LTU,0,20.00,NA,NA,,,09/02/2025,11/30/2027,UNCHANGED,N/A,$0.00,0.00%,2026-08-05: $20.00
Supported Operating System,MS Windows Server,HPE OCA > DL380 Gen12 SFF [P73282-B21] > Supported Operating System > MS Windows Server,Software & License,Unlimited,Unlimited,,S6L45A,Standard,Microsoft Windows Server 2019 Downgrade Datacenter Reseller Option Kit Japanese ESD LTU,0,20.00,NA,NA,,,09/02/2025,11/30/2027,UNCHANGED,N/A,$0.00,0.00%,2026-08-05: $20.00
Supported Operating System,MS Windows Server,HPE OCA > DL380 Gen12 SFF [P73282-B21] > Supported Operating System > MS Windows Server,Software & License,Unlimited,Unlimited,,S6L46A,Standard,Microsoft Windows Server 2019 Downgrade Standard FIO Not Pre-installed WW ESD LTU,0,20.00,NA,NA,,,09/02/2025,11/30/2027,UNCHANGED,N/A,$0.00,0.00%,2026-08-05: $20.00
Supported Operating System,MS Windows Server,HPE OCA > DL380 Gen12 SFF [P73282-B21] > Supported Operating System > MS Windows Server,Software & License,Unlimited,Unlimited,,S6L44A,Standard,Microsoft Windows Server 2019 Downgrade Standard Reseller Option Kit Japanese ESD LTU,0,20.00,NA,NA,,,09/02/2025,11/30/2027,UNCHANGED,N/A,$0.00,0.00%,2026-08-05: $20.00
Supported Operating System,MS Windows Server,HPE OCA > DL380 Gen12 SFF [P73282-B21] > Supported Operating System > MS Windows Server,Software & License,Unlimited,Unlimited,,P77125-291,Standard,Microsoft Windows Server 2022 Downgrade Datacenter FIO Not Pre-installed Japanese SW,0,NA,NA,NA,,,12/02/2024,01/31/2027,UNCHANGED,N/A,$0.00,0.00%,2026-08-05: $0.00
Supported Operating System,MS Windows Server,HPE OCA > DL380 Gen12 SFF [P73282-B21] > Supported Operating System > MS Windows Server,Software & License,Unlimited,Unlimited,,S6L48A,Standard,Microsoft Windows Server 2022 Downgrade Datacenter FIO Not Pre-installed WW ESD LTU,0,33.00,NA,NA,,,09/02/2025,11/30/2027,UNCHANGED,N/A,$0.00,0.00%,2026-08-05: $33.00
Supported Operating System,MS Windows Server,HPE OCA > DL380 Gen12 SFF [P73282-B21] > Supported Operating System > MS Windows Server,Software & License,Unlimited,Unlimited,,P77125-B21,Standard,Microsoft Windows Server 2022 Downgrade Datacenter FIO Not Pre-installed WW SW,0,33.00,NA,NA,,,12/02/2024,01/31/2027,UNCHANGED,N/A,$0.00,0.00%,2026-08-05: $33.00
Supported Operating System,MS Windows Server,HPE OCA > DL380 Gen12 SFF [P73282-B21] > Supported Operating System > MS Windows Server,Software & License,Unlimited,Unlimited,,P77124-291,Standard,Microsoft Windows Server 2022 Downgrade Standard FIO Not Pre-installed Japanese SW,0,NA,NA,NA,,,12/02/2024,01/31/2027,UNCHANGED,N/A,$0.00,0.00%,2026-08-05: $0.00
Supported Operating System,MS Windows Server,HPE OCA > DL380 Gen12 SFF [P73282-B21] > Supported Operating System > MS Windows Server,Software & License,Unlimited,Unlimited,,S6L43A,Standard,Microsoft Windows Server 2022 Downgrade Standard FIO Not Pre-installed WW ESD LTU,0,33.00,NA,NA,,,09/02/2025,11/30/2027,UNCHANGED,N/A,$0.00,0.00%,2026-08-05: $33.00
Supported Operating System,MS Windows Server,HPE OCA > DL380 Gen12 SFF [P73282-B21] > Supported Operating System > MS Windows Server,Software & License,Unlimited,Unlimited,,P77124-B21,Standard,Microsoft Windows Server 2022 Downgrade Standard FIO Not Pre-installed WW SW,0,33.00,NA,NA,,,12/02/2024,01/31/2027,UNCHANGED,N/A,$0.00,0.00%,2026-08-05: $33.00
Supported Operating System,MS Windows Server,HPE OCA > DL380 Gen12 SFF [P73282-B21] > Supported Operating System > MS Windows Server,Software & License,Unlimited,Unlimited,,S6L41A,Standard,Microsoft Windows Server 2022 Downgrade Standard Reseller Option Kit Japanese ESD LTU,0,33.00,NA,NA,,,09/02/2025,11/30/2027,UNCHANGED,N/A,$0.00,0.00%,2026-08-05: $33.00
Supported Operating System,Red Hat OpenShift Platform Container,HPE OCA > DL380 Gen12 SFF [P73282-B21] > Supported Operating System > Red Hat OpenShift Platform Container,Software & License,Unlimited,Unlimited,,R6J26AAE,Standard,Red Hat Ansible Automation Platform 100 Nodes 1yr Subscription 9x5 RH Support E-LTU,0,"21,544.00",,NA,,,08/03/2020,09/30/2028,UNCHANGED,N/A,$0.00,0.00%,2026-08-05: $21544.00
Supported Operating System,Red Hat OpenShift Platform Container,HPE OCA > DL380 Gen12 SFF [P73282-B21] > Supported Operating System > Red Hat OpenShift Platform Container,Software & License,Unlimited,Unlimited,,R6J29AAE,Standard,Red Hat Ansible Automation Platform 100 Nodes 3yr Subscription 9x5 RH Support E-LTU,0,"86,513.00",,NA,,,08/03/2020,03/01/2025,UNCHANGED,N/A,$0.00,0.00%,2026-08-05: $86513.00
Supported Operating System,Red Hat OpenShift Platform Container,HPE OCA > DL380 Gen12 SFF [P73282-B21] > Supported Operating System > Red Hat OpenShift Platform Container,Software & License,Unlimited,Unlimited,,R6J33AAE,Standard,Red Hat OpenShift Container Platform 2 Cores or 4 vCPUs 1yr Subscription 9x5 RH Support E-LTU,0,"4,475.00",,NA,,,08/03/2020,09/30/2028,UNCHANGED,N/A,$0.00,0.00%,2026-08-05: $4475.00
Supported Operating System,Red Hat OpenShift Platform Container,HPE OCA > DL380 Gen12 SFF [P73282-B21] > Supported Operating System > Red Hat OpenShift Platform Container,Software & License,Unlimited,Unlimited,,R6J34AAE,Standard,Red Hat OpenShift Container Platform 2 Cores or 4 vCPUs 3yr Subscription 24x7 RH Support E-LTU,0,"26,642.00",,NA,,,08/03/2020,03/01/2025,UNCHANGED,N/A,$0.00,0.00%,2026-08-05: $26642.00
Supported Operating System,Red Hat OpenShift Platform Container,HPE OCA > DL380 Gen12 SFF [P73282-B21] > Supported Operating System > Red Hat OpenShift Platform Container,Software & License,Unlimited,Unlimited,,R6J35AAE,Standard,Red Hat OpenShift Container Platform 2 Cores or 4 vCPUs 3yr Subscription 9x5 RH Support E-LTU,0,"17,987.00",,NA,,,08/03/2020,03/01/2025,UNCHANGED,N/A,$0.00,0.00%,2026-08-05: $17987.00
Supported Operating System,Red Hat OpenShift Platform Container,HPE OCA > DL380 Gen12 SFF [P73282-B21] > Supported Operating System > Red Hat OpenShift Platform Container,Software & License,Unlimited,Unlimited,,S3Z84AAE,Standard,Red Hat OpenShift Container Platform Bare Metal 1-2 Sockets up to 128 Cores 1yr Sub 24x7 Sup E-LTU,0,"53,719.00",,NA,,,06/03/2024,07/03/2027,UNCHANGED,N/A,$0.00,0.00%,2026-08-05: $53719.00
Supported Operating System,Red Hat OpenShift Platform Container,HPE OCA > DL380 Gen12 SFF [P73282-B21] > Supported Operating System > Red Hat OpenShift Platform Container,Software & License,Unlimited,Unlimited,,S3Z85AAE,Standard,Red Hat OpenShift Container Platform Bare Metal 1-2 Sockets up to 64 Cores 3yr Sub 24x7 Sup E-LTU,0,"51,040.00",,NA,,,06/03/2024,03/01/2025,UNCHANGED,N/A,$0.00,0.00%,2026-08-05: $51040.00
Supported Operating System,Red Hat OpenShift Platform Container,HPE OCA > DL380 Gen12 SFF [P73282-B21] > Supported Operating System > Red Hat OpenShift Platform Container,Software & License,Unlimited,Unlimited,,S3Z86AAE,Standard,Red Hat OpenShift Container Platform Bare Metal 1-2 Sockets up to 128 Cores 1yr Sub 9x5 Sup E-LTU,0,"35,808.00",,NA,,,06/03/2024,07/03/2027,UNCHANGED,N/A,$0.00,0.00%,2026-08-05: $35808.00
Supported Operating System,Red Hat OpenShift Platform Container,HPE OCA > DL380 Gen12 SFF [P73282-B21] > Supported Operating System > Red Hat OpenShift Platform Container,Software & License,Unlimited,Unlimited,,S3Z87AAE,Standard,Red Hat OpenShift Container Platform Bare Metal 1-2 Sockets up to 64 Cores 3yr Sub 9x5 Sup E-LTU,0,"34,030.00",,NA,,,06/03/2024,03/01/2025,UNCHANGED,N/A,$0.00,0.00%,2026-08-05: $34030.00
Supported Operating System,Red Hat OpenShift Platform Container,HPE OCA > DL380 Gen12 SFF [P73282-B21] > Supported Operating System > Red Hat OpenShift Platform Container,Software & License,Unlimited,Unlimited,,S3Z88AAE,Standard,Red Hat OpenShift Container Platform Plus Bare Metal 1-2Skt up to 128 Cores 1yr Sub 24x7 Sup E-LTU,0,"22,385.00",,NA,,,06/03/2024,07/03/2027,UNCHANGED,N/A,$0.00,0.00%,2026-08-05: $22385.00
Supported Operating System,Red Hat OpenShift Platform Container,HPE OCA > DL380 Gen12 SFF [P73282-B21] > Supported Operating System > Red Hat OpenShift Platform Container,Software & License,Unlimited,Unlimited,,S3Z89AAE,Standard,Red Hat OpenShift Container Platform Plus Bare Metal 1-2Skt up to 64 Cores 3yr Sub 24x7 Sup E-LTU,0,"63,798.00",,NA,,,06/03/2024,03/01/2025,UNCHANGED,N/A,$0.00,0.00%,2026-08-05: $63798.00
Supported Operating System,Red Hat OpenShift Platform Container,HPE OCA > DL380 Gen12 SFF [P73282-B21] > Supported Operating System > Red Hat OpenShift Platform Container,Software & License,Unlimited,Unlimited,,S3Z90AAE,Standard,Red Hat OpenShift Container Platform Plus Bare Metal 1-2Skt up to 128 Cores 1yr Sub 9x5 Sup E-LTU,0,"14,999.00",,NA,,,06/03/2024,07/03/2027,UNCHANGED,N/A,$0.00,0.00%,2026-08-05: $14999.00
Supported Operating System,Red Hat OpenShift Platform Container,HPE OCA > DL380 Gen12 SFF [P73282-B21] > Supported Operating System > Red Hat OpenShift Platform Container,Software & License,Unlimited,Unlimited,,S3Z91AAE,Standard,Red Hat OpenShift Container Platform Plus Bare Metal 1-2Skt up to 64 Cores 3yr Sub 9x5 Sup E-LTU,0,"42,748.00",,NA,,,06/03/2024,03/01/2025,UNCHANGED,N/A,$0.00,0.00%,2026-08-05: $42748.00
Supported Operating System,Resale Option Kit,HPE OCA > DL380 Gen12 SFF [P73282-B21] > Supported Operating System > Resale Option Kit,Software & License,Unlimited,Unlimited,,P46123-AA1,Standard,Microsoft Windows Server 2022 16-core Datacenter Reseller Option Kit Chinese Simplified SW,0,"99,999.00",,NA,,,11/01/2021,05/31/2025,UNCHANGED,N/A,$0.00,0.00%,2026-08-05: $99999.00
Supported Operating System,Resale Option Kit,HPE OCA > DL380 Gen12 SFF [P73282-B21] > Supported Operating System > Resale Option Kit,Software & License,Unlimited,Unlimited,,P46123-AB1,Standard,Microsoft Windows Server 2022 16-core Datacenter Reseller Option Kit Chinese Traditional SW,0,"99,999.00",,NA,,,11/01/2021,05/31/2025,UNCHANGED,N/A,$0.00,0.00%,2026-08-05: $99999.00
Supported Operating System,Resale Option Kit,HPE OCA > DL380 Gen12 SFF [P73282-B21] > Supported Operating System > Resale Option Kit,Software & License,Unlimited,Unlimited,,P46123-371,Standard,Microsoft Windows Server 2022 16-core Datacenter Reseller Option Kit English/Korean/Japanese SW,0,"99,999.00",,NA,,,10/04/2021,05/31/2025,UNCHANGED,N/A,$0.00,0.00%,2026-08-05: $99999.00
Supported Operating System,Resale Option Kit,HPE OCA > DL380 Gen12 SFF [P73282-B21] > Supported Operating System > Resale Option Kit,Software & License,Unlimited,Unlimited,,P46123-021,Standard,Microsoft Windows Server 2022 16-core Datacenter Reseller Option Kit en/cs/pl/ru/sv SW,0,"4,946.00",,NA,,,11/01/2021,05/31/2025,UNCHANGED,N/A,$0.00,0.00%,2026-08-05: $4946.00
Supported Operating System,Resale Option Kit,HPE OCA > DL380 Gen12 SFF [P73282-B21] > Supported Operating System > Resale Option Kit,Software & License,Unlimited,Unlimited,,P46123-DN1,Standard,Microsoft Windows Server 2022 16-core Datacenter Reseller Option Kit en/fr/es/xc SW,0,"99,999.00",,NA,,,10/04/2021,05/31/2025,UNCHANGED,N/A,$0.00,0.00%,2026-08-05: $99999.00
Supported Operating System,Resale Option Kit,HPE OCA > DL380 Gen12 SFF [P73282-B21] > Supported Operating System > Resale Option Kit,Software & License,Unlimited,Unlimited,,P46123-A21,Standard,Microsoft Windows Server 2022 16-core Datacenter Reseller Option Kit en/fr/it/de/es/nl/pt SW,0,"4,946.00",,NA,,,10/04/2021,05/31/2025,UNCHANGED,N/A,$0.00,0.00%,2026-08-05: $4946.00
Supported Operating System,Resale Option Kit,HPE OCA > DL380 Gen12 SFF [P73282-B21] > Supported Operating System > Resale Option Kit,Software & License,Unlimited,Unlimited,,P46128-B21,Standard,Microsoft Windows Server 2022 16-core Datacenter w/Reassignment Reseller Option Kit en/fr/de/es SW,0,"7,260.00",,NA,,,11/01/2021,05/31/2025,UNCHANGED,N/A,$0.00,0.00%,2026-08-05: $7260.00
Supported Operating System,Resale Option Kit,HPE OCA > DL380 Gen12 SFF [P73282-B21] > Supported Operating System > Resale Option Kit,Software & License,Unlimited,Unlimited,,P46128-291,Standard,Microsoft Windows Server 2022 16-core Datacenter with Reassignment Reseller Option Kit Japanese SW,0,"99,999.00",,NA,,,11/01/2021,05/31/2025,UNCHANGED,N/A,$0.00,0.00%,2026-08-05: $99999.00
Supported Operating System,Resale Option Kit,HPE OCA > DL380 Gen12 SFF [P73282-B21] > Supported Operating System > Resale Option Kit,Software & License,Unlimited,Unlimited,,P46171-AA1,Standard,Microsoft Windows Server 2022 16-core Standard Reseller Option Kit Chinese Simplified SW,0,"99,999.00",,NA,,,11/01/2021,05/31/2025,UNCHANGED,N/A,$0.00,0.00%,2026-08-05: $99999.00
Supported Operating System,Resale Option Kit,HPE OCA > DL380 Gen12 SFF [P73282-B21] > Supported Operating System > Resale Option Kit,Software & License,Unlimited,Unlimited,,P46171-AB1,Standard,Microsoft Windows Server 2022 16-core Standard Reseller Option Kit Chinese Traditional SW,0,"99,999.00",,NA,,,11/01/2021,05/31/2025,UNCHANGED,N/A,$0.00,0.00%,2026-08-05: $99999.00
Supported Operating System,Resale Option Kit,HPE OCA > DL380 Gen12 SFF [P73282-B21] > Supported Operating System > Resale Option Kit,Software & License,Unlimited,Unlimited,,P46171-371,Standard,Microsoft Windows Server 2022 16-core Standard Reseller Option Kit English/Korean/Japanese SW,0,"99,999.00",,NA,,,10/04/2021,05/31/2025,UNCHANGED,N/A,$0.00,0.00%,2026-08-05: $99999.00
Supported Operating System,Resale Option Kit,HPE OCA > DL380 Gen12 SFF [P73282-B21] > Supported Operating System > Resale Option Kit,Software & License,Unlimited,Unlimited,,P46171-021,Standard,Microsoft Windows Server 2022 16-core Standard Reseller Option Kit en/cs/pl/ru/sv SW,0,988.00,,NA,,,11/01/2021,05/31/2025,UNCHANGED,N/A,$0.00,0.00%,2026-08-05: $988.00
Supported Operating System,Resale Option Kit,HPE OCA > DL380 Gen12 SFF [P73282-B21] > Supported Operating System > Resale Option Kit,Software & License,Unlimited,Unlimited,,P46171-DN1,Standard,Microsoft Windows Server 2022 16-core Standard Reseller Option Kit en/fr/es/xc SW,0,"99,999.00",,NA,,,10/04/2021,05/31/2025,UNCHANGED,N/A,$0.00,0.00%,2026-08-05: $99999.00
Supported Operating System,Resale Option Kit,HPE OCA > DL380 Gen12 SFF [P73282-B21] > Supported Operating System > Resale Option Kit,Software & License,Unlimited,Unlimited,,P46171-A21,Standard,Microsoft Windows Server 2022 16-core Standard Reseller Option Kit en/fr/it/de/es/nl/pt SW,0,948.00,,NA,,,10/04/2021,05/31/2025,UNCHANGED,N/A,$0.00,0.00%,2026-08-05: $948.00
Supported Operating System,Resale Option Kit,HPE OCA > DL380 Gen12 SFF [P73282-B21] > Supported Operating System > Resale Option Kit,Base Support (Mandatory),Unlimited,Unlimited,,S6L39A,Standard,Microsoft Windows Server 2025 10-core Essentials Reseller Option Kit WW ESD LTU,0,445.00,,NA,,,09/02/2025,11/30/2027,UNCHANGED,N/A,$0.00,0.00%,2026-08-05: $445.00
Supported Operating System,Resale Option Kit,HPE OCA > DL380 Gen12 SFF [P73282-B21] > Supported Operating System > Resale Option Kit,Software & License,Unlimited,Unlimited,,P77102-291,Standard,Microsoft Windows Server 2025 16-core Datacenter Reassignment Reseller Option Kit Japanese SW,0,NA,,NA,,,12/02/2024,01/31/2027,UNCHANGED,N/A,$0.00,0.00%,2026-08-05: $0.00
Supported Operating System,Resale Option Kit,HPE OCA > DL380 Gen12 SFF [P73282-B21] > Supported Operating System > Resale Option Kit,Software & License,Unlimited,Unlimited,,S6L37A,Standard,Microsoft Windows Server 2025 16-core Datacenter Reassignment Reseller Option Kit WW ESD LTU,0,"7,733.00",,NA,,,09/02/2025,11/30/2027,UNCHANGED,N/A,$0.00,0.00%,2026-08-05: $7733.00
Supported Operating System,Resale Option Kit,HPE OCA > DL380 Gen12 SFF [P73282-B21] > Supported Operating System > Resale Option Kit,Software & License,Unlimited,Unlimited,,P77102-B21,Standard,Microsoft Windows Server 2025 16-core Datacenter Reassignment Reseller Option Kit en/fr/de/es SW,0,"7,733.00",,NA,,,12/02/2024,01/31/2027,UNCHANGED,N/A,$0.00,0.00%,2026-08-05: $7733.00
Supported Operating System,Resale Option Kit,HPE OCA > DL380 Gen12 SFF [P73282-B21] > Supported Operating System > Resale Option Kit,Software & License,Unlimited,Unlimited,,P77101-AA1,Standard,Microsoft Windows Server 2025 16-core Datacenter Reseller Option Kit Chinese Simplified SW,0,NA,,NA,,,12/02/2024,01/31/2027,UNCHANGED,N/A,$0.00,0.00%,2026-08-05: $0.00
Supported Operating System,Resale Option Kit,HPE OCA > DL380 Gen12 SFF [P73282-B21] > Supported Operating System > Resale Option Kit,Software & License,Unlimited,Unlimited,,P77101-AB1,Standard,Microsoft Windows Server 2025 16-core Datacenter Reseller Option Kit Chinese Traditional SW,0,NA,,NA,,,12/02/2024,01/31/2027,UNCHANGED,N/A,$0.00,0.00%,2026-08-05: $0.00
Supported Operating System,Resale Option Kit,HPE OCA > DL380 Gen12 SFF [P73282-B21] > Supported Operating System > Resale Option Kit,Software & License,Unlimited,Unlimited,,P77101-291,Standard,Microsoft Windows Server 2025 16-core Datacenter Reseller Option Kit Japanese SW,0,NA,,NA,,,12/02/2024,01/31/2027,UNCHANGED,N/A,$0.00,0.00%,2026-08-05: $0.00
Supported Operating System,Resale Option Kit,HPE OCA > DL380 Gen12 SFF [P73282-B21] > Supported Operating System > Resale Option Kit,Software & License,Unlimited,Unlimited,,S6L36A,Standard,Microsoft Windows Server 2025 16-core Datacenter Reseller Option Kit WW ESD LTU,0,"5,712.00",,NA,,,09/02/2025,11/30/2027,UNCHANGED,N/A,$0.00,0.00%,2026-08-05: $5712.00
Supported Operating System,Resale Option Kit,HPE OCA > DL380 Gen12 SFF [P73282-B21] > Supported Operating System > Resale Option Kit,Software & License,Unlimited,Unlimited,,P77101-021,Standard,Microsoft Windows Server 2025 16-core Datacenter Reseller Option Kit en/cs/pl/ru/sv SW,0,"5,712.00",,NA,,,12/02/2024,01/31/2027,UNCHANGED,N/A,$0.00,0.00%,2026-08-05: $5712.00
Supported Operating System,Resale Option Kit,HPE OCA > DL380 Gen12 SFF [P73282-B21] > Supported Operating System > Resale Option Kit,Software & License,Unlimited,Unlimited,,P77101-A21,Standard,Microsoft Windows Server 2025 16-core Datacenter Reseller Option Kit en/fr/de/es/it/pt/nl SW,0,"5,712.00",,NA,,,12/02/2024,01/31/2027,UNCHANGED,N/A,$0.00,0.00%,2026-08-05: $5712.00
Supported Operating System,Resale Option Kit,HPE OCA > DL380 Gen12 SFF [P73282-B21] > Supported Operating System > Resale Option Kit,Software & License,Unlimited,Unlimited,,P77101-DN1,Standard,Microsoft Windows Server 2025 16-core Datacenter Reseller Option Kit en/fr/es/xc SW,0,NA,,NA,,,12/02/2024,01/31/2027,UNCHANGED,N/A,$0.00,0.00%,2026-08-05: $0.00
Supported Operating System,Resale Option Kit,HPE OCA > DL380 Gen12 SFF [P73282-B21] > Supported Operating System > Resale Option Kit,Software & License,Unlimited,Unlimited,,P77101-371,Standard,Microsoft Windows Server 2025 16-core Datacenter Reseller Option Kit en/ko SW,0,NA,,NA,,,12/02/2024,01/31/2027,UNCHANGED,N/A,$0.00,0.00%,2026-08-05: $0.00
Supported Operating System,Resale Option Kit,HPE OCA > DL380 Gen12 SFF [P73282-B21] > Supported Operating System > Resale Option Kit,Software & License,Unlimited,Unlimited,,P77100-AA1,Standard,Microsoft Windows Server 2025 16-core Standard Reseller Option Kit Chinese Simplified SW,0,NA,,NA,,,12/02/2024,01/31/2027,UNCHANGED,N/A,$0.00,0.00%,2026-08-05: $0.00
Supported Operating System,Resale Option Kit,HPE OCA > DL380 Gen12 SFF [P73282-B21] > Supported Operating System > Resale Option Kit,Software & License,Unlimited,Unlimited,,P77100-AB1,Standard,Microsoft Windows Server 2025 16-core Standard Reseller Option Kit Chinese Traditional SW,0,NA,,NA,,,12/02/2024,01/31/2027,UNCHANGED,N/A,$0.00,0.00%,2026-08-05: $0.00
Supported Operating System,Resale Option Kit,HPE OCA > DL380 Gen12 SFF [P73282-B21] > Supported Operating System > Resale Option Kit,Software & License,Unlimited,Unlimited,,P77100-291,Standard,Microsoft Windows Server 2025 16-core Standard Reseller Option Kit Japanese SW,0,NA,,NA,,,12/02/2024,01/31/2027,UNCHANGED,N/A,$0.00,0.00%,2026-08-05: $0.00
Supported Operating System,Resale Option Kit,HPE OCA > DL380 Gen12 SFF [P73282-B21] > Supported Operating System > Resale Option Kit,Software & License,Unlimited,Unlimited,,S6L38A,Standard,Microsoft Windows Server 2025 16-core Standard Reseller Option Kit WW ESD LTU,0,"1,147.00",,NA,,,09/02/2025,11/30/2027,UNCHANGED,N/A,$0.00,0.00%,2026-08-05: $1147.00
Supported Operating System,Resale Option Kit,HPE OCA > DL380 Gen12 SFF [P73282-B21] > Supported Operating System > Resale Option Kit,Software & License,Unlimited,Unlimited,,P77100-021,Standard,Microsoft Windows Server 2025 16-core Standard Reseller Option Kit en/cs/pl/ru/sv SW,0,"1,147.00",,NA,,,12/02/2024,01/31/2027,UNCHANGED,N/A,$0.00,0.00%,2026-08-05: $1147.00
Supported Operating System,Resale Option Kit,HPE OCA > DL380 Gen12 SFF [P73282-B21] > Supported Operating System > Resale Option Kit,Software & License,Unlimited,Unlimited,,P77100-A21,Standard,Microsoft Windows Server 2025 16-core Standard Reseller Option Kit en/fr/de/es/it/pt/nl SW,0,"1,147.00",,NA,,,12/02/2024,01/31/2027,UNCHANGED,N/A,$0.00,0.00%,2026-08-05: $1147.00
Supported Operating System,Resale Option Kit,HPE OCA > DL380 Gen12 SFF [P73282-B21] > Supported Operating System > Resale Option Kit,Software & License,Unlimited,Unlimited,,P77100-DN1,Standard,Microsoft Windows Server 2025 16-core Standard Reseller Option Kit en/fr/es/xc SW,0,NA,,NA,,,12/02/2024,01/31/2027,UNCHANGED,N/A,$0.00,0.00%,2026-08-05: $0.00
Supported Operating System,Resale Option Kit,HPE OCA > DL380 Gen12 SFF [P73282-B21] > Supported Operating System > Resale Option Kit,Software & License,Unlimited,Unlimited,,P77100-371,Standard,Microsoft Windows Server 2025 16-core Standard Reseller Option Kit en/ko SW,0,NA,,NA,,,12/02/2024,01/31/2027,UNCHANGED,N/A,$0.00,0.00%,2026-08-05: $0.00
Supported Operating System,SUSE containers,HPE OCA > DL380 Gen12 SFF [P73282-B21] > Supported Operating System > SUSE containers,Software & License,Unlimited,Unlimited,,S0E93AAE,Standard,SUSE Linux Enterprise Micro 1-16 Cores 1-year Subscription 24x7 Support E-LTU,0,322.00,,NA,,,10/03/2022,09/30/2027,UNCHANGED,N/A,$0.00,0.00%,2026-08-05: $322.00
Supported Operating System,SUSE containers,HPE OCA > DL380 Gen12 SFF [P73282-B21] > Supported Operating System > SUSE containers,Software & License,Unlimited,Unlimited,,S0E94AAE,Standard,SUSE Linux Enterprise Micro 1-16 Cores 3-year Subscription 24x7 Support E-LTU,0,870.00,,NA,,,10/03/2022,09/30/2027,UNCHANGED,N/A,$0.00,0.00%,2026-08-05: $870.00
Supported Operating System,SUSE containers,HPE OCA > DL380 Gen12 SFF [P73282-B21] > Supported Operating System > SUSE containers,Software & License,Unlimited,Unlimited,,S0E95AAE,Standard,SUSE Linux Enterprise Micro 1-16 Cores 5-year Subscription 24x7 Support E-LTU,0,"1,451.00",,NA,,,10/03/2022,09/30/2027,UNCHANGED,N/A,$0.00,0.00%,2026-08-05: $1451.00
Supported Operating System,SUSE Linux Enterprise Server,HPE OCA > DL380 Gen12 SFF [P73282-B21] > Supported Operating System > SUSE Linux Enterprise Server,Software & License,Unlimited,Unlimited,,M6K30A,Standard,SUSE Linux Enterprise Server SAP 1-2 Sockets or 1-2 VM 3 Year Subscription 24x7 Support Flx LTU,0,"7,803.00",,NA,,,06/01/2015,03/02/2026,UNCHANGED,N/A,$0.00,0.00%,2026-08-05: $7803.00
Supported Operating System,SUSE Linux Enterprise Server,HPE OCA > DL380 Gen12 SFF [P73282-B21] > Supported Operating System > SUSE Linux Enterprise Server,Software & License,Unlimited,Unlimited,,M6K32A,Standard,SUSE Linux Enterprise Server SAP 1-2 Sockets or 1-2 VM 5 Year Subscription 24x7 Support Flx LTU,0,"13,005.00",,NA,,,06/01/2015,03/02/2026,UNCHANGED,N/A,$0.00,0.00%,2026-08-05: $13005.00
Supported Operating System,SUSE Linux Enterprise Server,HPE OCA > DL380 Gen12 SFF [P73282-B21] > Supported Operating System > SUSE Linux Enterprise Server,Software & License,Unlimited,Unlimited,,S3R49A,Standard,SUSE Linux Enterprise Server w/SUSE Manager Lifecycle Management+ 1-2 Sockets/1-2 VM 3yr 24x7 LTU,0,"4,399.00",,NA,,,05/06/2024,03/02/2026,UNCHANGED,N/A,$0.00,0.00%,2026-08-05: $4399.00
Supported Operating System,SUSE Linux Enterprise Server,HPE OCA > DL380 Gen12 SFF [P73282-B21] > Supported Operating System > SUSE Linux Enterprise Server,Software & License,Unlimited,Unlimited,,S3R49AAE,Standard,SUSE Linux Enterprise Server w/SUSE Manager Lifecycle Management+ 1-2 Sockets/1-2 VM 3yr 24x7 E-LTU,0,"4,399.00",,NA,,,05/06/2024,03/02/2026,UNCHANGED,N/A,$0.00,0.00%,2026-08-05: $4399.00
Supported Operating System,SUSE Linux Enterprise Server,HPE OCA > DL380 Gen12 SFF [P73282-B21] > Supported Operating System > SUSE Linux Enterprise Server,Software & License,Unlimited,Unlimited,,S3R50A,Standard,SUSE Linux Enterprise Server w/SUSE Manager Lifecycle Management+ 1-2 Sockets/1-2 VM 1yr 24x7 LTU,0,"1,599.00",,NA,,,05/06/2024,03/02/2026,UNCHANGED,N/A,$0.00,0.00%,2026-08-05: $1599.00
Supported Operating System,SUSE Linux Enterprise Server,HPE OCA > DL380 Gen12 SFF [P73282-B21] > Supported Operating System > SUSE Linux Enterprise Server,Software & License,Unlimited,Unlimited,,S3R50AAE,Standard,SUSE Linux Enterprise Server w/SUSE Manager Lifecycle Management+ 1-2 Sockets/1-2 VM 1yr 24x7 E-LTU,0,"1,599.00",,NA,,,05/06/2024,03/02/2026,UNCHANGED,N/A,$0.00,0.00%,2026-08-05: $1599.00
Supported Operating System,SUSE Linux Enterprise Server,HPE OCA > DL380 Gen12 SFF [P73282-B21] > Supported Operating System > SUSE Linux Enterprise Server,Software & License,Unlimited,Unlimited,,S3R51A,Standard,SUSE Linux Enterprise Server w/SUSE Manager Lifecycle Management+ 1-2 Sockets/1-2 VM 1yr 9x5 LTU,0,"1,099.00",,NA,,,05/06/2024,03/02/2026,UNCHANGED,N/A,$0.00,0.00%,2026-08-05: $1099.00
Supported Operating System,SUSE Linux Enterprise Server,HPE OCA > DL380 Gen12 SFF [P73282-B21] > Supported Operating System > SUSE Linux Enterprise Server,Software & License,Unlimited,Unlimited,,S3R51AAE,Standard,SUSE Linux Enterprise Server w/SUSE Manager Lifecycle Management+ 1-2 Sockets/1-2 VM 1yr 9x5 E-LTU,0,"1,099.00",,NA,,,05/06/2024,03/02/2026,UNCHANGED,N/A,$0.00,0.00%,2026-08-05: $1099.00
Supported Operating System,SUSE Linux Enterprise Server,HPE OCA > DL380 Gen12 SFF [P73282-B21] > Supported Operating System > SUSE Linux Enterprise Server,Software & License,Unlimited,Unlimited,,S3R52A,Standard,SUSE Linux Enterprise Server w/SUSE Manager Lifecycle Management+ 1-2 Sockets/1-2 VM 5yr 24x7 LTU,0,"7,196.00",,NA,,,05/06/2024,03/02/2026,UNCHANGED,N/A,$0.00,0.00%,2026-08-05: $7196.00
Supported Operating System,SUSE Linux Enterprise Server,HPE OCA > DL380 Gen12 SFF [P73282-B21] > Supported Operating System > SUSE Linux Enterprise Server,Software & License,Unlimited,Unlimited,,S3R52AAE,Standard,SUSE Linux Enterprise Server w/SUSE Manager Lifecycle Management+ 1-2 Sockets/1-2 VM 5yr 24x7 E-LTU,0,"7,196.00",,NA,,,05/06/2024,03/02/2026,UNCHANGED,N/A,$0.00,0.00%,2026-08-05: $7196.00
Supported Operating System,SUSE Linux Enterprise Server,HPE OCA > DL380 Gen12 SFF [P73282-B21] > Supported Operating System > SUSE Linux Enterprise Server,Software & License,Unlimited,Unlimited,,S3R53A,Standard,SUSE Linux Enterprise Server w/SUSE Manager Lifecycle Management+ 1-2 Sockets/1-2 VM 3yr 9x5 LTU,0,"2,990.00",,NA,,,05/06/2024,03/02/2026,UNCHANGED,N/A,$0.00,0.00%,2026-08-05: $2990.00
Supported Operating System,SUSE Linux Enterprise Server,HPE OCA > DL380 Gen12 SFF [P73282-B21] > Supported Operating System > SUSE Linux Enterprise Server,Software & License,Unlimited,Unlimited,,S3R53AAE,Standard,SUSE Linux Enterprise Server w/SUSE Manager Lifecycle Management+ 1-2 Sockets/1-2 VM 3yr 9x5 E-LTU,0,"2,990.00",,NA,,,05/06/2024,03/02/2026,UNCHANGED,N/A,$0.00,0.00%,2026-08-05: $2990.00
Supported Operating System,SUSE Linux Enterprise Server,HPE OCA > DL380 Gen12 SFF [P73282-B21] > Supported Operating System > SUSE Linux Enterprise Server,Software & License,Unlimited,Unlimited,,S3R54A,Standard,SUSE Linux Enterprise Server w/SUSE Manager Lifecycle Management+ 1-2 Sockets/1-2 VM 5yr 9x5 LTU,0,"4,946.00",,NA,,,05/06/2024,03/02/2026,UNCHANGED,N/A,$0.00,0.00%,2026-08-05: $4946.00
Supported Operating System,SUSE Linux Enterprise Server,HPE OCA > DL380 Gen12 SFF [P73282-B21] > Supported Operating System > SUSE Linux Enterprise Server,Software & License,Unlimited,Unlimited,,S3R54AAE,Standard,SUSE Linux Enterprise Server w/SUSE Manager Lifecycle Management+ 1-2 Sockets/1-2 VM 5yr 9x5 E-LTU,0,"4,946.00",,NA,,,05/06/2024,03/02/2026,UNCHANGED,N/A,$0.00,0.00%,2026-08-05: $4946.00
Supported Operating System,SUSE Linux Enterprise Server,HPE OCA > DL380 Gen12 SFF [P73282-B21] > Supported Operating System > SUSE Linux Enterprise Server,Software & License,Unlimited,Unlimited,,S3R55AAE,Standard,SUSE Linux Enterprise Server 1-2 Sockets 3-year 24x7 E-LTU,0,"3,507.00",,NA,,,05/06/2024,03/02/2026,UNCHANGED,N/A,$0.00,0.00%,2026-08-05: $3507.00
Supported Operating System,SUSE Linux Enterprise Server,HPE OCA > DL380 Gen12 SFF [P73282-B21] > Supported Operating System > SUSE Linux Enterprise Server,Software & License,Unlimited,Unlimited,,S3R56AAE,Standard,SUSE Linux Enterprise Server 1-2 Sockets 1-year 24x7 E-LTU,0,"1,299.00",,NA,,,05/06/2024,03/02/2026,UNCHANGED,N/A,$0.00,0.00%,2026-08-05: $1299.00
Supported Operating System,SUSE Linux Enterprise Server,HPE OCA > DL380 Gen12 SFF [P73282-B21] > Supported Operating System > SUSE Linux Enterprise Server,Software & License,Unlimited,Unlimited,,S3R57AAE,Standard,SUSE Linux Enterprise Server 1 Virtual Machine 3-year 24x7 E-LTU,0,"1,887.00",,NA,,,05/06/2024,03/02/2026,UNCHANGED,N/A,$0.00,0.00%,2026-08-05: $1887.00
Supported Operating System,SUSE Linux Enterprise Server,HPE OCA > DL380 Gen12 SFF [P73282-B21] > Supported Operating System > SUSE Linux Enterprise Server,Software & License,Unlimited,Unlimited,,S3R58AAE,Standard,SUSE Linux Enterprise Server 1 Virtual Machine 1-year 24x7 E-LTU,0,699.00,,NA,,,05/06/2024,03/02/2026,UNCHANGED,N/A,$0.00,0.00%,2026-08-05: $699.00
Supported Operating System,SUSE Linux Enterprise Server,HPE OCA > DL380 Gen12 SFF [P73282-B21] > Supported Operating System > SUSE Linux Enterprise Server,Software & License,Unlimited,Unlimited,,S3R59AAE,Standard,SUSE Linux Enterprise Server 1 Virtual Machine 5-year 24x7 E-LTU,0,"3,146.00",,NA,,,05/06/2024,03/02/2026,UNCHANGED,N/A,$0.00,0.00%,2026-08-05: $3146.00
Supported Operating System,SUSE Linux Enterprise Server,HPE OCA > DL380 Gen12 SFF [P73282-B21] > Supported Operating System > SUSE Linux Enterprise Server,Software & License,Unlimited,Unlimited,,S3R60AAE,Standard,SUSE Linux Enterprise Server 1-2 Sockets 5-year 24x7 E-LTU,0,"5,846.00",,NA,,,05/06/2024,03/02/2026,UNCHANGED,N/A,$0.00,0.00%,2026-08-05: $5846.00
Supported Operating System,SUSE Linux Enterprise Server,HPE OCA > DL380 Gen12 SFF [P73282-B21] > Supported Operating System > SUSE Linux Enterprise Server,Software & License,Unlimited,Unlimited,,S7N75AAE,Standard,SUSE Linux Enterprise Server for SAP Applications 1-2 Sockets or 1-2 VM 3-year Sub 24x7 Sup E-LTU,0,"7,803.00",,NA,,,03/02/2026,04/30/2028,UNCHANGED,N/A,$0.00,0.00%,2026-08-05: $7803.00
Supported Operating System,SUSE Linux Enterprise Server,HPE OCA > DL380 Gen12 SFF [P73282-B21] > Supported Operating System > SUSE Linux Enterprise Server,Software & License,Unlimited,Unlimited,,S7N76AAE,Standard,SUSE Linux Enterprise Server for SAP Applications 1-2 Sockets or 1-2 VM 5-year Sub 24x7 Sup E-LTU,0,"13,005.00",,NA,,,03/02/2026,04/30/2028,UNCHANGED,N/A,$0.00,0.00%,2026-08-05: $13005.00
Supported Operating System,SUSE Linux Enterprise Server,HPE OCA > DL380 Gen12 SFF [P73282-B21] > Supported Operating System > SUSE Linux Enterprise Server,Software & License,Unlimited,Unlimited,,S7N79AAE,Standard,SUSE Linux Enterprise Server w/SUSE Multi-Linux Mgr Lifecycle Mgmt+ 1-2 Skts/1-2 VM 1yr 24x7 E-LTU,0,"1,599.00",,NA,,,03/02/2026,04/30/2028,UNCHANGED,N/A,$0.00,0.00%,2026-08-05: $1599.00
Supported Operating System,SUSE Linux Enterprise Server,HPE OCA > DL380 Gen12 SFF [P73282-B21] > Supported Operating System > SUSE Linux Enterprise Server,Software & License,Unlimited,Unlimited,,S7N80AAE,Standard,SUSE Linux Enterprise Server w/SUSE Multi-Linux Mgr Lifecycle Mgmt+ 1-2 Skts/1-2 VM 1yr 9x5 E-LTU,0,"1,099.00",,NA,,,03/02/2026,04/30/2028,UNCHANGED,N/A,$0.00,0.00%,2026-08-05: $1099.00
Supported Operating System,SUSE Linux Enterprise Server,HPE OCA > DL380 Gen12 SFF [P73282-B21] > Supported Operating System > SUSE Linux Enterprise Server,Software & License,Unlimited,Unlimited,,S7N81AAE,Standard,SUSE Linux Enterprise Server w/SUSE Multi-Linux Mgr Lifecycle Mgmt+ 1-2 Skts/1-2 VM 3yr 24x7 E-LTU,0,"4,399.00",,NA,,,03/02/2026,04/30/2028,UNCHANGED,N/A,$0.00,0.00%,2026-08-05: $4399.00
Supported Operating System,SUSE Linux Enterprise Server,HPE OCA > DL380 Gen12 SFF [P73282-B21] > Supported Operating System > SUSE Linux Enterprise Server,Software & License,Unlimited,Unlimited,,S7N82AAE,Standard,SUSE Linux Enterprise Server w/SUSE Multi-Linux Mgr Lifecycle Mgmt+ 1-2 Skts/1-2 VM 3yr 9x5 E-LTU,0,"2,990.00",,NA,,,03/02/2026,04/30/2028,UNCHANGED,N/A,$0.00,0.00%,2026-08-05: $2990.00
Supported Operating System,SUSE Linux Enterprise Server,HPE OCA > DL380 Gen12 SFF [P73282-B21] > Supported Operating System > SUSE Linux Enterprise Server,Software & License,Unlimited,Unlimited,,S7N83AAE,Standard,SUSE Linux Enterprise Server w/SUSE Multi-Linux Mgr Lifecycle Mgmt+ 1-2 Skts/1-2 VM 5yr 24x7 E-LTU,0,"7,196.00",,NA,,,03/02/2026,04/30/2028,UNCHANGED,N/A,$0.00,0.00%,2026-08-05: $7196.00
Supported Operating System,SUSE Linux Enterprise Server,HPE OCA > DL380 Gen12 SFF [P73282-B21] > Supported Operating System > SUSE Linux Enterprise Server,Software & License,Unlimited,Unlimited,,S7N84AAE,Standard,SUSE Linux Enterprise Server w/SUSE Multi-Linux Mgr Lifecycle Mgmt+ 1-2 Skts/1-2 VM 5yr 9x5 E-LTU,0,"4,946.00",,NA,,,03/02/2026,04/30/2028,UNCHANGED,N/A,$0.00,0.00%,2026-08-05: $4946.00
Supported Operating System,SUSE Linux Enterprise Server,HPE OCA > DL380 Gen12 SFF [P73282-B21] > Supported Operating System > SUSE Linux Enterprise Server,Software & License,Unlimited,Unlimited,,S7N85A,Standard,SUSE Linux Enterprise Server for SAP Applications 1-2 Sockets or 1-2 VM 3-year Sub 24x7 Support LTU,0,"7,803.00",,NA,,,03/02/2026,04/30/2028,UNCHANGED,N/A,$0.00,0.00%,2026-08-05: $7803.00
Supported Operating System,SUSE Linux Enterprise Server,HPE OCA > DL380 Gen12 SFF [P73282-B21] > Supported Operating System > SUSE Linux Enterprise Server,Software & License,Unlimited,Unlimited,,S7N86A,Standard,SUSE Linux Enterprise Server for SAP Applications 1-2 Sockets or 1-2 VM 5-year Sub 24x7 Support LTU,0,"13,005.00",,NA,,,03/02/2026,04/30/2028,UNCHANGED,N/A,$0.00,0.00%,2026-08-05: $13005.00
Supported Operating System,SUSE Linux Enterprise Server,HPE OCA > DL380 Gen12 SFF [P73282-B21] > Supported Operating System > SUSE Linux Enterprise Server,Software & License,Unlimited,Unlimited,,S7N89A,Standard,SUSE Linux Enterprise Server w/SUSE Multi-Linux Mgr Lifecycle Mgmt+ 1-2 Skts/1-2 VM 1yr 24x7 LTU,0,"1,599.00",,NA,,,03/02/2026,04/30/2028,UNCHANGED,N/A,$0.00,0.00%,2026-08-05: $1599.00
Supported Operating System,SUSE Linux Enterprise Server,HPE OCA > DL380 Gen12 SFF [P73282-B21] > Supported Operating System > SUSE Linux Enterprise Server,Software & License,Unlimited,Unlimited,,S7N90A,Standard,SUSE Linux Enterprise Server w/SUSE Multi-Linux Mgr Lifecycle Mgmt+ 1-2 Skts/1-2 VM 1yr 9x5 LTU,0,"1,099.00",,NA,,,03/02/2026,04/30/2028,UNCHANGED,N/A,$0.00,0.00%,2026-08-05: $1099.00
Supported Operating System,SUSE Linux Enterprise Server,HPE OCA > DL380 Gen12 SFF [P73282-B21] > Supported Operating System > SUSE Linux Enterprise Server,Software & License,Unlimited,Unlimited,,S7N91A,Standard,SUSE Linux Enterprise Server w/SUSE Multi-Linux Mgr Lifecycle Mgmt+ 1-2 Skts/1-2 VM 3yr 24x7 LTU,0,"4,399.00",,NA,,,03/02/2026,04/30/2028,UNCHANGED,N/A,$0.00,0.00%,2026-08-05: $4399.00
Supported Operating System,SUSE Linux Enterprise Server,HPE OCA > DL380 Gen12 SFF [P73282-B21] > Supported Operating System > SUSE Linux Enterprise Server,Software & License,Unlimited,Unlimited,,S7N92A,Standard,SUSE Linux Enterprise Server w/SUSE Multi-Linux Mgr Lifecycle Mgmt+ 1-2 Skts/1-2 VM 3yr 9x5 LTU,0,"2,990.00",,NA,,,03/02/2026,04/30/2028,UNCHANGED,N/A,$0.00,0.00%,2026-08-05: $2990.00
Supported Operating System,SUSE Linux Enterprise Server,HPE OCA > DL380 Gen12 SFF [P73282-B21] > Supported Operating System > SUSE Linux Enterprise Server,Software & License,Unlimited,Unlimited,,S7N93A,Standard,SUSE Linux Enterprise Server w/SUSE Multi-Linux Mgr Lifecycle Mgmt+ 1-2 Skts/1-2 VM 5yr 24x7 LTU,0,"7,196.00",,NA,,,03/02/2026,04/30/2028,UNCHANGED,N/A,$0.00,0.00%,2026-08-05: $7196.00
Supported Operating System,SUSE Linux Enterprise Server,HPE OCA > DL380 Gen12 SFF [P73282-B21] > Supported Operating System > SUSE Linux Enterprise Server,Software & License,Unlimited,Unlimited,,S7N94A,Standard,SUSE Linux Enterprise Server w/SUSE Multi-Linux Mgr Lifecycle Mgmt+ 1-2 Skts/1-2 VM 5yr 9x5 LTU,0,"4,946.00",,NA,,,03/02/2026,04/30/2028,UNCHANGED,N/A,$0.00,0.00%,2026-08-05: $4946.00
Supported Operating System,SUSE Linux Enterprise Server,HPE OCA > DL380 Gen12 SFF [P73282-B21] > Supported Operating System > SUSE Linux Enterprise Server,Software & License,Unlimited,Unlimited,,S7N95AAE,Standard,SUSE Linux Enterprise Server 1-2 Sockets 1-year Subscription 24x7 Support E-LTU,0,"1,299.00",,NA,,,03/02/2026,04/30/2028,UNCHANGED,N/A,$0.00,0.00%,2026-08-05: $1299.00
Supported Operating System,SUSE Linux Enterprise Server,HPE OCA > DL380 Gen12 SFF [P73282-B21] > Supported Operating System > SUSE Linux Enterprise Server,Software & License,Unlimited,Unlimited,,S7N96AAE,Standard,SUSE Linux Enterprise Server 1-2 Sockets 3-year Subscription 24x7 Support E-LTU,0,"3,507.00",,NA,,,03/02/2026,04/30/2028,UNCHANGED,N/A,$0.00,0.00%,2026-08-05: $3507.00
Supported Operating System,SUSE Linux Enterprise Server,HPE OCA > DL380 Gen12 SFF [P73282-B21] > Supported Operating System > SUSE Linux Enterprise Server,Software & License,Unlimited,Unlimited,,S7N97AAE,Standard,SUSE Linux Enterprise Server 1-2 Sockets 5-year Subscription 24x7 Support E-LTU,0,"5,846.00",,NA,,,03/02/2026,04/30/2028,UNCHANGED,N/A,$0.00,0.00%,2026-08-05: $5846.00
Supported Operating System,SUSE Linux Enterprise Server,HPE OCA > DL380 Gen12 SFF [P73282-B21] > Supported Operating System > SUSE Linux Enterprise Server,Software & License,Unlimited,Unlimited,,S7N98AAE,Standard,SUSE Linux Enterprise Server 1 VM 1-year Subscription 24x7 Support E-LTU,0,699.00,,NA,,,03/02/2026,04/30/2028,UNCHANGED,N/A,$0.00,0.00%,2026-08-05: $699.00
Supported Operating System,SUSE Linux Enterprise Server,HPE OCA > DL380 Gen12 SFF [P73282-B21] > Supported Operating System > SUSE Linux Enterprise Server,Software & License,Unlimited,Unlimited,,S7N99AAE,Standard,SUSE Linux Enterprise Server 1 VM 3-year Subscription 24x7 Support E-LTU,0,"1,887.00",,NA,,,03/02/2026,04/30/2028,UNCHANGED,N/A,$0.00,0.00%,2026-08-05: $1887.00
Supported Operating System,SUSE Linux Enterprise Server,HPE OCA > DL380 Gen12 SFF [P73282-B21] > Supported Operating System > SUSE Linux Enterprise Server,Software & License,Unlimited,Unlimited,,S7P00AAE,Standard,SUSE Linux Enterprise Server 1 VM 5-year Subscription 24x7 Support E-LTU,0,"3,146.00",,NA,,,03/02/2026,04/30/2028,UNCHANGED,N/A,$0.00,0.00%,2026-08-05: $3146.00
Supported OS License Pack,Microsoft Windows CAL Packs,HPE OCA > DL380 Gen12 SFF [P73282-B21] > Supported OS License Pack > Microsoft Windows CAL Packs,Software & License,Unlimited,Unlimited,,P46191-AA1,Standard,Microsoft Windows Server 2022 1 User CAL Chinese Simplified LTU,0,"99,999.00",,NA,,,11/01/2021,05/31/2025,UNCHANGED,N/A,$0.00,0.00%,2026-08-05: $99999.00
Supported OS License Pack,Microsoft Windows CAL Packs,HPE OCA > DL380 Gen12 SFF [P73282-B21] > Supported OS License Pack > Microsoft Windows CAL Packs,Software & License,Unlimited,Unlimited,,P46191-B21,Standard,Microsoft Windows Server 2022 1 User CAL en/cs/de/es/fr/it/nl/pl/pt/ru/sv/ko/ja/xc LTU,0,55.00,,NA,,,11/01/2021,05/31/2025,UNCHANGED,N/A,$0.00,0.00%,2026-08-05: $55.00
Supported OS License Pack,Microsoft Windows CAL Packs,HPE OCA > DL380 Gen12 SFF [P73282-B21] > Supported OS License Pack > Microsoft Windows CAL Packs,Software & License,Unlimited,Unlimited,,P46194-B21,Standard,Microsoft Windows Server 2022 1 Device CAL en/cs/de/es/fr/it/nl/pl/pt/ru/sv/ko/ja/xc LTU,0,44.00,,NA,,,11/01/2021,05/31/2025,UNCHANGED,N/A,$0.00,0.00%,2026-08-05: $44.00
Supported OS License Pack,Microsoft Windows CAL Packs,HPE OCA > DL380 Gen12 SFF [P73282-B21] > Supported OS License Pack > Microsoft Windows CAL Packs,Software & License,Unlimited,Unlimited,,P46215-AA1,Standard,Microsoft Windows Server 2022 5 Users CAL Chinese Simplified LTU,0,"99,999.00",,NA,,,11/01/2021,05/31/2025,UNCHANGED,N/A,$0.00,0.00%,2026-08-05: $99999.00
Supported OS License Pack,Microsoft Windows CAL Packs,HPE OCA > DL380 Gen12 SFF [P73282-B21] > Supported OS License Pack > Microsoft Windows CAL Packs,Software & License,Unlimited,Unlimited,,P46215-AB1,Standard,Microsoft Windows Server 2022 5 Users CAL Chinese Traditional LTU,0,"99,999.00",,NA,,,11/01/2021,05/31/2025,UNCHANGED,N/A,$0.00,0.00%,2026-08-05: $99999.00
Supported OS License Pack,Microsoft Windows CAL Packs,HPE OCA > DL380 Gen12 SFF [P73282-B21] > Supported OS License Pack > Microsoft Windows CAL Packs,Software & License,Unlimited,Unlimited,,P46215-B21,Standard,Microsoft Windows Server 2022 5 Users CAL en/cs/de/es/fr/it/nl/pl/pt/ru/sv/ko/ja/xc LTU,0,271.00,,NA,,,11/01/2021,05/31/2025,UNCHANGED,N/A,$0.00,0.00%,2026-08-05: $271.00
Supported OS License Pack,Microsoft Windows CAL Packs,HPE OCA > DL380 Gen12 SFF [P73282-B21] > Supported OS License Pack > Microsoft Windows CAL Packs,Software & License,Unlimited,Unlimited,,P46216-B21,Standard,Microsoft Windows Server 2022 5 Devices CAL en/cs/de/es/fr/it/nl/pl/pt/ru/sv/ko/ja/xc LTU,0,216.00,,NA,,,11/01/2021,05/31/2025,UNCHANGED,N/A,$0.00,0.00%,2026-08-05: $216.00
Supported OS License Pack,Microsoft Windows CAL Packs,HPE OCA > DL380 Gen12 SFF [P73282-B21] > Supported OS License Pack > Microsoft Windows CAL Packs,Software & License,Unlimited,Unlimited,,P46217-B21,Standard,Microsoft Windows Server 2022 10 Users CAL en/cs/de/es/fr/it/nl/pl/pt/ru/sv/ko/ja/xc LTU,0,539.00,,NA,,,11/01/2021,05/31/2025,UNCHANGED,N/A,$0.00,0.00%,2026-08-05: $539.00
Supported OS License Pack,Microsoft Windows CAL Packs,HPE OCA > DL380 Gen12 SFF [P73282-B21] > Supported OS License Pack > Microsoft Windows CAL Packs,Software & License,Unlimited,Unlimited,,P46218-B21,Standard,Microsoft Windows Server 2022 10 Devices CAL en/cs/de/es/fr/it/nl/pl/pt/ru/sv/ko/ja/xc LTU,0,429.00,,NA,,,11/01/2021,05/31/2025,UNCHANGED,N/A,$0.00,0.00%,2026-08-05: $429.00
Supported OS License Pack,Microsoft Windows CAL Packs,HPE OCA > DL380 Gen12 SFF [P73282-B21] > Supported OS License Pack > Microsoft Windows CAL Packs,Software & License,Unlimited,Unlimited,,P46219-B21,Standard,Microsoft Windows Server 2022 50 Users CAL en/cs/de/es/fr/it/nl/pl/pt/ru/sv/ko/ja/xc LTU,0,"2,695.00",,NA,,,11/01/2021,05/31/2025,UNCHANGED,N/A,$0.00,0.00%,2026-08-05: $2695.00
Supported OS License Pack,Microsoft Windows CAL Packs,HPE OCA > DL380 Gen12 SFF [P73282-B21] > Supported OS License Pack > Microsoft Windows CAL Packs,Software & License,Unlimited,Unlimited,,P46220-B21,Standard,Microsoft Windows Server 2022 50 Devices CAL en/cs/de/es/fr/it/nl/pl/pt/ru/sv/ko/ja/xc LTU,0,"2,145.00",,NA,,,11/01/2021,05/31/2025,UNCHANGED,N/A,$0.00,0.00%,2026-08-05: $2145.00
Supported OS License Pack,Microsoft Windows CAL Packs,HPE OCA > DL380 Gen12 SFF [P73282-B21] > Supported OS License Pack > Microsoft Windows CAL Packs,Software & License,Unlimited,Unlimited,,P46221-B21,Standard,Microsoft Windows Server 2022 RDS 5 Users CAL en/cs/de/es/fr/it/nl/pl/pt/ru/sv/ko/ja/xc LTU,0,935.00,,NA,,,11/01/2021,05/31/2025,UNCHANGED,N/A,$0.00,0.00%,2026-08-05: $935.00
Supported OS License Pack,Microsoft Windows CAL Packs,HPE OCA > DL380 Gen12 SFF [P73282-B21] > Supported OS License Pack > Microsoft Windows CAL Packs,Software & License,Unlimited,Unlimited,,P46222-B21,Standard,Microsoft Windows Server 2022 RDS 5 Devices CAL en/cs/de/es/fr/it/nl/pl/pt/ru/sv/ko/ja/xc LTU,0,880.00,,NA,,,11/01/2021,05/31/2025,UNCHANGED,N/A,$0.00,0.00%,2026-08-05: $880.00
Supported OS License Pack,Microsoft Windows CAL Packs,HPE OCA > DL380 Gen12 SFF [P73282-B21] > Supported OS License Pack > Microsoft Windows CAL Packs,Software & License,Unlimited,Unlimited,,P77110-AA1,Standard,Microsoft Windows Server 2025 1 User CAL Chinese Simplified LTU,0,NA,,NA,,,12/02/2024,11/30/2027,UNCHANGED,N/A,$0.00,0.00%,2026-08-05: $0.00
Supported OS License Pack,Microsoft Windows CAL Packs,HPE OCA > DL380 Gen12 SFF [P73282-B21] > Supported OS License Pack > Microsoft Windows CAL Packs,Software & License,Unlimited,Unlimited,,P77110-B21,Standard,Microsoft Windows Server 2025 1 User CAL WW LTU,0,72.00,,NA,,,12/02/2024,11/30/2027,UNCHANGED,N/A,$0.00,0.00%,2026-08-05: $72.00
Supported OS License Pack,Microsoft Windows CAL Packs,HPE OCA > DL380 Gen12 SFF [P73282-B21] > Supported OS License Pack > Microsoft Windows CAL Packs,Software & License,Unlimited,Unlimited,,P77111-B21,Standard,Microsoft Windows Server 2025 1 Device CAL WW LTU,0,52.00,,NA,,,12/02/2024,11/30/2027,UNCHANGED,N/A,$0.00,0.00%,2026-08-05: $52.00
Supported OS License Pack,Microsoft Windows CAL Packs,HPE OCA > DL380 Gen12 SFF [P73282-B21] > Supported OS License Pack > Microsoft Windows CAL Packs,Software & License,Unlimited,Unlimited,,P77112-AA1,Standard,Microsoft Windows Server 2025 5 Users CAL Chinese Simplified LTU,0,NA,,NA,,,12/02/2024,11/30/2027,UNCHANGED,N/A,$0.00,0.00%,2026-08-05: $0.00
Supported OS License Pack,Microsoft Windows CAL Packs,HPE OCA > DL380 Gen12 SFF [P73282-B21] > Supported OS License Pack > Microsoft Windows CAL Packs,Software & License,Unlimited,Unlimited,,P77112-AB1,Standard,Microsoft Windows Server 2025 5 Users CAL Chinese Traditional LTU,0,NA,,NA,,,12/02/2024,11/30/2027,UNCHANGED,N/A,$0.00,0.00%,2026-08-05: $0.00
Supported OS License Pack,Microsoft Windows CAL Packs,HPE OCA > DL380 Gen12 SFF [P73282-B21] > Supported OS License Pack > Microsoft Windows CAL Packs,Software & License,Unlimited,Unlimited,,P77112-B21,Standard,Microsoft Windows Server 2025 5 Users CAL WW LTU,0,322.00,,NA,,,12/02/2024,11/30/2027,UNCHANGED,N/A,$0.00,0.00%,2026-08-05: $322.00
Supported OS License Pack,Microsoft Windows CAL Packs,HPE OCA > DL380 Gen12 SFF [P73282-B21] > Supported OS License Pack > Microsoft Windows CAL Packs,Software & License,Unlimited,Unlimited,,P77113-B21,Standard,Microsoft Windows Server 2025 5 Devices CAL WW LTU,0,226.00,,NA,,,12/02/2024,11/30/2027,UNCHANGED,N/A,$0.00,0.00%,2026-08-05: $226.00
Supported OS License Pack,Microsoft Windows CAL Packs,HPE OCA > DL380 Gen12 SFF [P73282-B21] > Supported OS License Pack > Microsoft Windows CAL Packs,Software & License,Unlimited,Unlimited,,P77114-B21,Standard,Microsoft Windows Server 2025 10 Users CAL WW LTU,0,636.00,,NA,,,12/02/2024,11/30/2027,UNCHANGED,N/A,$0.00,0.00%,2026-08-05: $636.00
Supported OS License Pack,Microsoft Windows CAL Packs,HPE OCA > DL380 Gen12 SFF [P73282-B21] > Supported OS License Pack > Microsoft Windows CAL Packs,Software & License,Unlimited,Unlimited,,P77115-B21,Standard,Microsoft Windows Server 2025 10 Devices CAL WW LTU,0,444.00,,NA,,,12/02/2024,11/30/2027,UNCHANGED,N/A,$0.00,0.00%,2026-08-05: $444.00
Supported OS License Pack,Microsoft Windows CAL Packs,HPE OCA > DL380 Gen12 SFF [P73282-B21] > Supported OS License Pack > Microsoft Windows CAL Packs,Software & License,Unlimited,Unlimited,,P77116-B21,Standard,Microsoft Windows Server 2025 50 Users CAL WW LTU,0,"3,143.00",,NA,,,12/02/2024,11/30/2027,UNCHANGED,N/A,$0.00,0.00%,2026-08-05: $3143.00
Supported OS License Pack,Microsoft Windows CAL Packs,HPE OCA > DL380 Gen12 SFF [P73282-B21] > Supported OS License Pack > Microsoft Windows CAL Packs,Software & License,Unlimited,Unlimited,,P77117-B21,Standard,Microsoft Windows Server 2025 50 Devices CAL WW LTU,0,"2,184.00",,NA,,,12/02/2024,11/30/2027,UNCHANGED,N/A,$0.00,0.00%,2026-08-05: $2184.00
Supported OS License Pack,Microsoft Windows CAL Packs,HPE OCA > DL380 Gen12 SFF [P73282-B21] > Supported OS License Pack > Microsoft Windows CAL Packs,Software & License,Unlimited,Unlimited,,P77118-B21,Standard,Microsoft Windows Server 2025 Remote Desktop Service 1 User CAL WW LTU,0,280.00,,NA,,,12/02/2024,11/30/2027,UNCHANGED,N/A,$0.00,0.00%,2026-08-05: $280.00
Supported OS License Pack,Microsoft Windows CAL Packs,HPE OCA > DL380 Gen12 SFF [P73282-B21] > Supported OS License Pack > Microsoft Windows CAL Packs,Software & License,Unlimited,Unlimited,,P77119-B21,Standard,Microsoft Windows Server 2025 Remote Desktop Service 1 Device CAL WW LTU,0,201.00,,NA,,,12/02/2024,11/30/2027,UNCHANGED,N/A,$0.00,0.00%,2026-08-05: $201.00
Supported OS License Pack,Microsoft Windows CAL Packs,HPE OCA > DL380 Gen12 SFF [P73282-B21] > Supported OS License Pack > Microsoft Windows CAL Packs,Software & License,Unlimited,Unlimited,,P77120-B21,Standard,Microsoft Windows Server 2025 Remote Desktop Service 5 Users CAL WW LTU,0,"1,364.00",,NA,,,12/02/2024,11/30/2027,UNCHANGED,N/A,$0.00,0.00%,2026-08-05: $1364.00
Supported OS License Pack,Microsoft Windows CAL Packs,HPE OCA > DL380 Gen12 SFF [P73282-B21] > Supported OS License Pack > Microsoft Windows CAL Packs,Software & License,Unlimited,Unlimited,,P77121-B21,Standard,Microsoft Windows Server 2025 Remote Desktop Service 5 Devices CAL WW LTU,0,974.00,,NA,,,12/02/2024,11/30/2027,UNCHANGED,N/A,$0.00,0.00%,2026-08-05: $974.00
Supported OS License Pack,Microsoft Windows CAL Packs,HPE OCA > DL380 Gen12 SFF [P73282-B21] > Supported OS License Pack > Microsoft Windows CAL Packs,Software & License,Unlimited,Unlimited,,P77122-B21,Standard,Microsoft Windows Server 2025 Remote Desktop Service 50 Users CAL WW LTU,0,"13,566.00",,NA,,,12/02/2024,11/30/2027,UNCHANGED,N/A,$0.00,0.00%,2026-08-05: $13566.00
Supported OS License Pack,Microsoft Windows CAL Packs,HPE OCA > DL380 Gen12 SFF [P73282-B21] > Supported OS License Pack > Microsoft Windows CAL Packs,Software & License,Unlimited,Unlimited,,P77123-B21,Standard,Microsoft Windows Server 2025 Remote Desktop Service 50 Devices CAL WW LTU,0,"9,666.00",,NA,,,12/02/2024,11/30/2027,UNCHANGED,N/A,$0.00,0.00%,2026-08-05: $9666.00
Virtualization,HPE Virtualization,HPE OCA > DL380 Gen12 SFF [P73282-B21] > Virtualization > HPE Virtualization,Base Support (Mandatory),Unlimited,Unlimited,,S5Q81AAE,Standard,HPE Morpheus VM Essentials Software per Socket 1-year E-LTU,0,600.00,,NA,,,12/02/2024,01/31/2028,UNCHANGED,N/A,$0.00,0.00%,2026-08-05: $600.00
Virtualization,HPE Virtualization,HPE OCA > DL380 Gen12 SFF [P73282-B21] > Virtualization > HPE Virtualization,Base Support (Mandatory),Unlimited,Unlimited,,S5Q82AAE,Standard,HPE Morpheus VM Essentials Software per Socket 3-year E-LTU,0,"1,800.00",,NA,,,12/02/2024,01/31/2028,UNCHANGED,N/A,$0.00,0.00%,2026-08-05: $1800.00
Virtualization,HPE Virtualization,HPE OCA > DL380 Gen12 SFF [P73282-B21] > Virtualization > HPE Virtualization,Base Support (Mandatory),Unlimited,Unlimited,,S5Q83AAE,Standard,HPE Morpheus VM Essentials Software per Socket 5-year E-LTU,0,"3,000.00",,NA,,,12/02/2024,01/31/2028,UNCHANGED,N/A,$0.00,0.00%,2026-08-05: $3000.00
Virtualization,Red Hat Enterprise Linux Server-Virtualization,HPE OCA > DL380 Gen12 SFF [P73282-B21] > Virtualization > Red Hat Enterprise Linux Server-Virtualization,Software & License,Unlimited,Unlimited,,S4R31A,Standard,Red Hat Enterprise Linux Virtual Datacenter 2 Sockets 1-year Subscription 24x7 Support LTU,0,"4,839.00",,NA,,,10/07/2024,11/03/2027,UNCHANGED,N/A,$0.00,0.00%,2026-08-05: $4839.00
Virtualization,Red Hat Enterprise Linux Server-Virtualization,HPE OCA > DL380 Gen12 SFF [P73282-B21] > Virtualization > Red Hat Enterprise Linux Server-Virtualization,Software & License,Unlimited,Unlimited,,S4R32A,Standard,Red Hat Enterprise Linux Virtual Datacenter 2 Sockets 3-year Subscription 24x7 Support LTU,0,"14,516.00",,NA,,,10/07/2024,11/03/2027,UNCHANGED,N/A,$0.00,0.00%,2026-08-05: $14516.00
Virtualization,Red Hat Enterprise Linux Server-Virtualization,HPE OCA > DL380 Gen12 SFF [P73282-B21] > Virtualization > Red Hat Enterprise Linux Server-Virtualization,Software & License,Unlimited,Unlimited,,S4R33A,Standard,Red Hat Enterprise Linux Virtual Datacenter 2 Sockets 5-year Subscription 24x7 Support LTU,0,"24,194.00",,NA,,,10/07/2024,11/03/2027,UNCHANGED,N/A,$0.00,0.00%,2026-08-05: $24194.00
Virtualization,Red Hat Enterprise Linux Server-Virtualization,HPE OCA > DL380 Gen12 SFF [P73282-B21] > Virtualization > Red Hat Enterprise Linux Server-Virtualization,Software & License,Unlimited,Unlimited,,S4R34A,Standard,Red Hat Enterprise Linux Virtual Datacenter 2 Sockets 1-year Subscription 9x5 Support LTU,0,"3,024.00",,NA,,,10/07/2024,11/03/2027,UNCHANGED,N/A,$0.00,0.00%,2026-08-05: $3024.00
Virtualization,Red Hat Enterprise Linux Server-Virtualization,HPE OCA > DL380 Gen12 SFF [P73282-B21] > Virtualization > Red Hat Enterprise Linux Server-Virtualization,Software & License,Unlimited,Unlimited,,S4R35A,Standard,Red Hat Enterprise Linux Virtual Datacenter 2 Sockets 3-year Subscription 9x5 Support LTU,0,"9,072.00",,NA,,,10/07/2024,11/03/2027,UNCHANGED,N/A,$0.00,0.00%,2026-08-05: $9072.00
Virtualization,Red Hat Enterprise Linux Server-Virtualization,HPE OCA > DL380 Gen12 SFF [P73282-B21] > Virtualization > Red Hat Enterprise Linux Server-Virtualization,Software & License,Unlimited,Unlimited,,S4R36A,Standard,Red Hat Enterprise Linux Virtual Datacenter 2 Sockets 5-year Subscription 9x5 Support LTU,0,"15,119.00",,NA,,,10/07/2024,11/03/2027,UNCHANGED,N/A,$0.00,0.00%,2026-08-05: $15119.00
Virtualization,Red Hat Enterprise Linux Server-Virtualization,HPE OCA > DL380 Gen12 SFF [P73282-B21] > Virtualization > Red Hat Enterprise Linux Server-Virtualization,Software & License,Unlimited,Unlimited,,S4R37A,Standard,Red Hat Enterprise Linux Server 2 Sockets or 2 Guests 1-year Subscription 24x7 Support LTU,0,"1,429.00",,NA,,,10/07/2024,11/03/2027,UNCHANGED,N/A,$0.00,0.00%,2026-08-05: $1429.00
Virtualization,Red Hat Enterprise Linux Server-Virtualization,HPE OCA > DL380 Gen12 SFF [P73282-B21] > Virtualization > Red Hat Enterprise Linux Server-Virtualization,Software & License,Unlimited,Unlimited,,S4R38A,Standard,Red Hat Enterprise Linux Server 2 Sockets or 2 Guests 3-year Subscription 24x7 Support LTU,0,"4,072.00",,NA,,,10/07/2024,11/03/2027,UNCHANGED,N/A,$0.00,0.00%,2026-08-05: $4072.00
Virtualization,Red Hat Enterprise Linux Server-Virtualization,HPE OCA > DL380 Gen12 SFF [P73282-B21] > Virtualization > Red Hat Enterprise Linux Server-Virtualization,Software & License,Unlimited,Unlimited,,S4R39A,Standard,Red Hat Enterprise Linux Server 2 Sockets or 2 Guests 5-year Subscription 24x7 Support LTU,0,"6,787.00",,NA,,,10/07/2024,11/03/2027,UNCHANGED,N/A,$0.00,0.00%,2026-08-05: $6787.00
Virtualization,Red Hat Enterprise Linux Server-Virtualization,HPE OCA > DL380 Gen12 SFF [P73282-B21] > Virtualization > Red Hat Enterprise Linux Server-Virtualization,Software & License,Unlimited,Unlimited,,S4R40A,Standard,Red Hat Enterprise Linux Server 2 Sockets or 2 Guests 1-year Subscription 9x5 Support LTU,0,879.00,,NA,,,10/07/2024,11/03/2027,UNCHANGED,N/A,$0.00,0.00%,2026-08-05: $879.00
Virtualization,Red Hat Enterprise Linux Server-Virtualization,HPE OCA > DL380 Gen12 SFF [P73282-B21] > Virtualization > Red Hat Enterprise Linux Server-Virtualization,Software & License,Unlimited,Unlimited,,S4R41A,Standard,Red Hat Enterprise Linux Server 2 Sockets or 2 Guests 3-year Subscription 9x5 Support LTU,0,"2,505.00",,NA,,,10/07/2024,11/03/2027,UNCHANGED,N/A,$0.00,0.00%,2026-08-05: $2505.00
Virtualization,Red Hat Enterprise Linux Server-Virtualization,HPE OCA > DL380 Gen12 SFF [P73282-B21] > Virtualization > Red Hat Enterprise Linux Server-Virtualization,Software & License,Unlimited,Unlimited,,S4R42A,Standard,Red Hat Enterprise Linux Server 2 Sockets or 2 Guests 5-year Subscription 9x5 Support LTU,0,"4,175.00",,NA,,,10/07/2024,11/03/2027,UNCHANGED,N/A,$0.00,0.00%,2026-08-05: $4175.00
Virtualization,Red Hat Enterprise Linux Server-Virtualization,HPE OCA > DL380 Gen12 SFF [P73282-B21] > Virtualization > Red Hat Enterprise Linux Server-Virtualization,Software & License,Unlimited,Unlimited,,S4R43A,Standard,Red Hat Enterprise Linux Server 2 Sockets 1 Guest 1-year Subscription 24x7 Support LTU,0,"1,429.00",,NA,,,10/07/2024,11/03/2027,UNCHANGED,N/A,$0.00,0.00%,2026-08-05: $1429.00
Virtualization,Red Hat Enterprise Linux Server-Virtualization,HPE OCA > DL380 Gen12 SFF [P73282-B21] > Virtualization > Red Hat Enterprise Linux Server-Virtualization,Software & License,Unlimited,Unlimited,,S4R44A,Standard,Red Hat Enterprise Linux Server 2 Sockets 1 Guest 1-year Subscription 9x5 Support LTU,0,879.00,,NA,,,10/07/2024,11/03/2027,UNCHANGED,N/A,$0.00,0.00%,2026-08-05: $879.00
Virtualization,Red Hat Enterprise Linux Server-Virtualization,HPE OCA > DL380 Gen12 SFF [P73282-B21] > Virtualization > Red Hat Enterprise Linux Server-Virtualization,Software & License,Unlimited,Unlimited,,S4R45A,Standard,Red Hat Enterprise Linux Server 2 Sockets 4 Guests 1-year Subscription 24x7 Support LTU,0,"2,144.00",,NA,,,10/07/2024,11/03/2027,UNCHANGED,N/A,$0.00,0.00%,2026-08-05: $2144.00
Virtualization,Red Hat Enterprise Linux Server-Virtualization,HPE OCA > DL380 Gen12 SFF [P73282-B21] > Virtualization > Red Hat Enterprise Linux Server-Virtualization,Software & License,Unlimited,Unlimited,,S4R46A,Standard,Red Hat Enterprise Linux Server 2 Sockets 4 Guests 1-year Subscription 9x5 Support LTU,0,"1,319.00",,NA,,,10/07/2024,11/03/2027,UNCHANGED,N/A,$0.00,0.00%,2026-08-05: $1319.00
Virtualization,Red Hat Enterprise Linux Server-Virtualization,HPE OCA > DL380 Gen12 SFF [P73282-B21] > Virtualization > Red Hat Enterprise Linux Server-Virtualization,Software & License,Unlimited,Unlimited,,S4R47A,Standard,Red Hat Enterprise Linux Server 2 Sockets 4 Guests 3-year Subscription 24x7 Support LTU,0,"6,110.00",,NA,,,10/07/2024,11/03/2027,UNCHANGED,N/A,$0.00,0.00%,2026-08-05: $6110.00
Virtualization,Red Hat Enterprise Linux Server-Virtualization,HPE OCA > DL380 Gen12 SFF [P73282-B21] > Virtualization > Red Hat Enterprise Linux Server-Virtualization,Software & License,Unlimited,Unlimited,,S4R48A,Standard,Red Hat Enterprise Linux Server 2 Sockets 4 Guests 3-year Subscription 9x5 Support LTU,0,"3,759.00",,NA,,,10/07/2024,11/03/2027,UNCHANGED,N/A,$0.00,0.00%,2026-08-05: $3759.00
Virtualization,Red Hat Enterprise Linux Server-Virtualization,HPE OCA > DL380 Gen12 SFF [P73282-B21] > Virtualization > Red Hat Enterprise Linux Server-Virtualization,Software & License,Unlimited,Unlimited,,S2G27AAE,Standard,VMware Cloud Foundation Enterprise per CPU 3-year BYOL Support Service,0,"1,948.00",,NA,,,08/07/2023,09/30/2025,UNCHANGED,N/A,$0.00,0.00%,2026-08-05: $1948.00
Virtualization,Red Hat Enterprise Linux Server-Virtualization,HPE OCA > DL380 Gen12 SFF [P73282-B21] > Virtualization > Red Hat Enterprise Linux Server-Virtualization,Software & License,Unlimited,Unlimited,,S2G28AAE,Standard,VMware Cloud Foundation Enterprise per CPU 5-year BYOL Support Service,0,"2,449.00",,NA,,,08/07/2023,09/30/2025,UNCHANGED,N/A,$0.00,0.00%,2026-08-05: $2449.00
Virtualization,VMware vCloud Products,HPE OCA > DL380 Gen12 SFF [P73282-B21] > Virtualization > VMware vCloud Products,Software & License,Unlimited,Unlimited,Private Product is not valid for current customer account,S4F94AAE,Standard,VMware Cloud Foundation Term per Core 3-year Subscription 24x7 Support E-RTU                       Product is obsolete: S4F94AAEProduct is obsolete: S4F94AAE,0,"1,568.00",,NA,,,07/01/2024,11/04/2025,UNCHANGED,N/A,$0.00,0.00%,2026-08-05: $1568.00
Virtualization,VMware vCloud Products,HPE OCA > DL380 Gen12 SFF [P73282-B21] > Virtualization > VMware vCloud Products,Software & License,Unlimited,Unlimited,Private Product is not valid for current customer account,S4G00AAE,Standard,VMware Cloud Foundation Term per Core 5-year Subscription 24x7 Support E-RTU                       Product is obsolete: S4G00AAEProduct is obsolete: S4G00AAE,0,"2,637.00",,NA,,,07/01/2024,11/04/2025,UNCHANGED,N/A,$0.00,0.00%,2026-08-05: $2637.00
Virtualization,VMware vCloud Products,HPE OCA > DL380 Gen12 SFF [P73282-B21] > Virtualization > VMware vCloud Products,Software & License,Unlimited,Unlimited,Private Product is not valid for current customer account,S4R76AAE,Standard,VMware Cloud Foundation Term per Core 1-year 24x7 E-RTU,0,519.00,,NA,,,08/05/2024,09/06/2028,UNCHANGED,N/A,$0.00,0.00%,2026-08-05: $519.00
